text,label
Joe Biden called us garbage as Trump supporters So Trump did a press conference from a garbage truck Ultimate Troll,2
The pheasants could hear that clown show on the march and took off faster than Biden heading to an all you can eat ice cream feast at a daycare,2
The greatest incompetence of all is you Mr Donald Trump,2
a naked dwarf pygmy went on a rampage in New York City assaulting people with a metal pole and destroying property Kamala Harris Garbage Recycling America,0
An unhinged Biden wonders why he was removed from the DEM ticket You got your ass kicked in the debate LOSER,2
Shes correct The Harris Biden day one border policy failures,2
Trump epically trolls Biden as he pulls up in a garbage truck How do you like my garbage truck This truck is in honor of Kamala and Joe Biden,1
She watched and lied about Biden cognitive decline get your head out of the sand She could have voiced her opinion at any time and she didnt she is a follower an order taker Look in the mirror she locked up people that looked just like you in the thousands One mom,2
Biden embraced you amp the Israeli people immediately after The least you can do for him is to stop the killing in Gaza until after the election We all know you want Trump to win but dont you owe Biden some loyalty for standing by you Come on,2
finally admits she is Joe Biden after all,1
Obama looks talks and thinks like hes covered in rust Joe Biden definitely isnt the only one in decline even if its a lot more dramatic in his case,2
Just got a text from the registrar of voters that told me my ballot was received and counted Heres to eight years of President Kamala Harris VP Tim Walz and a Democratic Senate and Congress And California I sg if you dont pass Prop,1
WHEN PRESIDENT ELECT KAMALA HARRIS AND VICE PRESIDENT ELECT TIM WALZ WIN GET DONALD TRUMP BACK TOO NEW YORK YOU ARE A FELON DONALD TRUMP PUT IN PRISION,2
Kamala is responsible for Biden calling the majority of Americans garbage She did after all lie about Joes mental competence Everything else you mentioned she stole from Trump or Vance they have sent her a MAGA hat She even voted against child tax credit as a senator,2
Simply shows how little those prizes mean and how much theyve been corrupted None of those first three did anything except hold political positions academia agreed with Not even that Kamala and Biden dont hold any positions they just facilitated the left position,1
Birds of a feather flock together The party of certified genii Biden Harris Walz Cuban AOC,1
Source Most MAGA muppets dont bring receipts,2
days before the election Thats so funny lol its a little late dont ya think man If they can convince you to vote for one over the other in the last days because of off of gas well thats a gullible voter and Kamala Harris still couldnt convince them to vote,2
One was a Joke by a comedian Biden actually called Trump supporters garbage Get a clue Geraldo,2
Ironic part is Asheville is the BerkleyAustin of NC Voted to for Biden They even screw their own,1
Look at how Forbes is spinning Bidens baby bite Shame on for covering for this ped,2
"Cry about it, loser. Say hi to your granddaughter once in a while instead of being a DNC shill",0
Video Kamala Harris rally crowd is completely stumped after she tells them to all start shouting their own namesThe moment came after the crowd started a Kamala chantHarris Now I want you to all shout your own names do thatCrowd Awkward silence,1
YES the Biden Administration leaks like a sieve with an hour of any Israeli plan to attack Iran being given to the US it would be on the desk of officials in the Iranian Government,2
DONALD TRUMP IS CLINICALLY PROLIFICALLY OBTUSELY DUMB STUPID DISTURBED WE ALL KNOW THAT DONALD TRUMP IS AN EXISTENTIAL PROLIFIC THREATWE ALL KNOW THAT DONALD TRUMP IS PHYSICALLY MENTALLY UNFIT TO LEAD THUS NATION WE ALL KNOW THAT,2
The airwaves are littered with failed right ring politicians peddling conspiracy theories or writing works of fiction masquerading as a memoir When theyre not doing that theyre creeping up the arse Donald Trump and the lunatic fringe of American politics,2
Here we go more lies its not Donald Trumps project He said he hasnt even read it and last I checked the authors of that support you Can you stop telling lies long enough to lose the election,2
LOLLLL UH NOOOO TRUMP IS WAY AHEAD OF HARRIS The people are fed up with the Biden Harris machine They did nothing for the people Democrats are voting for Trump green party members are voting for Trump Independent voters are voting for Trump and Republicans are voting for,1
Repeat after me Biden amp Harris had years in office and fukked everything up,2
He is an absolute candy ass Now according to Biden We are all garbage I love my fellow family members referred to as garbage,2
Bidens divisive rhetoric didnt sit well with hardworking patriots like Leo who felt disrespected Riding in a garbage truck Trump underscored the value of everyday Americans Maybe Biden can take a ride with Leo to apologize come January With GREAT presale,2
Donald Trump will still emerge victorious,1
Yeah That must be it Joe Rogan is skeerd of interviewing Kamala Harris,2
Youre voting for Kamala Harris and you call other people fake Holy shit,2
Uh The BidenHarris administration did nada about the supposed threat of Trump to democracy when it could have been useful,2
Senior adviser to Kamala Harris At least we know who to blame for blowing a billion dollars just to lose to Trump,2
If Biden is fit Trump is fit,1
No it doesnt is just a Propaganda Machine for the Democratic Party Trump is going to win Trump,2
Some Republicans now are trying to counter their prior lies about the government and the BidenHarris Administration,2
My common sense After I saw them conspire with Pelosi Schiff etc al to push Biden out and then that whole demure pictures debacle I said deuces to msm,2
Funny enough I live in Wilmington DE right down the street from where Biden lives and outside the entrance to his neighborhood there are Trump signs,1
I wish But biden voice cmon man,1
RFK Jr is a drugaddled nepobaby with a history of sexual and various other weird scandals If he had actually won the Dem primary youd lambast him as the Kennedy version of Hunter Biden but he lost and traded his endorsement for a cabinet post so now hes a conservative hero,2
what dont you understand Its now a state issue Donald Trump has no plan to ban abortions Your gaslighting and lying is not a good look It reeks of desperation,2
Jill Biden appointed the FEMA director just like the USSS director,1
And Biden didnt do shit either Whats your point,2
Technically biden got zero super delegates votes because he stepped down before the DNC VP Harris however got,1
fuck you ASSHOLES Biden DID NOT HAVE A BAD DEBATE He had a really bad cold In fact he had the same type of cold I had which knocked me on my ass for DAYS The fact that he was able to make it to the debate feeling like SHIT says everything you need to,0
Conservative Democrat here,1
Bullshit cuz Ive consistently said keep it factual Claiming without evidence that Biden isnt President and Kamala Harris is a puppeteer of him behind the scenes is literally a Trump talking point,2
Quite literally why my entire house voted for Donald Trump We voted for the TEAM he surrounded himself with,1
All lies propaganda shit made up by you TRANS MAGA CULT MEMBERS,0
Trump will bring family separation policies Are you serious right now migrant children are missing from the border under BidenHarris and you think Trump will cause separation Give me a break Remember Kamala said she wouldnt change one thing Joe did,2
sad but true even if win WH amp Congress they will still be submissive to GOP on every policies amp laws if Project is what GOP wants DEM should use some of the tactics in P to stop Trump let GOP get a taste of their own plan but DEM doesnt have the balls,2
Rep Mast Thank you for getting the truth out about the evil of the UNRWA and who they really are TRUMP,1
Way off base Biden added just over T Trump Over T Do your homework,1
Correction were bussed in for Kamala Harris,1
It added border agents Mitch McConnell literally said the bill was going to pass until trump said kill the bill I dont want Biden to have a win Theres an actual video of him saying this,1
He was released with K bail They want Trump dead,2
The vibecession is indeed a great example It demonstrates how as GOP radicalized against democracy media capitulated First signs were euphemisms like economic anxiety and now sloganeering vibecession to account for our malaise and mismanagement of info space,1
And close friend of Donald Trump,1
If I was an American I would have been pro Harris but as a Ukrainian Im pro Trump I dont think Harris can somehow resolve our situation hereits just more the same as Biden but Trump may be chaotic so its better for us,1
This is an outrage The BidenHarris administration is forcing Habba to do podcasts rather than helping look for lost children What next,2
You cannot EVER use are where garbage is the subject of a sentence Its an uncountable noun like furniture sunlight etc You can only ever use is The trick is that the supporters only becomes singular possessive after Biden begins the next sentence with his,1
You are garbage if you sit and laugh while men vetted by trump call Puerto Rico a garbage island mock Jews blacks and Mexicans and a presidential nominee a cunt President Biden was correct Jim But you sat silent when young men were sexually assaulted,0
In Donald Trumps father was arrested after a Klan riot in Queens,1
Will Biden and Kamala Harris support a government decapitation in Iran,1
Biden literally fell off a bike,1
Compare that to where the BC Liberals were in Theyd just lost massively They had no distinct vision from the BC NDP and just followed their lead on everything The left set the agenda and there wasnt a real conservative option in the province,1
No surprise you would stick up for that Scumbag Michigan has no integrity or class They think the rules dont apply to them We really shouldnt be shocked Its Michigan Now they will try and play the victims Remember these people voted for Biden and Harris,2
No sniffing Joey,2
Please provide the specific authority VP Kamala Harris was given in order to justify your statement that Harris herself sent the bombs Crucially no such authority is given to her by the US Constitution,1
Its just one in a sea of examples showing why we believe Trump is unfit for a second term in the White House and why this editorial board endorses Kamala Harris for president of the United States,2
Either you are stupid or dishonest but I have seen the early voting numbers and you are getting creamed Biden may have just taken away your last hope of getting your base energized,2
I would go further back to Bill Clinton then George Bush Jr then Barack Obama and now Joe Biden The only president who wasnt against Americans was Donald Trump These other guys sold out America to China and Europe like a cheap whore,2
If the American auto workers of Detroit and Dearborn do not elect Donald Trump they deserve whatever disaster she brings them Its that simple This is the last chance for Michigan really,2
Minutes asks Harris whether it was a mistake for Biden admin to go soft on border VP repeatedly dodges Source Fox News,1
I submit in VP Harris closing remarks she point out th lied when he said if he did not win theelection against President Biden the American ppl will not have a countryWell we do still have a country and th made sure of it,1
yeah but Tiny Timmy Tampon stood behind Bidens comments and Kameltoe didnt condemn what Biden said so until they both do that they cant take the moral high ground,2
Jennifer Lopez Will Speak Perform at Kamala Harris Rally in Nevada,1
If you thought live under Joe Biden was a nightmare wait until either Trump or Harris become President of the Divided States of Israelamerica You are on the path of a rude awakening In the meantime enjoy voting and believing lol,2
Kamala Harris said that if she wins she will make curry chicken for everyone in America,1
Trump just TROLLED the Fuck Out of BidenHarris Trump just proved he can do the dirty work,2
Is that clear enough Shes not Joe Biden or Donald Trump,1
You are obsessed with Donald Trump Ill bet you secretly vote for him,1
Racists are all garbage Yall been saying Fuck Biden fot years,2
MAGA Cult Minion Talks Herself From A Year Sentence Into A Year Sentence For Her Leader Youre a charlatan Judge sentences defiant Tina Peters to years Full video,2
Yay got that wrong you muppet her boss Biden said that there was no problem with Florida You muppets just spew nonsense that some one tells you,2
oh do you mean like Biden didnt say that Trump supporters were garbage AND YET TRUMP AND ALL OF HIS CRONIES blasted out an edit of the video and insisted that he did At this point turnabout is fair play TRUMP HAS NO SCRUPLES and women dont wantneed HIS protection,2
Thats what Biden said blacks werent smart enough to know how to get an id,2
Imagine the government putting in jail one of their enemies That is what the Biden DOJ did,2
My children I am Latina and I am sure that Kamala Harris and Joe Biden made that executive order to tear me apart because I am Latina and because I am a woman,2
AMEN IN GOD ALONE WE TRUST to ALLOW IN ALL HIS SOVEREIGNTY Donald Trump to be our next President,1
Kamala Harris should go on the podcast,1
Joe Biden is sick He needs professional help,2
The Hungarian prime minister VIKTOR ORBAN has said he will open several bottles of champagne if DONALD TRUMP returns to the White House next month underscoring his differences with mainstream European misleaders,1
we have you on record calling biden as the next president,1
correct Without massive censorship and media collusion wed never have had the COVID lockdowns George Floyd riots suppression of the Hunter Biden laptop etc Just shows the power of free speech,1
Terminate the Constitution Even Democrats that have followed Trump last years know THATS not true has always been Kamala is more of the last years gt,1
Opinion Kamala Harriss corporate tax hike would hurt innovation American workers Source The Hill,1
Dems didnt get to vote for Harris in the primariesand therefore shes not a legit candidate BULL When WE VOTED FOR BIDEN in WE VOTED FOR whatever decisions he would makeINCLUDING his ultimate choice to pass the ball to Harris AND WE VOTED FOR to be next at bat,2
Im honored to see Elon Musk with Donald Trump saving America from the most disgusting catastrophic economy and bankruptcy economy collapsed right now Democrats using America taxpayers money Vin FCK Ukraine and Israel war America looks like Haiti country,2
Holden Bloodfeasts next of kin also endorses Kamala Harris as she prepares to draft American kids to fight and perish in wars for Israel and Ukraine,2
He gave us his word as a Biden He said Trump supporters are garbage,2
OMG Biden fell off a bike bet you were OK with that Plus this video is so obviously edited to make it look worse than it is Biden cant even stand up straight and you arent demanding he leave,1
Great watching President Trump Sam Brown and the Hispanic Roundtable make the case for a return to the Trump economy after the disaster of BidenHarris,1
Literally the most popular living politician and likely the most successful of most living peoples lifetimes Though Biden may actually come close when all is said and done,1
We all know what our President Joe Biden Meant We love President Joe Biden The Maga Russia paid traitors spread their filth and should be arrested for treason Their terrorism at the voting cites are actionable,0
Would you rather go on a date with Kamala Harris or spend a night fishing with kier starmer or take a bullet to the knee,2
I vote for the justices I vote for the best Kamala Harris,1
JD Vance amp Joe Rogan JD Vance Wants To Hangout With Hunter Biden,1
No Im still not voting for Kamala Harris Im Black and Ive seen that comedian before he has not changed I have not liked all of his jokes but the election of the President is not about Jokes its about reversing Bidens immigration and foreign policy,1
Yep I think people are still very naive in believing that both sides are part of the System And the Republicans are but the MAGA takeover is not Like Cenk Uyugur for example hes kidding himself Recent post he made,1
LePropaganda at it You just mad Donald Trump said hes not a fan of you on Joe Rogan,2
Al Jazeera English US support for Israel President Biden under increasing pressure via One year of Israels war on Gaza and the US remains Israels biggest ally and largest supplier of arm,1
Kamala Harris Should Do Joe Rogans Podcast Want to win future presidential elections Time to bro out PhotoIllustration Vulture Photos PowerfulJRE via YouTube Deep into Donald Trumps,1
DonOld and Maga are racists,2
Imagine destroying your brand this thoroughly to promote Kamala Harris as a candidate,2
Us elections are not real lol,1
Amazing President Donald Trump,1
You guys are a bunch of s Biden and Harris are incapable of ending the war in Gaza If you want peace then Trump is the man for the job,2
Former President Donald Trumps lawyers filed a suit today in Amarillo federal court claiming CBS Broadcasting and CBS Interactive are siding with Vice President Kamala Harris in this years election,1
I think the movement is more north and west Here in south it feels similar Just more enthusiasm for Harris than there was for Biden,1
Trump Youre crying because youre emotional and Democrats know that Thats how they manipulate you,2
BREAKING Actor Will Smith described support for President Donald Trump as collective insanity Whats your message to Will Smith,1
Breaking Crooked Joe has endorsed Donald J Trump,2
I would be to seeing Biden stab his country in the back,2
Cant say how much I love this man and everything hes done for the country He sweats honor and dignity every day Remember he didnt run in because he had grief to work through that he wouldnt be able to do a good job and look what we got God thanks for Biden,1
If Harris wins the popular amp electoral college amp trump tries this shit of not having electors certified amp trying to get the election thrown to the House Biden amp Harris need to be fucking brutal Like arrest congressmen for treason make Harris pres on last day amp not go brutal,2
Top Bullish Sentiment Cryptos CROWD PG SOL FINE Top Bullish Cryptos MP NEIRO XRP MAGA Check out sentiment and other crypto stats at,1
I knew Biden ate children,2
These disgusting Blue MAGA cultists might as well be chanting GenOCide,2
What First I learned that Donald Trump was not really a McDonalds employee and now youre saying that hes not a trash collector Thats too much for me Im voting for Kamala Harris There,2
Kamala Harris appeared on The View The Howard Stern Show and The Late Show With Stephen Colbert Here are the highlights,1
Oh Im sorry wasnt President Trump the first with boots on the groundwith plenty of help Hes not even Presidentand had no obligation to show upbut he did because thats what leaders do Go back to sleep Joeand take Scamala with youits over Trump for all Americans,2
When did VP Harris say shell do nothing different from Pres Biden Did you dream about it,2
Appeal Dear MAGA patriots who havent voted yet All of you who voted for Trump will have the destruction of America on your conscience They knew he was lying They knew he was cheating They knew he was a dictator They knew about Project They are responsible for a,2
We the people are voting for Trump so he can lock up all the corrupt politicians round up all the pedophiles from our schools deport all the criminal scum that came to America illegally MAGA,2
Thank you for being a respectable JOURNALISTyou asked kamala Harris basic questions and she FAILED again Thank you,1
Clinton Obama amp celebrities campaigning for Harris must make Biden feel all warm amp tingly,1
Biden said that the response in Gaza was over the top yet he allowed Congress to go ahead and authorize billion dollar aid package to Israel billion of it going to Israeli as military aid On top of that his administration has just approved more aid to Israel,2
November th were gonna MAKE AMERICA GREAT AGAIN,1
Harris supporters are so dumb they dont realize this is a joke That said Duh we just hope Biden pissed off enough would be Trump voters to get off their ass amp vote,2
Who voted for Harris Stop repeating what you have heard Did you vote for her What did you know about her until Biden dropped out and the media said she is it Not the people,2
Biden did the same thing he had classified documents in his garage,2
Not everyone agrees with you It was a joke by a comedian not Donald Trump,1
My definition of disaster is different than yours Kamala Harris in general Disaster Vances three hours on Rogan Highly entertaining,2
Where has Biden and Harris been sending money the last years To foreign aid and to fund foreign wars,2
you can be sure that if a conservative had been interviewed that MSM outlet would have edited to be as negative as possible that is why conservatives have taken to releasing their unedited interviews independent of the MSM corporate release,1
How about this You live in a different reality that is based solely on what Donald Trump and his enablers tell you to think You believe it all without a second thought Someday you might realize this but I really have my doubts youll get there hope you prove me wrong,2
He didnt assist it Blue governors held their shelter and mask mandates until he took office then lifted them The private sector recovered the economy All biden did was spend more devalue the dollar and worsen inflation,2
Im following all MAGA PATRIOTS,1
Oooh The GOP are fighting among themselves Shocking that abusive and toxic behaviour amp language would be in this work environment was Boebert out of town,2
They literally announced him as a Conservative comedian when they announced the line up,1
Oddly enough I voted for Biden I am also older than you think The left has lost it sht You know how I know that I watched the whole damn thing,2
This is so funny Donald Trump driving his supporters around Im just the little garbage stain on the bumper,2
Check out the video clip where Kamala Harris says young people are stupid Its time our young leaders to show Kamala Harris that they are smart by sending her home on November,2
DIDDLER ON VIDEO planning to stir up a RACE WAR if TRUMP WINS,2
Kamala Harris has known Madison since she was a child growing up on the citys west side Her parents taught and did research at UWMadison She returns tonight as a surging presidential candidateto the cheers of K supporters and a fresh endorsement,1
Ughhh ask Ron DeSantis Was this a serious question,1
Brian do you enjoy mostly going low and slow around serial tax cheat and adjudicated rapist Donald Trumps gaping sweaty orange sphincter or do you typically opt for a more frenzied approach during anilingus sessions Seeking GOP caucus consensus on this important topic,0
You cant let them all in as your new replacement for the Black American voting block if you dont make it legal for them to vote The jokes on them however as most many Latinos Mexicans and Hatians are by nature more conservative Im not convinced the plan is gonna work,2
GET READY AMERICA BIDEN HARRISWALZ Kamala will spew PURE HONEY From both sides of its LYING MOUTH HOW SHE GOING TO FIGHT TO KILL BABES PLUS EVERYTHING SHE THINKS YOU WANT TO HEAREvery thing that she had almost years ago and should have done ALREADY,0
Joe Biden previously said that black people are not black if they vote for Now Biden says anyone who votes for Trump are garbage Proof that Democrats treat Democracy and American voters with complete contempt,2
Agent of change Asked on the view would u have done anything different than Biden Her answer no WTF u talking about,2
Whos calling child protective services on the Biden Harris administration,1
intentionally misconstruing what Biden said in order to try to claim the moral high ground on the eve of the election And both the media and Democratic politicians are being forced to play along out of fear of angering or alienating MAGA cult members Unfortunately Bidens old,2
MAGA republicans amp P amp why the Heritage Foundation wants it implemented,1
If he actually said that hes wrong The current vice president is easily worse Biden was worse Gore was worse,2
There are A LOT of cowardly men out there who are voting for the HarrisBidenObamaBushClinton Administration,2
They think they can scare you They want to shut you up Just like this crazy administration and Kamala Harris THEY want to take away your st amendment and our st amendment Be like Trump FIGHT FIGHT FIGHT We stand behind you amp with you,1
Biden has the body of a yearold man and the mind of a yearold and they want to make a scandal about Trumps cholesterol level Go figure,2
Id like to dedicate this post to Joe Biden You made this moment possible with your wise words sir Perhaps youll be able to speak again soon after you get your foot out of your mouth Thank you,2
This has to be a parody account Biden has had dementia for years and you all have tried to cover that even though we all knew it We know cognitive decline when we see it and it is not Trump Kamala cant even speak She has the iq of a rock,2
Voting for someone who was never elected as the primary candidate and someone who wouldnt change a thing under Biden killed thousands of children over seas,2
DEIs GE One had no clue the constitution is written to restrict Government power not citizens rights Biden nominated and weak Senators,2
Jim Cramer is the Inverse Unicorn I have constructed this scientific diagram to show you why His horn grows on his butt Jim Cramer is Bearish on Donald Trump and Crypto right now confirmed We are truly destined for a Giant PUMP,2
Which translates to If Kamala Harris gets into office shell start a nuclear war,2
THIS IS HOW I SEE HARRIS BIDEN WALTZ CAMPAIGNED JUST EMPTY WORDS AND SPEECHES,2
Diggs just needs to put his MAGA hat on Hell feel better,1
Provide to the hurricane Helene victims in need first until the Biden Administration can provide,1
Mistah MuhGew says those maga women are used to wire hanger abortions,2
All completely true of Trump supporters man Non true of Kamala Biden or Hillary supporters man Only of those is an exact checklist of cult behavior,2
This is where Donald Trump is wrong The Thin Blue Line Gang would rather kill people than honor the Constitution The Supreme Court even stated they do not need to protect you,2
Agreed Hes most likely the guy to inherit most of the Maga vote,1
Ron DeSantis shut down CNBC host that accused him of politicizing Hurricane Milton DeSantis on Harris take a look What shes doing is shes trying to inject herself into this because of her political campaign,1
Musks PAC Hints at Vulgar Taunt Against Harris in Ad The ad from Elon Musks PAC begins Kamala Harris is a C Word,2
No interest in Biden cognitive testing but lets worry about the hardest working candidate in history and his health Riiiight,2
That would be the candidate you support Donald Trump,1
Kamala Harris speaks and moves like she doesnt know how to human,2
New video released of Kamala Harris Blackhawk helicopter destroying Hurricane Helene donations Another man who was there at the western North Carolina donation center captured and posted an additional angle of the helicopter sabotaging supplies,2
reasons why Kamala Harris closing argument may give her a win you are delusional if you think that harris is going to win the velection,2
There are no bodegas in Reading Come on PA cant wait to wipe their asses with Donald Trump Just stop,2
Kamala Harris Has Beer With Colbert on Late Show As If Its Not Scripted amp Reherashed and Still Cant Pull Off Being Relatable To The Ordinary HardWorking Average Americans Such a PHONY POS,2
Biden created a distraction from Lurch Breathe its ok,2
Sheeee is a FAKE SGES DISGUSTING SHE WAS SLITHERED IN BY THE FELLOW SNAKES KAMALA DOESNT DESERVE TO HE ANYWGERE NEAR THE WHITEHOUSE SHES A RACIST AND OUR COUNTRY DESERVES SAFETY AND LEADERSHIP BY DONALD TRUMP,0
Elon Musk is doing more for Humanity than Governments Trump and Elon will Make America Great Again The Matrix is Terrified,1
How Trump Treats Heroes vs Biden I cant imagine how Kamala would handle these sensitive situations God Forbid via DJT treats them with dignity and like a normal person asks how he is doing Melanias body language and facial expressions,1
Sinner Or more correctly a fake Christian A real Christian would not judge others by their physical appearance Thats why maga womens ugliness always eventually shows through,0
Why you trying to pull a Biden,2
Was this interview the RAGA Moment of Kamala Harris Hail good journalists,1
Donald Trump sure the fuck aint fit to be a dog catcher let alone the president,2
The Campaign said the comments do not reflect the feelings of Donald Trump amp the comedians bit was not vetted prior,1
Nohe was yet another conservative So they ignore it,1
Joe Biden and Kalama harris Timmy Walz is a Demon,0
Ron DeSantis radiates I HATE TO WORK I HATE YOU PEOPLE,2
One thing is clear with MAGA they do not understand the economic impact of their beliefs Get rid of migrant workers or pay higher field wages Higher prices coming Make America Healthy Again Higher prices on everything in your life More Tariffs Higher prices coming,2
President Trump to Kamala Harris Joe Biden You cant be president if you HATE the American people,2
Tell Donald Trump he can use my new American Anthem for his campaign,1
According to Joe Biden templated racist white thought youre not black,2
Election Interference With less than days until the election the BidenHarris DOJ is filing an unprecedented lawsuit against Virginia over removing noncitizens from voter rolls ahead of November election,1
Trump hasnt been in office for years This is the HarrisBiden America,2
Biden needs only look in the mirror to see garbage,2
Nope Obama was acting under the laws of war And Biden was fulfilling the withdrawal Trump had agreed to,1
Biden Sabotaging Kamala Harris Presidential Campaign after Being Forced to Drop ReElection Bid Pundits Say,2
Kamala Harris says Trumps comment on women is offensive to everybody Agreed,1
I just watched some thing on the Free Press that I found very interesting It was Catherine Herridge talking about H Bidens laptop She then spoke about an October type of training in Afghanistan by AlQaeda I think she would be great to have on your show,1
Btthead Biden needs to be real sure he never meets me in person,2
Donald Trump was flying out a porn star days after his wife gave birth but I have to hear about how hes such a better person than Kamala,2
Timing is everything Trump getting a lift in a garbage truck right after Bidens commentcant make this stuff up Looks like its time to clean up Washington and this ride is just the start,1
This is your reminder that a vote for Kamala Harris is a vote to send the orange piece of shit to prison tRump doesnt give a fuck about becoming President for any other reason than this days,2
Try and teach my kid about not to lie and he says back Donald Trump lies all the time Dad and nothing happens to him You see the work parents now have to put in,1
My friends take a look at this Kamala Harris is The Force One week to go and LOOK AT This Energy,1
Christian conservative Thats all we have to know here Laws dont apply,1
Lmao the dramatization is too much who is going to prevent you from telling your mother you love her Weve already had four years of a Trump presidency And then four years of a Biden presidency which led to one of the most thoroughly documented genocides of all time,2
Thats precisely why he wouldnt vote for this rotten Biden Harris administration who let Putin invade and seize of ukrainians land,2
Nope You are the problem I am a white woman and I see more vile posts about Harris from white maga women than anyone else You people have attacked more than this country for fucking years We are just now fighting back and you cant handle that,2
Love the MAGA fam,1
Just followed back all of my Maga beasties until my limit was reached so if youre following me and you didnt get a follow back let me know and when I can do it again I will,2
President Biden you are part of Nigerias problem,2
Biden A Low IQ shameless bigot all his political life Hobnobbing with the Grand Wizard numerous Supremacist Southern Democrat US Senators and famously described as wrong on foreign policy decisions Biden railed against racial jungles being allowed in America,2
Youre assuming Trump supporters love Biden supporters then Because that hatred can go both ways Ppl are saying its her fault the relationship is destroyed Im saying theres no way you can know not assume thats entirely her fault Which is still true btw Its a fact,1
lol all the while trying jail Donald Trump Projection is real,1
A third assassnation attempt on Trump was stopped by law enforcement outside of Trumps Southern California Rally The corrupt Democrats and DC Swamp are getting desperate Pray for Trumps protection,2
No she was at the time referring to PHYSICALLY BEING the last person in the room WITH BIDEN she made that very clear Being the deciding vote was not the meaning whatsoever ever,1
Trump hits Wisconsin in garbage truck in honor of Kamala and Joe Biden via,1
Im Going to disagree with you on this one The past four years BidenHarris consistently brings race into everything They and the Obamas continue to make race an issue and pit Americans against each other They have broken and divided the country Republican down the ticket,2
Thousands flock to see Donald Trump rally near Coachella Make America Great Again was the theme at the Indio fairgrounds Saturday Oct as thousands of Donald Trump fans waited in sweltering heat to attend the former presidents late afternoon ral,1
Degenerate democrats orchestrated j to cover up the stolen election of pedophile treasonous incestuous dementia patient joe Biden They should have used better writers and actors because they are still trying to cover up the crime,0
Chuckling this morning at this great story on encouraging gov investments in renewable energy About halfway thru one conservative Utah official get so twisted about government investment that he accidentally proposes a form of universal basic income,1
NYTs Peters BidenHarris Competency Edge Has Been Lost After Mismanagement of Afghanistan,1
Stinkfanik amp Cumer have more to worry about than Bidens comments on MAGA How about working on year old bills House Republicans accuse White House of releasing false transcript of Bidens garbage remarks Fox News,1
Mark Cuban despises everything about you So do most women things Donald Trump has said about women,2
Mike Shannon broke his social media abstinence to endorse Kamala Harris,1
Wow This sums up MAGA pretty succinctly Shitty meme with false information posted proudly amp defiantly Followed by oh what I posted wasnt true but it will be so Im still right amp will forge ahead with my dumb meme bc Im a very stable genius w a YUGE micro penis,0
OMG yall wake the duck up and help these people who are STILL without Our government the BIDENHARRIS administration has abandoned them yes BIDENHARRIS HARRIS HARRIS where are the athletes Hollywood elites worth billions Trump donated Elon donated democrats,2
Except for Joe Bidenwho doesnt,1
Biden economy is so bad everyone needs two jobs MacDonalds guy and now garbage picker,2
MAGA You can wake up without going Woke Ok,2
Trump being the GOP presidential nominee I voted for Harris last week Thats the first time Ive voted for a Democrat presidential candidate in my lifetime,1
She needs to be fired for election fraud We need honest elections and honest government officials MAGA NOW MAGA FOREVER TRUMP,2
Jake the Fake I thought you would have used this post to call out Joe Biden for calling of your constituents garbage,2
Donald Trumps campaign was very aware of all of the racist comments the alleged comedian was going to spew at Trumps Nazi rally,1
Because Joe Biden and most Democrats are raging racist pedophiles who believe black people arent black who dont vote for them and shower with their underaged daughter,0
Cuban can afford Kamala told the country for the last yrs Joe was sharp as a tack The last out of yrs this country was run by Obama amp Biden yrs under Trump no wars a secure border and a strong economy with low inflation,1
Biden has literally fallen on the ground multiple times lol,2
Hunter Biden laptop story knowingly censored by every major media platform which millions of people acknowledged they would have changed their vote Indisputable proof of a rigged election But nice try genius,2
Before I got kicked off Twitter by Jacks jokers I was warning Black Americans if they voted for Biden illegals would get benefits amp resources that would be snatched from American citizens I live in South Texas amp I could see what was coming Sorry they had to suffer to wake,0
Where is your proof Or is it only in the conspiracy blogosphere There IS proof of the phone call Trump made to Zelenskyy about giving him the weapons that were already approved by Congress in exchange for dirt on Biden,2
Donald Trump is one sick h MF,2
This is the lefts logic Abortion rights but its ok to have men playing in womens sports Donald Trump never worked for McDonalds but Harris did with not one person or W too prove it The border is secure but we left in over million illegals the last years,0
You were part of the all is well with Biden operation until they told you to flip to support the coup but likely knew the entire time that he had truly gone fishing,1
This is the sticky wicket that prevents the left from removing Biden health issue tomorrow and advancing Kamala one more step Or maybe it makes sense to make that move and install someone other than her to muck up the machine In either case you remain nabob exceptional,2
There are only people watching speech on President Bidens YouTube channel,1
VIRAL MOMENT President Biden Jokingly Bites Baby At White House Hallo via Kamala Harris Approve This,2
Donald Trump is correctour system is being corroded from within School Superintendents Teachers dictionaries politicians that have brain washed by the left are now the ruling class Sadtrue,2
This is the level of delusion Ill never understand about MAGA TRUMP was his client They were partners,2
Wow Again where tf are the people that spent days and weeks on end hitting Biden for every little gaffe So tired of the bs,2
Have you ever really listened to Donald Trump speak Does your head being up his ass muffle it too much,0
According to Biden yes,1
The choice November th couldnt be clearer Dictatorship or Democracy OK so vote for VP Kamala Harris and Tim Walz for POTUS and VP of America OK,1
Thats how they prevent attendees from leaving early Kamala Harris wont do that to you Shes a decent human being,1
Jon Stewart defends Tony Hinchcliffe after controversial Donald Trump rally To be fair the guys just really doing what he does People need to stop supporting Tony and his mouth,2
She amp Biden he may die earlier wont be out of our lives until January but at lets we know the date Im now we thought hippies were different this WOKE shit has completely destroyed America we once were proud of shame on their PARENT Word being singular,2
Im so tired of hearing Donald Trump talk,2
MSNBC Tomorrow Donald Trump actually lied about being a garbage truck driver it was just a stunt,2
The point I am trying to make is this If more Christians were as conservative as you say they are then thats of the population being so as opposed to the total or so of Americans who are currently conservative as they describe themselves,1
Im afraid we suspect Kamala Harris cannot be trusted,2
I would NEVER for a communist She overthrew Biden That is a dictator she did not get ONE VOTE,2
It failed under TrumpBiden closed the deal and made it a law,1
Theres no one on earth that will convince me Biden got million votes,1
They stole Trumps second term and appointed Biden as President They stole the Presidency from Biden and crowned Kamala Can they steal this election and give it to Kamala when we can see her poor performance with the voters We will see VOTE EARLY VOTE TRUMPNGET THAT VOTE IN,2
A lot of men are really showing their mama ampbaby mama traumaKamala has so many layers to it Just coz ur mama ampur babyMama did not do as your expectations does not mean other mamas havent done spectacular jobRosa Parks satso Ruby Bridges could walk so Harris could run,2
Thanks for making this post More people need to hear about Biden calling us garbage Youve done us a great service,1
Yes We The People are obviously at stake in light of seeing them throw Biden overboard undemocratically and the details as well as unanswered questions around the attempted assassination on President Trump,1
not verified yet but hope seeing you men in a few years but Donald Trump do a report on US international relations whats the plan whats the future to counter China since Elon is from SA he will be good to deal with this PART,1
Somebody needs to figure this out NC resident and RNC chair Michael Whatley as well as the NC legislature Roy Cooper isnt going to do anything Hes a partisan hack and has been MIA Its time to be relentless and come up with a plan of action Volunteers ready,2
Then we have no right wingers in the Conservative Party then because neither is Badenoch imho,1
The simple premise is OP said Everything under Trump was good because of Obama policy and everything under Biden is bad because of Trump policy Which is silly I said everything good under Trump was because Id Trump policy because obviously and everything bad under Biden,2
MAGA supporters still denying Trumps link to Project after he said Tom Homans coming on board day one are the result of generations of inbreeding,0
I think I know what secret is with the speaker of the house I think after Trump gets elected on Nov something is going to happen Were both Biden amp Kamala are impeached amp removed and theyre going to nominate Trump to the presidency musk,1
Because they know if you wont impeach Biden on embezzlement and high treason they can do whatever they want,2
Kamala Harris is an alcoholic she doesnt deserve to be president of the United States,2
I cant believe any Jew would be a Jew for Harris the policies her and Biden have had in the US have not protected Jewish people amp their policies on Iran brought us Oct th,0
So they finally admit Joe Biden is useless,2
Attention all gamers Kamala Harris wants to take away all guns on Fortnite huge bummer And Donald Trump needs YOUR help to stop it will YOU join the MAGA army,1
The US wont be there for much longer The Economy and the Dollar is unsustainablethey cant pay their bill A Politically and Racially divided Nation What will happen if the Dems cheat again Do you think heavily armed MAGA folks will simply accept it,2
Ppl who didnt know who Kamala Harris was months ago are now lecturing everyone on politics amp how shes the future Its OK to not jump on every single bandwagon Some of the same cats who hadnt heard of Joe Biden until deep into too Have a day off sons amp daughters,2
I HATED DONALD TRUMP Back in I worked on the campaign as part of the Out of the Republicans running for the Presidential nominee Cruz amp Trump were the last two standing I hated how Trump went after Cruz and his family Especially Teds dad,2
I can see it now Kamala Harris who got primary votes just beat Bidens record for the most votes in US history MSNBC,1
DHS Mayorkas just agreed with Speaker Johnson GOP that he has only dispersed Million of the Billion Congress Authorized All innumerates are impressed but cant calculate that is only per household for million people Mayorkasgt,1
And these are the enemies that Obama and Biden sent Billions to Now do you think that just maybe this was part of the plan to weaken America on the world stage and join the Globalist elites Just asking,2
Thank you Kamala Harris and Joe Biden WE LOVE YOU TWO,1
She once again has to make the call in front of everyone Hell even Biden didnt do that Ntice he complimented FEMA too Fraud,2
No real person believes anything Biden said was a problem Kamala is doing great,1
Biden isnt an authoritarian and doesnt cozy up to the worst people on Earth just because they flatter him Biden is on the RIGHT side of the UkraineRussia conflict I dont worry about him kowtowing to or giving national security secrets to Putin I cant say that about Trump,2
I just published Populists or Putins Puppets The Troubling Ties Between Viktor Orbn and Donald Trump,1
the lefts fears about biden were largely unfounded is certainly a take in ngl,1
Such a crime that BidenHarris did nothing about it for years,2
i mean its either Donald trump satan or her a little better then biden,0
Every single media event Steph Curry and Steve Kerr praise Democrats Biden and Harris So does Coach Pop in SA Dems dont bat an eye,1
When Donald Trump is elected on Day he needs to pass an executive order that all races affecting the Presidency Senate amp House need to be paper ballot on a national holiday so there is zero excuse to not vote You can do mail inabsentee but it will be treated as provisional,1
Joe bidens last stand to destroy Kamalas campaign,2
So Joe Biden takes no questions for yearsno one says anything,1
Tuberville is a part of a coalition supporting Donald Trump who is a megalomaniac a person who is obsessed with their own power,2
Oh the Real War for Our Kids is coming after Nov irrespective of who wins in US elections Theres a reason I am holding back my next set of articles The world I want for my kids is very different from what the lefties are offering,1
IRS whistleblowers tell they were targeted by the agency after exposing the Biden family corruption coverup FBI whistleblower Steve Friend experienced the same situation when he came forward Friend joined and to,2
No A stand up comedian had a bad joke Biden actually called Trump supporters garbage You lose,1
Thank you Joe Biden General Milley Lloyd Austin and other assorted democrats,1
He didnt cut spending in his first term but the spending was actually done efficiently which is why inflation was very low We are at record energy production today but that was also true when Trump was in office and our rate of increase has slowed Remember that Biden,1
Yes it was against Virginia law and federal laws Biden was forcing Virginia to break the law He and Harris should be prosecuted,2
All Harris had to do was say shes not Trump and not senile like Biden,2
Yes but purchasing power has collapsed under Biden,2
Be honest You dont feel that way You posted that ridiculous nonsense because you enjoy trolling people on the Internet Troll efforts aside Kamala is an embarassment much like Joe Bidenminus the age aspect And that cant be covered up Joe fell And so will Comma La,2
The House GOP has been completely useless opposing Bidens agenda This is yet another example why,2
Why in the world would I want more years of BidenHarris,2
This is a typical MAGA republican Christian Some of the worst hypocrites of all time all of them,0
This is why Biden Harris administration has just authorized the military to use deadly force against protesters they plan to murder citizens who protest the fascist democrat coup,0
Yes to Plus Israelis saw what Trump did in his first term and theyve seen what BidenHarris have done the last years Trump moved US embassy to Jerusalem finally and led the way for other countries to recognize as the true capital of,1
An actor on a stage pretending to be someone she could never be Selected not elected Week before Bidens debate democrats were trying to get rid of her After the coup they did a reverse They were stuck with an unintelligent candidate Another puppet,2
KAMALA HARRIS WANTS TO ADD HAMASINDOCTRINATED PALESTINIANSADD TO THAT ETHIOPIANS KAMALA HARRIS WILL DESTROY OUR AMERICAN WAY OF LIFE Kamala Harris Offers Amnesty to More than Ethiopians in US,0
Fox News Biden has an age issue,0
Your handlers will be making all your decisions just like they did with Biden,2
This is just the beginning Many others like him are IN OUR COUNTRY thanks to Biden and Harris Mass deportations,2
The Babylon Bee Officially Endorses Kamala Harris via,1
Excuse me Was it not Joe Biden who called people garbage,1
Imagine a victory for Harris MAGA babies would cry,2
Supporting Kamala Harris means that the border will be so wide open that America will just become a part of Mexico and Canada At least there will be some good guacamole,2
IDK if most ArabAmerican votersll vote for trump but w saying her policy choices r same as Bidens what does that say to them IMO is time for USA to stop helping prolong the NetanyahuHamas war that so far has left many hostages dead or still captives of Hamas,2
"Bad Bad Bad news for the fucking TRAITOR!! Jack Smith's Evidence Against Donald Trump To Be Unsealed, Judge Rules (",0
I wouldnt say that his lying frustrates me cause Biden lies as well With Trump its deeper He commits to a complete dishonesty from the very core of his being Thats what disgusts me,2
I think was Biden so,1
Average Twitter user with MAGA and Trump in bio,1
This is blasphemy You are a fucking clown Youre so consumed with envy and jealousy of Donald Trump you have sold your soul Nothing else matters to you but your hatred for one man Donald Trump defines you You have no persona or purpose in life other than to ridicule Trump,0
PLEASE DEMAND AN OPEN ELECTION OF THE SENATE GOP LEADER NO MORE BACK ROOM DEALS THAT PUT RINOS IN POWER NO NEED FOF ME TO SEND THIS SAME REQUEST TO THE OTHER NC US SENATOR TILLIS ONE OF THOSE CORRUPT RINOS,2
That girl is a future MAGA suprematist,2
Biden is not the Master in chief head of state he once was Covid has disabled him by a visible amount and the likeliness that Harris has taken over was all but assured when he stepped down for the candidacy She is culpable for this genocide,2
KAMALA HARRIS AND TIM WALZ ARE BOTH IGNORANT SLUTS,0
the only weak stupid women i know are kamala harris and mark cuban,0
No dream is too big No challenge is too great Nothing we want for our future is beyond our reach Donald Trump,1
This Biden Harris admin is for the illegals and couldnt care less about us citizens,0
Trump just made abortion democratic Yall love democracy until a mob is telling you that you cant kill a baby,2
Dont argue mr president I just help you from biden Take it back For you,1
Lets be real for a second if Joe Biden was the president in our lifetime democrats wouldve never tossed him out And its not even a close call compared to Reagan,1
And when we voted for Biden in the general election we did it knowing that if he needed to step down for any reason and retire SHE would be our next President,1
Kamala Harris seized Planned Parenthood journalists video,1
Letting in millions of illegals into this countryBiden Harris are definitely America first,0
Trump is ON tonight in Green Bay You can tell hes loving it,1
kamala harris literally assembled the avengers ih,1
Seems Biden is handing Trump the best PR ever Trumps not afraid of getting his hands dirty Supporting the most important public service,1
Well Walz said we just had a Nazi rally Kamala called us Nazis Biden called us garbage next up Hillary ho,2
So all President Biden has to do to assist the election of Kamala Harris is to order MAGA Trump supporters to leave the state of Floridafor their own safety,1
"I'm Jewish, you are a scum bag child predator and a liar so don't you dare mention or post about Israel. It happened because Harris and Biden funded terrorists! You all have blood on your hands.",0
Agreed been saying this for a while Weve got to stop letting them dictate to us I hate it when a conservative says Were not allowed to fill in the blank That makes me crazy The Dems are not your parents,2
That changes everything If it wasnt for Biden Ukraine was about to welcome them with croissants and craft beer,1
Nah I respect your opinion but Biden has always been this bloviating Recall his then you aint black moment Its who he is,2
BidenHarris fixed Trumps BS economy,2
What are you talking about Donald Trump just held a rally in NY,1
This is unbelievable I cant believe that the BidenHarris administration has allowed so many illegal thugs into our country Please everyone lets put an end to this once and for allvote for Trump and lets take America back If you need any more adjustments just let me,2
You are biased AF Who did he pissed off Only Maga The rest of the nation majority dont give ZERO Fvcks,2
I noticed tariffs are bandied around as a topic of concern among never Trumpers According to the CNN Business reports Ive found on the web the Biden Administration has not reversed a single tariff from the Trump Administration Like the gubmint will reverse a way to make,2
No He didnt apologize He gaslighted like Joe Biden did when he tried to tell us how he really feels about Americans,2
Kamala Harris was pressed this week to explain why as vice president she hasnt carried out any of the plans shes been discussing on the campaign trail given that shes currently in the White House,2
Oddsmakers made some adjustments today for the odds of the Presidential Election All the changes were in the direction for Donald Trump Nevada went from Trump to North Carolina went from Trump to Pennsylvania went from Trump to Wisconsin went,1
"Obummer you are a globalist, Soros loving, treasonous scumbag!",0
L James is a racist And so is the incomprehensible Kamala Harris,2
Kamala Harriss tax plan aims to boost middleclass support with expanded Child Tax Credits and firsttime homebuyer incentives This is a move away from the Trumpera cuts which didnt provide meaningful support for many middleincome families,1
Just saw this oneBREAKING Kamala Harris to deliver her closing speech at the DC National Mall directly where the KKK rallied in,1
According to RFK everybody in the world is a liar Him and Donald Trump are the only two sane people Hahaha RFKs family has come out and said he is a psychopath do not vote for him Hahaha Some of Trumps family has come out and said hes a psychopath do not vote for him,2
They think Biden is the greatest president ever So yes,1
Trump Takes On His New Job As Garbage Man Joe Biden should be ashamed of himself if he even knows what hes doing And she should be ashamed because she shouldnt let him do it I hope you enjoy this garbage truck,2
No one is better then Donald Trump,1
Dont forget Kamala believes conservative women are garbage because she never condemned Biden,2
He is angling to be the next nominee for the GOP in four years,1
Bobby Kennedy is certainly a better candidate than Kamala Harris Boy Id like to see those two matched up in a debate MAHA Coach did the press and democrats hide Bobby from most of America I didnt see him as a candidate until he sided with Trump That wasnt very good,2
Every voter in New York look at what did in her district Not a darn thing Homeless is up crime and drugs are higher Democratic Party get rich off the American people while not doing a darn thing,2
is like a bad rash cant get rid of Joe Biden the gift that keeps on giving,2
Jon Cooper one of the original Dem grifters from the early Trump years in a sea of MAGA grifters in Jon Cooper more than held his own as one of the few rays of light on the DemLeft side of the grifter scale,1
MAGA Unchained in Madison Square Garden,1
With someone Or with his wife Jill Biden,1
With severely degraded in turned its attention to Lebanon following months of attacks The Biden administration has supported Israels right to selfdefense but has also tried to constrain Israel seeking deescalation,1
Also even if MAGA does not know who Bad Bunny is Puerto Ricans do,1
Ok idiots Puerto Rico has had a trash issue for yrs So why hasnt the BidenHarris Admin Done anything to help Puerto Rico in the last yrs,2
POLITICO Doing a Biden is new international shorthand for ousting pastdue leaders,2
Its entirely within the realm of possibilities for them both to be bad and totally not be the same If the Dems are such wonderful people then why was Roe v Wade codified Where is my healthcare Why did Biden allow Trumps tax cuts for rich people to stand,2
Kamala Harris on What She Would Do Different from Biden There Is Not a Thing that Comes to Mind,1
LeBron James endorses VP Kamala Harris for president and shares a video calling out Donald Trumps racist rhetoric More,1
The is a loan BTW Did you know that You can thank the BidenHarris FEMA in November,1
They did the same thing to the Indiana subreddit Any conservative point of view was censored away And they live in a fishbowl mentally compared to the ocean of the actual states population,1
Before the upcoming election I would like to thank all the Trump supporters and MAGA who refused to get the Covid vaccine and convinced their red voter friends to do the same I know that youre all ft under right now but your sacrifice will lead to Kalamas presidency,2
Get her and Biden puppeteers on at same time and show them all up Cus trump wants best for USA as someone from uk we need trunk to sort our government out also If he fails the world is in its arse and Russia or Poland is the best option left,1
For people with TRUMPNESIA worst things about Donald Trump Garbage,2
Kamala Harris closing campaign speech was dark and full of lies The thrust of her entire speech targeted president Trump Her speech was antagonistic and full of fear pushing division and threats against a man who is loved by half of America and many across the globe Kamala,2
Ill end this by giving you guys credit for supporting someone other than Trump in the primary This first tweet was not talking to you But the majority of the GOP did not want policy They wanted the mean man,2
"Hey KIRKIE BOI, the greasy fascist MAGA RULEBOOK says; Since MELANIE declared SHE is PRO-CHOICE on ABORTION, the TRUMP CULT must cast MELANIE out into the political wilderness to the... (see below) Please pass me a side of your HYPOCRISY KIRKIE BOI.",0
Donald Trump will be taking the trash out of the White House shortly Garbage man will put in the work,2
IMO Absolutely shut DHS down Sooner rather than laterWhat they have done is criminal Former acting DHS secretary Chad Wolf discusses surging border crossings under the BidenHarris administration,2
highlighting the significance of Kamala Harris venue for her closing argument tonight,1
WATCH NOW Kamala Harris closing argument for this years election,1
Dont play the morality card when your candidate is literally Donald Trump,2
If trump is as He says He will put all far left in jailreduce govt size fr ie He will take care only of hself n cronies Not tpeopleT intends hself Disaster TrumpREACTS IN HORROR via,2
AMERICA EUUK TERRRISM GENOCIDE is over d TOP WHYS MEMORY LOST BIDEN OPPOSED to PALESTINE STATEHOOD AMERICADEMOCRACY TERRRISM GENOCIDE CORRUPTIONLIES Palestine RESIST WestUSAEU UK COLONIALISM,2
Democrats should get their own house in order before they talk about the Greens The Democratic Party nominated supporters of the BushCheney war in Iraq in and and would have done in if it werent for Biden moving the debate up to June,1
LMFAOO Youre kidding right In Democrats had a million EVVBM going into election day Thats less than half today Biden only won PA by Looks horrible for her,2
Biden and Harris allowed and encouraged the Ukraine war during their term,2
I like that while bidens legacy is stolen elections and trillion in debt STEALING from Tax payers,2
Biden absolutely shouldnt be praising DeDantis for doing his job especially for HALFASSING it but given how any other Republican governor would probably just pull a George W and ignore it entirely I guess we have to give him HALF a point,1
We Need Donald Trump,1
The only thing I see is the world walking all over Biden and Kamala There was peace in the world because they feared Trump And thats what we want it a leader someone to protect us Its not happening now with an open border,1
The Biden are scumbags,0
Trumps History Of Violence Exposed In Conservative Websites Damning Supercut The president has been stoking violence for years,2
Seriously do you believe Biden got million votes in,1
Jake Paul endorsed Donald Trump for the US presidential election He compared Trumps status as a convicted felon to the Founding Fathers who were also considered felons by Britain suggesting a historical parallel in fighting for change Pauls support for Trump is,1
Make America Healthy Again President Trump is stepping it up to protect our children,1
New Hampshire GOP Primary Update Real time reporting on the official launch of the elections with the latest as the New Hampshire primary determines the states pick for GOP presidential nominee Disclaimer This video content is in,1
This speech is awful Kamala Harris is not fit to be president,2
OH SHIT Maybe the fucking putler lover himself should leave the USAFormer US President Donald Trump sought the advice of Russian leader Vladimir Putin when making a decision to send weapons to Ukraine early in his presidency,2
Will you give me any and all profits you incur that exceed those you experienced under Bidenharris Your fuel savings Your grocery savings Your energy bill savings Your k profits above average value for the last years Savings in interest rates Etc,1
We had to bounce back under Biden because Trump destroyed our economy and killed a million Americans,2
"No, Donald Trump has an excellent sense of humor and he drove in on a garbage truck just like what Kamala and Joe called Donald Trump last night garbage the Democratic Party is ugly and hateful",0
Hes a sleezebag but NOTHING makes him worse than attacking Jimmy Carter And PROJECTION is there again since TFG will always be known as THE worst President in history Donald Trump Mocks Jimmy Carter On His th Birthday via,2
Chaos and division Harris stands with Biden and his policy of supporting and enabling Israeli atrocities in Gaza the West Bank Lebanon Syria Yemen and Iran Before the Democratic convention her husband met with the leadership of AIPAC and assured them of her full,2
Well that was the only racist joke I knew of The other joke at Trump rally wasnt racist Its a real problem but strangely the Biden Harris administration doesnt seem to care,2
Mark Cuban Defends Saying Donald Trump Is Intimidated By Strong Intelligent Women via,1
Biden was playing chess with Ukraine and Israel He didnt send troops he send military equipment we no longer use and money,1
I thought we were talkin about Donald trump and Tekken what does all of this have to do with what you just said,1
No matter if youre in a red state or blue everyone needs to get out and vote TRUMP to save America Make a plan to do so today Lets make this thing too big to rig,1
Exactly Maybe Donald Trump could spend a little less time praying at the tomb of Christophobic rabbis and more time at the tombs of Christian saints,1
If Kamala Harris wins Ill tell the name of everyone who replies in a video,1
Greetings from conservative Poland,1
Chiefs win the Super Bowl Donald Trump loses the election Chiefs win the Super Bowl Dodgers win the World Series,1
Kamala Harris promises to cap price of insulin and end price gouging on groceries,1
Strong because of the inflation bought on by Biden Mean while the middle out and bottom up are suffering Doesnt sound like a good deal for most of the country,2
They tell lies without worrying about consequences because they have been able to do it for years FoxHouse Republicans accuse White House of releasing false transcript of Bidens garbage remarks,1
Its a matter of life and death Biden begs Florida residents to flee Hurricane Milton warning that the Category storm could turn into the worst natural disaster to hit the state in a century,1
Kamala Harris has spent her career standing up to criminals and Donald Trump has spent his years running from the law,2
Harris just handed the victory to Trump with that crappy speech as Biden is snubbed Hes looking out a window nearby She is so full of hit Joe Crowd of fat girls and Democratic weirdos What a waste of a billion dollars,2
President Donald Trump has my full support,1
Kamala Harris And Democratic Partisans Arent Liberal A genocide isnt liberal Destroying international law isnt liberal with YouTube,2
Hes finally telling the truth Good for him I would love to see Biden on Tuckers show,1
We deserve to have four more years of Trump after putting up with the Harris and Biden nonsense,2
That cultural enrichment is now here in America thanks to Kamala Harris and all of the feckless Democrats that allowed million into our country,2
Hes has done more then Biden Lets just make him president for the next few months,1
Nobody gets fired in the Biden administration This is wrong on so many levels FIRE HER,2
Bitter amp never gracious Donald Trump leaves the White House for the last time January,2
"I like how you think the ""Leftist, smart"" residents of Ashville are clever enough to find a way to vote, but the rural, conservative residents of NC are not. You suck.",0
Correct and she just said she wouldnt do anything different than Biden Game over in MI,1
Nah trump is a pedophile,2
"Awesome, couldn't have happened to a more pathetic group of Liberal incels.",0
I keep remembering Biden not needing to campaign in Now Kamala is campaigning poorly It scares me silly that the fix is already in,1
THE BORDER IS A COMPLETE FAILURE INFLATION IS ON HER JUST AS MUCH AS BIDEN THE WITHDRAWAL FEOM AFGHAN She said she was the last person to leave the room during the planning And I never said Pence did or didnt do anything I am talking about the last four years,2
Donald Trump is the king of of the troll,1
Im Donald Trump and I endorse this message,1
chill bro US attorneys wrote to Biden to intervene,1
Nope Im not doing it Im not going to accept thegarbage label Biden put on us Im not going to debase myself by pretending its funny and posing by a garbage can or getting in a hefty bag It will only be used against us in the future,2
I have a valid excuse for being wrong in Florida because the media was extremely confident that Biden would win it and I didnt look at the results when making my predictions that year NC was a huge upset for Trump You were dooming less with who won and more with the,1
Kamala Harris Misinformation Disinformation False claims false statements opponents LIES lies lies,2
Millions of Republicans know how much you and Biden hate us,2
The state of affairs in the US and worldwide under BidenHarris,1
Kamala Harris really out here making fortnite maps to promote her campaign,1
Im With Harris Sweatshirt Im With Her Hoodie Kamala Harris Shirt USA Election Shirt Women Empowerment Shirt Vote Shirt Gift Harris Walz Official,1
Donald Trump and Joe Biden have thing in common they do what is best for their family You should do the same,1
For a moment I thought that was Biden,1
Trump isnt Maga We are Ill vote for him as the lesser evil Were playing the long game,1
Both sides arent the same at all Liberals are telling me my home amp everybody I love deserves to be flattened because Ron DeSantis won an election Conservatives are telling me Im directly responsible because others may not be as lucky as I am Totally different,2
No you hack he did it because Biden called millions of Americans garbage You cant be honest and tell the truth because you lack the testicular fortitude to do so,2
These are frightening times Democrats are saying its trump and we who follow him I have never heard a MAGA speak violence They are the ones spewing hate and creating this atmosphere,2
Two IRS investigators who probed Hunter Bidens taxes suggested in an interview released Tuesday that the federal government treated him differently than in other cases due to the looming presidential election,1
He is absolutely right if you do not agree with Joe Biden you are not American just like he said if you are black and dont vote for him youre not black thats how he feels Those are just facts,2
I hope whatever federal judge handles the lawsuit makes a moral and logical determination and shuts down the lawsuit and tells Bidens DOJ to chill out,1
Kamala Harris says she will slash welfare benefits cut food stamps increase military spending,2
Donald Trump will win Our Family voted last week Kamala wants transgender tax payer paid surgery I voted against transgender sex change for children or anyone I voted against killing babies up to birth by abortion I vote for deporting illegals taking tax payer money Etc,0
He died of natural causescant make it any simpler for you Youre still litigating something yrs old which means youre distracting from the disaster this BidenHarris Border Czar Administration has been,2
Kentucky voting machines are REFUSING to let voters select Donald Trumps name automatically selecting Kamala Harris instead,1
Democrats endgame strategy Trumps literally Hitler amp half of the country are Nazis,0
Well I see a lot of X posts saying Biden was right the first time So I dont accept their explanation And anyone who says that I just block as worthless leftist scum,0
So pro Democrat party journalist are telling us how great Kamala Harris is doing One would have to be a clown to believe them,2
Trump said m people arent garbage as if Bidens comments about his supporters were about m But there are only m in the country so how does he get m supporters Bc thats the number of white people Hes saying openly hes the white folks candidate,2
Trump camp says its on victorys verge five days before the election Former President Donald Trump routinely declares hes leading in the swing states by a lot His top pollster is backing that up via data with just days to go before the election,1
They do not want an for voting because the HarrisBiden Administration Dem Machine does not value voting A vote is garbage,2
Not only dozens of Nobel prize winning economists personally now also The Economist endorses Kamala Harris Lets be honest Hoping a Trump administration would avoid disaster is another way of saying We think Trump will be a disaster,2
Is this the part where we can skip the vote and just let trump have it It worked for Kamala and the primaries Did u hear her speech on it Shes repeated several times Joe Biden made a decision about whats best for the country Does he know shes throwing him out there it,1
That was Biden a VP has no power,1
Awe your puppet master checking in What I find interesting why have you not mentioned the k missing children that Biden amp Kamala LOST What are YOU going to do to find and save them,2
MAGA Hypocrites,2
"TRUMP HAD A PRESS CONFERENCE DAILY, FAST TRACKING THE VACCINATION, MASKS, VENTILLATORS, DISTRIBUTION, EVERYTHING. YOU ARE A BALD_FACED LIAR.",0
Donald Trump is a fascist and Racist. Thats why she lost. People care about policies and she had none!,0
Imagine the reaction if Biden did this,1
Must be the same doctor that said Biden was doing well,2
Good morning Is Biden still President,1
Donald Trumps crypto firm World Liberty Financial slashes its WLFI token fundraising goal by aiming now to raise M instead of the M initially targeted Investors seem cautious,1
Washington Post Breaks Year Tradition Snubs Kamala Harris for Bid Finish The Race,1
As an AfroLatino man of Puerto Rican descent who lives in Pennsylvania I was initially upset about the MSG rally but after listening to the Oh My God I Will Vote For Donald Trump song times in a row Im convinced that Donald Trump is the second coming of Christ,1
President Trump You wouldnt put Kamala Harris in charge of a Kindergarten class So at the end of the day you need to ask yourself can you afford to put someone this incompetent in charge of our countrys future,2
I love Donald Trump reading Arizonans as Azerasians I saw his Thighland for Thailand from an old rally too,2
Theyre still having the same problem Four years into the BidenHarris regime,2
NZ Herald who seem to think kiwis can vote in the US elections has Harris speech streaming live on their front page Not Trumps speech that is happening right now,1
Bidens saying things that are incomprehensible says Victor Davis Hanson,2
Proudly MAGA Garbage,2
loses billion in net worth after the worstever day for his social media stock Oh Yeah DONALD TRUMP IS GOING TO LOSE BIGLY,2
And she just loves Joe Biden but didnt invite him to this event in DC,1
It was about the actual garbage on the island its a very well know problem that BidenHarris have done ZERO to help with,1
Bill Maher ROASTS Harris For Losing Male And Minority Supporters via Daily Conservative,2
Biden Guess what Weve got the strongest economy in the world The whole damn world,1
Biden won Wisconsin by only Shes doing worse with most groups He was ahead by Most recent polls have Trump ahead there TIPP is conducted online now as well,1
Tell the truth Thanks to the HarrisBiden administration the people receiving social security benefits are having to choose between groceries and their medication,2
The replay of the Kamala Harris interview on is currently streaming on Good Lord what happened to the Howard Stern who rightly wanted people to have senses of humor about everything Who HATED the establishment Good Christ this is everything he hated,1
He really should send her a MAGA hat,1
Biden is such a tool He brags about spending billions we cannot afford as he and Harris rack up record deficits His veiled threats against Trump are inappropriate and comical DT would repel him like a annoying mosquito,2
Kamala Harris be riding OCedar amp cackling maniacally tonight,2
set to shape the future of Britains once dominant party who was also interior minister during the last Conservative government was in front for the first time after lawmakers voted for their next leader to replace Sunak,1
Vice President Kamala Harris during a commercial break on The View in Manhattan on Tuesday,1
Last week a Trumper at one of the Orange Turds rallys said he knows science and these hurricanes are getting stronger because of warm water in the Gulf of Mexico He was pissed that Biden refuses to send the Navy into the gulf to dump ice in the water to cool it off,2
Exactly like Biden,1
Stop it all on Bidens watch,2
Biden and Harris have this economy humming Donald Trump would ruin this economy with his chaos and disasternomics,2
Sadly rural white American still loves Trump and I dont understand it We ever have Jesus saves Trump is my President flags I deliver kids to houses that have Fuck Biden flags up Yet so worried about what is in school One is a gay couple also,2
BidenHarris are flying them in so they dont have to worry about walking across the border,2
Weve been watching them cover for Biden for years Nothing surprising here other than no longer attempting to hide it,1
Biden lifted weights with corn pop,1
China Own all Democratic Party and their candidate had a Chinese Spy as a driver for years has a Chinese Spy as a girlfriend Now wiredo had a Chinese accent as a girlfriend,0
Donald Trump the Garbage Man,2
Those who are mentally ill with Trump Derangement Syndrome are going to hurt people because the media has made Donald Trump out to be some boogieman lurking in the shadows. They've used every possible tactic to warp peoples minds. It's just like the Left to be useful idiots; who,0
Well he said he solved the Middle East in a day and made things worse why not Russia and the Ukraine Jeeze Donald MAGA,2
This is what Biden and Kamala mean when they say theyre adding jobs,1
Biden Republicans are garbage Hold my beer,2
Like Biden she was inserted by the establishment Never elected Plummeting in the polls now that more people know shes full of shit and not policies to run on Shes a fake,2
Thats something but ONLY for maga,1
YeahI have seen interviews with menThey dont care that he hates themThey trust him on the economy he wrecked that Biden brought back to be the strongest on earth creating millions of new jobs inflation dropping GDP they not teach kids how to think,2
Biden calls most Americans garbage so Trump shows why he is The Peoples Champ,1
Kamala youre the funniest person you know Your cringe laughs are something else,2
Yes We have a full frontal fascist government What I object to is singling Trump out as an aberration Hes not,2
You are deranged she is a disaster and everyone knows it You were stuck with her because she was going to get all the money that Biden was carrying once he dropped out,2
Screw them MAGA will always have your back,1
Theres definitely truth to this Memes are narratives pushed down your throat If you see the same ones everyday its toxic and poisonous to a young brain Kids dont watch tv anymore Its all social media which is mostly populistMAGA,1
Stay vigilant We dont just want to win we want to EMBARRASS Donald Trump with a BLUE TIDAL WAVE,2
I know Im biasedbecause I love Kamala Harris and loathe Donald Trump but there has never been a clearer choice in the history of America,1
This is some sick stuff We have a candidate that is proabortion prolgtbq and is using baby killing as a political tool to get more votes These conservative christian clowns consider it our moral duty to vote for him Idol worship is still alive and well,0
Biden added trillion to the debt in case you were wondering,2
Spotted Arriving at VP Kamala Harris DC and,1
Everything We Know About Donald Trumps Attorney Alina Habba via,1
But we remember what he has said before all during this campaign Its nice he is allowing out of million Americans to be other than what he calls us but dont forget that he has said far worse even than Bidens comment taken out of context,1
Guess well find out but I will say that polls always tend to lean left as well They always underestimate Trump Hillary was supposed to win and Biden was supposed to win in an absolute landslide Neither happened Something of note there Trump is in play for the popular vote,1
Yeah dont believe the MAGA governors saying they are getting the help they needthey are just RINOs,2
to be fair how about a journalist asks biden what he meant the answer will be worse than it already looks,2
Fuck Kamala she sucks VOTE like your life depends on it because it does,0
Sit down local JD Julia Youre way out of your league here This is not surprising as you support another subpar lawyer Kamala CV for Kamala Harris Sources linked amp within below Graduated High School in CANADA where she grew up since the age of,2
You are failure One word for you The world need peace And Donald Trump Your four years as Vp is full of war war war,2
Hats off to Trumps campaign people McDonalds and now this True it kinda got handed to Trump by Biden but the team is making the most of it Itsgenius,1
Voting requires making choices real choices and that means no nochance in hell third party candidates This choice is binary This southern boy intends to honor his father and uncles who fought NAZI trash in WW and proudly cast his vote for Harris and every other Dem,1
Trump is not the GOP Neither was Bush McCain or Romney But he is the expression of decades of politicians screwing over conservatives No other person came close to expressing that frustration,1
He was in touch with the White House and President Biden directly Stop the lies and assume you are being paid,2
Kamala Harris Clapped Back at Haters Who Say Shes Not Ella Emhoffs Real Mother via,1
Clearly after seeing the disaster in North Carolina and the debacle with FEMAperhaps he has no faith in BidenHarris Where is President Biden,2
Race and gender has nothing to do with it they also mention Joe Biden And how are Musk and Carlson privileged Harris and Biden are not,1
The same ones saying Trump is in decline also said Biden was sharp as a tack,1
Hes making fun of Bidens garbage remark you thick headed dolt,2
LOL you read history but obviously dont understand it The Dixiecrats started moving to the GOP when Harry Truman put Civil Rights on the in the party platform amp then integrated the armed forces With the Civil Rights Act of most Dixiecrats moved to the GOP,2
Fanned by former President Donald Trump and notable allies such as tech tycoon Elon Musk lies about noncitizens voting the vulnerability of mailin ballots and the security of voting machines are spreading widely over social media,1
Kamala Harris is Exposed on taking false Credit based on Trumps work Vote Trump,2
Except the Biden is congenital and trumps shin splints does not normally exclude people from service Shin splints are very common in bootbasic training Servicemen with the issue are removed from normal activities until healed at which time they resume training,1
The daughter of a RiNO endorsing Kamala Harris is not a shock Do better,2
Final Closing Message Trump I wanna secure the border lower inflation cut taxes for everyone and end the chaos in Europe and the Middle East Kamala Harris Trump and his supporters are Nazis,0
Jim Cornette vs Donald Trump The Red amp Blue Of Pro Wrestling,1
Donald Trump literally doesnt even know who Tony is,2
Bidens a nasty piece of work,2
Then the Supreme Court needs to put Joe Biden back on the ballots as well,1
Calvin Robinsons opinions on what makes a good Catholic are just as relevant as Donald Trumps They are in equally good not at all standing with the Catholic Church,1
Thanks to biden and you,1
just wake up from a coma did ya bidenharris have been the fascists in chief and NO ONE with a functioning brain cell wants another years of that screeching harriden,2
Himself since the DNC impeached him,1
In the larping wars for America control we have the weather controlling witches of the left and as for the MAGA AltRight Black Nazis Orange Pedos Red dog eating brain worm Kennedys and couch fuckers The many colors of traitors in MAGA with a Puy grabbing Orange center,0
Biden could have reinstated ithe had years Stop blaming trump for whats happening right now under a different cabinet,1
Scott is doing incredible work Hes helping bring Trump across the finish line a secure a victory in PA And how can you not think this is bad ass Biden and Harris desperage and ridicule us Trump rolls up in a garbage truck,2
Hell yeah Take that Donald Trump,1
Weird theres no MAGA there considering he got k votes in Portland in,1
BREAKING Third Assassination Attempt on Donald Trump Foiled in California Police have thwarted another assassination attempt on former president and current candidate Donald Trump this time in California according to statements from the Coachella Sheriff This marks the,1
Newt Gingrich is convinced Biden wants Harris to lose and he thinks he knows why,2
Its my opinion that Kamala Harris speaks from a position of Free Speech to effectually help the American People but Donald J Trump doesnt know the meaning of Free Speech due to his wanting to discontinue the Constitution,2
Actually we KNOW Joe Biden was referring to half of Americans as garbage He was being very clear We arent buying your spin Andrew so sit down,1
Wow youre way more optimistic about Jill Stien being elected than I am because if you think Kamala is going to do a damn thing to stop Bibi I got a bridge to sell youshe couldnt even give a Palestinian American a minute speech at the DNC,2
President Biden is an unhinged fascist Is the reason that hes still in office the fact that he threatens to kill his advisors and staff,2
Funny how she said she wouldnt do anything differently than Biden but her campaign keeps saying we need to turn the page Sounds like the same page to me,1
Donald Trump comeback is the Late Elvis comeback,1
Just think GD forbid she developed a pre natal medical emergency and had to go to a Florida hospital and make a life saving decision between herself and her unborn baby she couldnt Either one or both would die Than you Donald trump and Ron DeSantis This is America,1
Correct but he has everybody aware that Biden called Trump supporters Garbageand sank Harriss campaign Tactically brilliant,2
does that mean Trump wont keep sending money to Israel Be clear please Trump what about Israel genocide do you support that like BidenHarris,2
LIVE NOW Donald Trump rally in Wisconsin via,1
Kamala Harris faces backlash from Oil and Gas Association over perceived flipflops on fracking via,1
Awww grammar boy its all your going for now you were literally schooled on the correct origins as you lot claim everything is American when its not And yes it is after years of a bad conservative government could be worse though we dont have trump,2
Even a diminished Biden doesnt babble in coherently like Trump But MAGA must always defend Dear Leader and never admit how flawed he is as a human being,2
Spoiled ass little brats who need discipline.,0
TRUMP youre getting your ass kicked yall shouldve kept Joe Biden on the ticket,2
America our country is being destroyed by BidenHarris and Cabinet They should all be fired,2
Anyone care to wager who wins Georgia Trump will win by pts Whats Kamala doing today Taking a nap with Biden,2
But Biden didnt try to overthrow our government Trump did,2
Would love a Donald Trump but we have Tommy Robinson Tommy Robinson is the main man for our country,1
No he openly criticised Biden for trying to hold Netanyahu back,1
lol same Im wanting on Obama Clintons Bidens and Harris to be prosecuted,2
Hey Biden how many kids did you bite today You really do some stupid stuff unbecoming of a president Like Obama stated if anyone can screw something up its Joe Biden,2
I must not have seen the news you did He had a great conversation with Biden and welcomed any help he could get Why are you trying to spread so much hate I can get you in touch with a great group of people that can help you feel loved and needed,1
It should be noted that it was the Biden administration that arrested and prosecuted Mackey five years later in Nolte Kimmel Spreads Disinformation to Voters on His Show Meme Guy Sentenced to Prison for Same,1
Donald Trump calls Jan th a Day of Love amp the Nazi rally at MSG on Sunday a Love Fest If this is what he believes love is I really dont want his hatred in the WH Do you If you want America the beautiful back DUMP GARBAGE TRUMP amp HIS CABAL OF FELONS,2
MAGA is like allergy medication for those allergic to education Stock up bitches because like all his merch this medication is Limited Time Only,2
I wonder how many Americans died after Joe Biden and Kamala Harris told Americans that the vaccines could not be trusted because they were a product of the Trump administration Their words not mine,2
are they the same intelligence experts who swore Hunter Bidens laptop was fake Russian propaganda then never apologized for their lies,2
Reayour severe Trump Derangement Syndrome speaks volumes as to your full acceptance of the Communist and Marxist ideology that Kamala Harris and Tim Walz have planned in order to force true and loyal Americans to accept the,2
I dunno If I was a Democrat Id be pretty mad at how they are treating President Biden like garbage just throwing him out I wouldnt be able to trust them anymore Id be worried theyd turn on me,2
You are a fucking idiot have you watched Biden over the last four years You have a lot of fucking nerve Pull your head out of your ass Ron,2
ATH on aries on My horoscope said this trend will continue much higher Closely followed by gemini when Donald Trump gets in office in a few days wipes out income tax and sends btc to the stars astrofolio will take many off guard Buy now are higher,1
Anyone else think its weird Peter Joesph hasnt spoken about the current administration in years About as weird as Anonymous not uttering Bidens name since Lesser of evils,1
At least women have accused Donald Trump of varying inappropriate behavior including allegations of sexual harassment or sexual assault All but two came forward with their accusations before or during his first bid for the White House OOPS,2
Possible election fraud in Georgia People marching with no solid info or evidence in Georgia Sounds as if it is paid instigators from Western nations protesting As in Ukraine amp Venezuela Just like Trump refuting US election of Biden flawed amp inaccurate,2
THE JOY IS GONE Mark Cuban: Trump women = STUPID Obama: Trump men = SEXISTS Biden: Trump supporters = GARBAGE Kamala: Trump supporters = FASCISTS Tim Walz: Trump supporters = NAZIS Trump2024 MAGA TrumpRally WomenForTrump AmericaNeedsTrump,0
Blacks for Trump is another lie Trump made up lol Kamala Harris will get Another black job Black ancestors didnt fight struggle and die to put a racist sexist felon liar in office,0
The dipshit who believed that the Hunter Biden laptop story was Russian disinformation thinks a former United States Marine JD Vance is making up stories about protecting his family Jonah your brain is broken Get some help,2
Since Biden bailed on Ramstein amp our Victory Planlets poke the Bear till theres nothing left to pokewe gonna slay d Bear whether Joe likes it or notCrimea is Ukraine Joe amp dont ever forget that,2
The Infrastructure came from President Joe Biden Thanks Joe,1
BidenHarris team was flagged for weak vetting of Afghan refugees now one is charged in terror plot Charges renewed alarm in Congress about the refugee program the administration put together during the chaotic withdrawal from Afghanistan,2
Illegals stealing Americans identity and voting in multiple US elections,0
Nobody has been more divisive than Kamala Harris Joe Biden Barack amp Michelle Obama amp Hakeem Jeffries,2
can you explain how Kamala Harris intends to make groceries more affordable,1
I dont think anyone said anything negative about Steph curry speaking to DNC,1
Take it down We are not Maga fakes,2
VP Border Czar Kamala Harris Joyfully Building Back Better,1
I bet its not that close NC GA AZ PA WI will not be as competitive as you think Shes underperforming Biden and Clinton in every demographic Her strategy was to abandon the middle and make it a base turnout election but the far left dont like her either,2
And theyll all vote Dem What a stupid assumption to make Surely if the Republicans had decent policies theyd vote red Or are you saying that the Republicans policies are so inferior only MAGA would vote red,2
No to Peters he needs to stay in the Senate I think Su is probably one of cabinet members from Biden that can stay on,1
I believe Kamala Harris is a total liar Shes from middle class she does not know what it is to be middle class Both her parents were professors at prominent colleges with only two children Not middle class She spent her growing up years in Canada and returned to the US,2
CNN watched Donald Trump on Rogan and said This is a good concept why dont we do this,1
African Dr explains what a Kamala presidency means Harris is named after a Hindu goddess a demonic tribute to that fallen angel In Spanish Kamala means idiot Yes God is meaning those who have eyes to see and ears to hear Matthew,0
Just misinformed History will show how much better Joe Bidens accomplishments were over trumps,1
Donald Trump announces Emergency Actions the Day he Takes Office to Drastically Reduce the Cost of Living On Day He will Sign an Executive Order directing every Federal Agency to immediately remove every burdensome regulation that drive up the cost of goods On Day,1
Donald TRUMP Make Christmas Great Again Winter Sweatshirt by KindSweatShirts via,1
What part of Most of the country genuinely fucking despises Donald Trump do you people have such a hard time comprehending,2
We socalled lefties btw rightleft wing doesnt include reactionary which is what MAGA is dont think we know better than everyone else just idiots that think Trump is saying something new instead of just BS s era fascism amp SmootHawley tariff economics,2
This says everything you need to know about MAGA and the future with a nd Trump administration,1
So you didnt vote for Biden x because of his weird pedophilic tendencies,2
Maga Christian Trump is our lord and savior,1
And Jill Biden comes out as a Panda at the WH Halloween Party,1
Now now now dotcom bot were not talking Joe Biden and the at the time underaged daughter shower ordeals are you Those daughters to dads types,2
At RNC our had great educational sessions on polling from I keep telling people that unless you are willing to dig in and understand a polls methodology and purpose dont post any attention to them The time is better spent helping the campaign,1
Kamala Harris has faced criticism from Republicans for her limited public appearances prompting her team to arrange a series of interviews including on popular platforms These interviews have been characterized as soft and lacking in challenging,1
Donald Trump has to be one of the dumbest fucking people on the planet,2
Yes thats correct the Biden administration just doesnt seem to have a care theirs is only what they have to do also DHS chief is all show we should through him in Prison as to what he did to our country especially if we cant find those Islamic terrorist let in,0
Crypto Analyst Predicts Massive Rise For XRP Price To Calls It Conservative,1
The same people who debunked the Hunter Biden laptop say this is normal,2
Needed a BidenHarris yard sign in the trash,2
Like Jennifer Lopez and Taylor Swift people who just endorsed Kamala Harris,1
Worst POTUS in US history until Biden came along,2
YOU dont think he did Stop running an apology tour for Biden and the Democratics disdain for half the country,2
We all know youre not that bright however how stupid are you that you forgot Kamala Harris is the VICEPRESIDENT and as such cant sign an executive order otherwise why couldnt Trump And Trumps professors thought he was stupid guess they never met you,2
Biden casts vote in Delaware calls Trumps Madison Square Garden rally simply embarrassing,1
Remember when the GOP was full of respectable and serious people,2
during the Biden government none of this happened,1
TONIGHT at pm ET Sharpe Way Should Kamala Harris go from Club Shay Shay to Joe Rogan LIVE talk How powerful was the Club Shay Shay talk Is Rogan the next step for her campaign Whats the right move Ill discuss it all LIVE,1
Hispanics LOVE Trump,1
I think the MSM is lying Donald Trump is and Kamala is Sure looks that way anyway,2
First MAGA will wipe its ass with him,2
That was a pretty interesting kiss he laid on Dr Jill Biden It seemed like it would have been how he kissed the nanny,2
Praise the Lord Make America Gods Again to save the United States and God has chosen President Trump to protect the homeland and bring back peace in the world,1
Barbara Bush Endorses Kamala Harris WLT Report Hahahahahahasomeone needs attention Who cares what she says,2
Another good reason to vote for Donald Trump Hopefully he can put all these people that think theyre above other peoples lives in jail forever God bless the little children and God bless the United States,2
BREAKING Florida Gov Ron DeSantis Orders the Word Hurricane Be Removed From All Text Books,1
Corrupt How about Biden She is total scum to the core,2
THIS IS YOUR DAILY REMINDER THAT KAMALA HARRIS NEVER SAID SHE WAS BLACK AND WETHER SHE IS OR NOT ITS NOT AN EXCUSE TO VOTE FOR THAT CRAZY WHITE MAN,0
You know that Donald Trump is a convicted felon right So why would anyone be surprised that he is encouraging American voters to break the law These are desperate times amp Trump is one VERY desperate felon,2
if Kamala Harris is going to reference MA in a voting PSA with Octavia Spencer then I need her to prioritize getting a MA sequel greenlit once shes in office,1
Trumps garbage truck stunt is DESPERATE Its days before a presidential election You dont do this if things are going well,2
Nice Biden is still pretending to be President for Halloween,2
"You are entitled to your opinion. We will never know exactly how it would have played out. The DNC did not keep the senile incumbent, they transferred all his delegates to an idiot after a disastrous revelation. Endorsements from the worst neocons did not help her one bit either.",0
We are not going back to Bidenharris antiAmerican policies and Bidenomics,2
What if VP Kamala Harris wins and there is a government contract up for renewal and Elon and Bezos are top contenders Maybe the president should decide at the last minute that government should not award contracts to oligarchs Award the contract to a smaller contender,1
Imagine Kamala Harris and Biden telling Americans trash,2
Imagine actually hearing joe biden say the word demonization Id pay to see that attempt,2
I am no fan of Trump I voted for Biden But Dems need to stop trying to one up Republicans in the bad ideas game Anointing the lady who got of the vote in the primary and supported defund the police is not how you win,1
She did zero good work with Biden,2
her closing arguments there is still a week Will she be sitting at the beach if she wins like biden,1
Wow every word coming out of kamala s mouth norhing but lies pitiful Dont be fooled people this is all kamala and Joe Biden did for years lies and devide the country,2
The swamp will carry on regardless of who is elected anyway Trump or Harris the swamp will be filled with their friends The question is Who will be the most competent swamp dwellers Based on Biden and Trump theyll all be hopeless,2
So the mainstream media grill Trump about a comedian who made a joke during a set at hes rally But are not asking Joe Biden the current sitting President why he called million Americans garbage So Trump is accountable for a comedian but Bidens not accountable for himself,1
President Trump takes the stage in Green Bay Wisconsin after ride in MAGA Garbage Truck after Biden labels Trump voters garbage,1
Anyone with a brain knows what Donald Trump and Vance are,2
Because hes supporting Donald Trump in thus election,1
I dont believe so unfortunately The aim will be the same Weaken Russia at the expense of Ukraine then throw them under the bus exactly as Biden has,2
yet Putin said he prefers BidenHarris,1
Kamala Harris tells Black voters Dont think youre in Donald Trumps club,1
What will BidenHarris do if hes arrested Hes their best friend,1
Nah Biden called over half of Americans garbage But hey we can all get along right No Certainly Not Tim Walz Denies Garbage Smear Undercut Harriss Unity Message,1
BREAKING The BidenHarris DOJ filed a lawsuit to allow illegal immigrants to vote and another state is allowing illegal votes to count Its Jordan Sekulow with the ACLJ A deliberate assault on our election integrity days before the most important election in a generation,2
Joe Biden is sending troops the middle east to fight Iran,1
That is exactly what I said when this was released months ago MAGA people are nothing more than family folks who like slogans,1
Only in the BidenHarris administration,1
Sooooo Im a bit confused Umm where is Hunter Biden Hmmm,1
Because they're afraid of Donald Trump returning to the White House. Trump will release the Epstein list and they'll all be exposed for being a bunch of pervert degenerates and pedophiles.,0
Avengers stars unite to endorse Kamala Harris in presidential race The Express Tribune,1
My democrat friends all very educated have NO ANSWER as to how Kamala was CHOSEN when Biden was the one who won the primary NO ONE VOTED FOR HER They are too used to being lied to and listening to the hypnotists on tv,2
Simon says roll in the ground now or we will release the tapes Simon says bark Who signed the order to turn the military against the people Biden republicans against trump standing with fascism,2
WTPN SITUATION UPDATE ELECTION DAY CYBERATTACK BIDEN GARBAGE COMMENT VT INTEL,1
Plot twist There arent any Harris supporters Theres just Donald trump haters and people who puts the signs in the people who dont cares yard Its the most fake gay election in human history,0
I support MAGA Voting for Donald Trump Fight Fight Fight,1
Donald Trump did it and hes more relevant and important than her Also he doesnt expect her to do anything He invited her to come on his show at his studio she can take it or leave it He doesnt need her she needs him,1
Is Biden on Team MAGA now,1
this is from a book and biden is not running,1
Are you one pushing the hurricanes onto GOP voting red states,2
HELLO NEIGHBOR: THE MOVIE reviews are in! Rotten Tomatoes - FUUUCK!! I HATE IT!! IMDb- FUUUCK!! I HATE IT!! Metacritic - FUUUCK!! I HATE IT!! Pope Francis - FUUUCK!! I HATE IT!! Joe Biden - FUUUCK!! I HATE IT!! Your own mother - FUUUCK!! I HATE IT!!,0
Do you support Kamala Harris too Its easy to talk Its harder to actually say something,1
I like that he is an alpha male If he were gay receiving and giving up the ass then it wouldnt be all right thatd be a big problem are if hed like sleepy poor Biden old pedophile like little kids,0
He is hilarious man How could anyone not like Donald Trump Come on,1
Is anyone surprised He would fit in nicely with the OBAMA BIDEN and HARRIS GARBAGE DUMP Democrat Leadership,2
VIDEO Kellyanne Conway Bidens Garbage Remark a Reflection of What Harris Believes,1
WE SAW THE ACTUAL INTRODUCTION WELCOME DONALD TRUMP OUR FRIEND SHE HUGGED HIM YOU HAVE HEARD OF VIDEO RIGHT HAHAHAHAHAHAHA,1
Trump is playing the media beautifully He knows that they wont cover Kamala lying about working at McDonalds so he goes and works at McDonalds He knows they wont cover Biden calling his supporters garbage so he has a garbage truck pick him up on the tarmac Brilliant,1
Biden shouldnt have qualified what he said They are garbage Their love fest was pure malice,2
The Biden regime is in meltdown mode I hope they keep rolling these clucks out,2
Once Biden was in office a new type of nanny state immigrant began flooding the border exploiting loopholes in our system When people take advantage of your generosity it quickly becomes problematic Not to mention the Smugglers who profit off of poor immigrants,1
Did anyone interview him Because a scared video of a sketchy act Only leads to a sketchy video Since law wasnt called then its all bs Have a Great Day MAGA,1
Kamala Harris traitor Joe Biden traitor Merrick Garland traitor Tim waltz traitor Nancy pelosi traitor Gavin newsom traitor Those who vote for traitors Nazis,2
An ad for retailer DT McCall amp Sons featuring a Donald Trump impersonator has racked up more than hits so far after the comedian and the retailer said a Nashville television station refused to run the second spot,1
that helped Biden in Trump literally increased his share of the Republican vote in There was no magical Trump gtBiden Republican voter Biden won in due to increased youth turnout after conceding to several of Sanders proposed progressive policies,1
Just came back from a minute walk in Lake County IL and I tallied all the homes with signs for Harris for Trump results for comparison Biden Trump,1
Idiot Trump Hits Back at Bidens Garbage Quote With Dumbest Stunt Follow,2
This is a smart move by Netanyahu If he reveals Israels plans to attack Iran to Biden Biden would immediately tell Iran about this attack,1
MAGA Means MAKE AMERICA GREAT AGAIN Question Why did Donald Trump decide to have his MAGA HATS made in the Country of TURKEY Does He think that his supporters wouldnt mind or They are so uninformed that wouldnt Find Out Be Serious TRUMP HATES AMERICA,2
They didnt even have an option for Biden on the ballot in Tennessee this election I had to write him in,1
Hmmm You sure It was Trump who placed sanctions on Russia and Biden lifted them when he took office Biden literally helped Putin invade Ukraine,2
Trump has been for cutting medicare and social security for years Cant believe anything he says now when hes trying to stay out of prison and is scared of losing,2
im about to cry america is ready to turn the page on hatred and bigotry and ready for a president kamala harris,1
US President Joe Biden considers the deployment of North Korean soldiers to Russia to be very dangerous These North Korean troops may be used in the war against Ukraine informs AFP,1
Shes just smarter than Republicans Harris may have discovered playbook for month presidential campaign GOP strategist,1
Footage of Bidens disputed garbage comment via,1
The only MAGA gangs I know of are the ones that show upgang up at church on Sunday and pray together for our family community nation and our world Theyre so tough they have the blood of Jesus on them Jesus seems to be the instigator with leading large groups Then he died,1
If the Trump tariffs are SO BAD why did the BidenHarris administration just EXTEND them and added to them,2
VOTE FOR TRUMPOpinion Kamala Harriss corporate tax hike would hurt innovation American workers,2
I followed because the insurrection on our Capitol caused and intended by the treasonous Donald Trump must be remembered He must face justice for his crimes That requires beating him putting him on trial and throwing him in gen pop for the rest of his life,0
MTG is now saying the Biden administration is controlling the weather I thought Boebert was the dumbest MAGAt Bitch in the world but MTG just took the lead,2
Democrats constantly tell the American people lies Its a non stop thing with them AOC is one of the worst right along side Nancy Pelosi and Kamala Harris Can you imagine how great this country could be if Democrats werent so corrupt,2
Ive specifically told twitter to NOT show posts on my feed relating to Donald Trump or Kamala Harris on my feed Yet this pops up first on my feed from an account I do not follow No matter where you turn you just cant fucking win All forms of media are manipulated,2
SC Liberty to be exact Proud garbage female prolife conservative Veteran voted for Trump,1
Trump flags attacks on Hindus in Bangladesh vows to boost ties with India Former US President Donald Trump on Thursday strongly condemned the barbaric violence against To read the full story visit,1
Read the transcript Biden said the COMMENT was garbage,2
So theyre gonna dope Biden up so he can come out on TV tonight and give a speech about how climate change is causing these hurricanes in reality Its a weapon from the department of defense,2
all rapist need to die including donald trump,0
WOW A GSA WHISTLEBLOWER JUST EXPOSED BIDEN amp KAMALA OF AIDING THE SMUGGLING OF MIGRANT CHILDREN This is HUGE James OKeefes new Line In The Sand movie is a MUST WATCH,2
More and there is vocal minority of Republicans publicly endorsing Kamala Harris for President I see Republicans online everyday sharing their decision to choose country over party like no election I can remember,1
In Biden was campaigning from his basement,2
were still currently under the biden administration when im referring to current candidates btw ive never stated that what biden did was okay all i said was the current political atmosphere was completely unideal for third party voting if you have any idea how bad rightwing,2
All these complaints about what Biden said is nonsense Voters are not stupid Half of them already think Biden is out to lunch but he is a kindly old man So this is just a lot of nonsense amongst the pundits,2
Dawg youre voting for Kamala Harris and Tim Walz hell Nah,2
Absolutely crazy man trump will win the election,1
thank you john biden,1
The Conservative Party is the true party of inclusivity,1
Musk is obsessed with delivering Pennsylvania for Donald Trump Heres what hes doing,1
Trump or Biden Both appear to me to be age related dysfunctional on Russian front we can include him bare chest or no bare chest The fecking geyser in Korea has always been a chubby nutter Then we look at what we fund Oh no they are even more ridiculousIts time for sleep,2
THIS IS NOT A COMEDIAN THIS IS THE PRESIDENT OF THE UNITED STATES PLAYING WITH FIRE President Biden has the responsibility to unite the country not divide it His comments about Trump supporters reflect a lack of respect for millions of Americans who simply have differences,2
You picked Joe Biden for VP Your starting five would probably lose for America too,1
Who can Venmo me now I vote for Donald trump at Arizona,1
Anonymous threats And they wonder why Biden called them GARBAGE THIS IS WHY I guess its a good thing I dont live in San Diego Because Id DAMN WELL prove them wrong WEAK PATHETIC LITTLE LOSERS Thats ALL they will EVER BE,2
So trump can take credit for Obama but Biden cant take credit for trump,1
Donald Trump is too insecure to women,2
Ummm no one wants to hear a hour interview with a VP candidate Whod listen to hours of JD Vance Whod listen to a Kamala hour interview when she was running with Biden Why cant Kamala speak Shes clearly afraid Dump Trump did then flew to MI for a rally,2
How Donald Trump ruined his prom queen moment at Madison Square Garden,1
Worst Administrations of ObamaHillary Biden Terrorist Rafical Kamala and Trump the Dumbster who loved loving Terrorist Iran paid billions to make Atom bomb Arms Ammunition to destroy America Israel Arabsetc Crush Iran if u Can,0
Youre anything but Joy and unity You and Biden have treated Maga and Trump like Garbage How do can lead when you hate half of it You cant You are Biden Harris,2
They degrade everyone who disagrees with them with personal attacks and little old Biden says garbage and they have an unhinged meltdown I love it,2
Damn you MAGA AF You single tho,2
Someday Donald Trump is going to autograph and auction off his McDonalds outfit and the trash truck reflective vest and donate all the money to a worthy charity,1
Brett Favre rips Joe Biden for garbage comments says it would be insane to vote Kamala Harris Brett Favre spoke at Donald Trumps rally in Green Bay on Wednesday where Favre played NFL seasons at the quarterback for the Packers,2
Vicepresident to strike hopeful tone in remarks delivered from site of Trumps speech before deadly January attack Kamala Harris to urge voters to turn the page on era of Trump US elections The Guardian,1
Yeah Bidens doing such a great job right now,1
Trump wins in landslide Biden is removedcroaks Kamala takes over and does everything they blamedaccused Trump of doing Chaos until Jan th certification SCOTUS comes out with ruling Black Swan over Boss takes us to the promised land,2
Elmo is absolutely rightMoche is confused The DOJ operates under the Executive Branch meaning it answers to the Biden administration not the Judicial Branch So by going after the Commonwealth for a timing delay the DOJ is essentially using executive power to meddle,1
who tf hands over her baby to Joe Biden knowing he likes then young,2
I wouldnt say that All the strong intelligent women I know are voting for Trump Come November th Donald Trump will be taking out the trash to the curb from the White House,1
Paula White Donald Trump BatShit Crazy is worse when its wrapped in a flag carrying a Bible and done on behalf of a clownish fascist,2
Highly intelligent people vote for Donald Trump Democrats have made a big mess,2
Theyre dissing Biden therefore Harris and Democrats who they say called Trump supporters garbage They are trying to get the they called us garbage thing going I think they missed it a little bit,2
Biden putting a hatchet through the windshield of the Camel uh campaign tonight,1
Its even funnies because Biden never even called them garbage,1
MAGA is no accident we just work hard the account,1
Yes Lets turn the page to Chapter Donald Trumps NEXT TERM,1
it seems that it is the democrats that biden was talking about as they think they are the absolute rulers in America they burn cities and police stations and have killed peoplewith biden making lots of executive orders to bypass congress,2
And I am straight and not stupid MAGA is the path we ALL take together,1
What does it matter Biden is not running,1
Joe Biden calls you GARBAGE Hillary Clinton calls you DEPLORABLE Ruben Gallego calls us DUMB amp the WORST people on the planet If thats the case why are you putting in these idiots for How can they serve you if they hate you Use your brain if you have one,2
JD Vance Forgets to Stick to the Script Admits He and Donald Trump Will Defund Planned Parenthood in a Second Term Vanity Fair,1
Kamala isnt the one who told the public lies as Trump did Every debate factcheckers cite scores of lies Trump tells He knows his cult is too stupid to call him on it Imagine the repercussions if Biden or Kamala said anything like that The righties would blow them up,2
Make sure you have watched this before election day The sooner the better MAHA MAGA TrumpVance Information about Kamala Harris the corporate press will not adequately report Tucker Carlson amp Harmeet Dhilllon,1
Biden won in the same way Kamala became the democratic nominee,2
Yeah Trump is going to win bc of all the converted Dems who will now vote MAGA right Or maybe its all the Republicans after who swore they would never vote for Trump ever again Curious which group of million voters do you think he convinced,1
I just understand how someone like trump is in the race Howncoubrry with such a great tradition and amazing politicians allowed this retreaded maga movement to be so influential,1
in I served yrs in the Navy Reserve When Joe Biden became President he immediately ordered a specific FBI team who only specializes in torture be assigned to me He feels better watching me,1
Go to a Trump rally Only then should you try lying through your teeth,2
Joe Rogan Explains Why a Kamala Harris Podcast Didnt Happen via Kamala too afraid to face Joe Rogan,1
SNL takes aim at Kamala Harris middleclass family response during Family Feud skit,1
bro the entire Democratic party apparatus is already sociopaths like that's how we fuckin got here,0
As the US elections heat up the future of crypto hangs in the balance Will policymakers embrace innovation or throw a wrench in the blockchain Keep your eyes peeled the stakes are high and so are the potential gains,1
Happened this past Sunday not on election night If you remember this also happened in A broadcast network a week before election day called a state for Biden,1
Labour still following Conservatives lead on the environment in their budget,1
And do you think they were happy when Biden ended the drone war and pulled out of Afghanistan,1
There are more than million votes for TrumpPence that didnt mean anything because more than million in the same state voted BidenHarris MAGAdonians dont understand that,1
Drag Sanctuary Drag Queens Lead LGBTQ Church Service via vote Biden Harris Obamas OUT OF OUR WHITE HOUSE NOW,2
Afghanistan Terrorists was captured Afghanistan citizens that came across kamalas wide open border planned to attack on election Kamala amp Biden opened our borders wide for these terrorist and we have been paying these terrorist to have a great life in america so they can,2
Why didnt you do that while you were vice president Did you not have any influence over Biden,2
Not wanting to be outcrazied by MTG Alex Jones said today that the BidenHarris administration is in control of the hurricane They could totally just make this thing stop and dump the water in the ocean,2
We could do with a Donald Trump in this country,1
The hell it is Know how I know Liberals post it ad nauseam any time somebody who gives a shit about human rights in Palestine says BidenHarris are no better than Trump or God forbid says they plan to vote for Jill Stein,2
Ive been telling yall all along Everyone knows that they hate Donald Trump But what not everyone realizes is that they truly despise US as well They really do I know l live in SoCal and even here Im surrounded by liberal asshles err democrats,2
Sad SadSad Now he their Donald Trump thinks Africans are crazy,2
The ones who all lied about the Hunter Biden laptop,1
Did You See Puerto Rico newspaper has endorsed Kamala Harris,1
Awesome The prestigious magazine The Economist announced Our election endorsement A second Trump term comes with unacceptable risks If The Economist had a vote we would cast it for Kamala Harris,1
I dont believe there is really any way they can steal this election with Biden in charge this time They can try all they want but I think he is ready to defend our democracy at all cost Even invoking his immunity entitlement that the SCOTUS invoked,1
This is why Im grateful for mail in voting That and the county recorders in the biggest counties are not MAGA Those on the supervisors boards who choose not to certify will just get court ordered and then later indicted for not following the law Sadly been there done that in,1
what did Biden call Maga supporters,1
He shouldve ran in and It was a bad idea to run Hillary She was a horrible choice Biden wouldve been president for eight years and Kamala would be coasting into the presidency,2
Go Trump What a stupid move by Biden calling us Garbage,2
Republicans are LYING AGAIN Trump isnt going to do anything for Americans workers He NEVER has and wont start now,2
Wouldnt trust Biden or his cronies to keep the plans secret,2
Donald Trump at the October th memorial I will never let Israel face destruction never allow another Holocaust and Ill always defend America and its allies from jihad Israel has the right to defeat terror,1
I liken Kamala Biden Obama and the Democrat Party leadership to Pirates of the Carribean a fun movie sadly by woke Disney but I sure as heck do not want to live in that The Road Warrior and Escape from New York as those films are what its like when demsliberals lead,1
If you want a pure example of what you said look at Biden,1
a woman who openly votes for donald trump is in fact NOT a girls girl,2
Okay you cant get any better than our Men Trump and Vivek Trump,1
Your vote is for Donald Trump or Nasir Elrufai,1
BREAKING Trump offers free lodging at any of his timeshares including MaraLago to all displaced trumpers as Milton approaches,1
No Donald Trump has been telling us for four years that the only votes that should be counted are in person on election day All early or Malone votes for Trump should be discarded because Jesus,1
BREAKING NEWS Fox News has just called the state of Nevada for Kamala Harris,1
Haley could have done the right thing endorse Kamala Harris over a misogynist convicted criminal and traitor for president Haley has no integrity no morals and definitely no leadership qualities,2
You must be pretty young Harris Biden Administration is the worst of my lifetime,2
Colberts query is untrue Shes certainly not Pres Trump Shes done nada She IS Joe Biden says he No answer She has none Colberts audiences are leftist losers clapping seals She will not be president,2
I agree with Mary TrumpDonald Trumps increasing lack of empathy will drive him to even greater and more depraved depths of cruelty as he continues to deteriorate psychologically,2
Thats your president Biden loser Trump has the energy of a yr old wtf have you done for the country shut the fk up,2
look at your page tells anyone who looks you were always voting for Biden and now Kamala dont be so stupid,2
No Kristy Im not delusional Im educated Trump indeed lost to Biden in by million votes More than overwhelmingly republican judges concurred will win with an even larger margin Cant wait for President Kamala Harris,1
Love to see with Biden loves a smart Black woman Vote,1
Joe Biden also said he would enjoy with Jill A long walk on a short pier,1
Wisconsin was ultimately won by Biden by a narrow margin over Trump a far closer margin than expected and the closest margin since What it tells me Harris doesnt have a chance,1
THE FACT that you VOTED a FELON you dont have the right to go ballistic When you ENABLED DONALD TRUMP you ENABLED the HATEFEST at MSG So SPARE us,2
If being Indian means Im expected to vote for Kamala Harris then by that logic every white person should vote for Trump If we truly want to address racism then lets start by ending these directives on who should vote for whom based on race Indian Americans are among,1
thats a shit point of view even for a catholic btw what does your wife think of all those female followers bots most of them Im sure but bad optics for a man of such conservative high morals,2
Thought the Bidens were more into laptops than pcs,1
Still better than Kamala Harris BY A LONGSHOT,2
"How its even close, is mind boggling. Also most of the gop and NRA is in bed with the ruskies as well. As long as those countries praise him and shit, he thinks they are just fine. He's fugging door knob.",0
Our tax dollars funding a war the Democrats pushed for Wasnt there an agreement a long time ago and Biden told Zelenskyy not to sign it,2
Just wondering if JFK cant be off the ballot unless he dies what about Joe Biden How come he is off the ballot,1
California is TRUMP,1
The beer budget under the BidenHarris regime,2
Lol Kamala Harris definitely does not have much of a character other than,2
Kamala Harris will be airing this political commercial during tonights Pittsburgh vs New York game Should politics be left out of Football,1
Bye bye Hanks America needs Donald Trump voted for him times,1
He didnt call Puerto Ricans garbage He actually said he loved them Listen to his latest rally The only ones telling you that are the MSM who preach to the brain dead choir A comedian made a bad joke Biden called half of his constituents trash,2
Just in Donald Trump promises to end democracy And btc doesnt need a fascist shitstain to be successful,2
This has actually happened before with Donald Trump After the US election Trump made claims of election fraud and was effectively asked to substantiate his allegations,1
Kamala Harris come to Georgia,1
Help me contact Steve Manning or Donald Trump I am a th grade dropout with a GED yet I am in the Georgia Supreme Court overturning Attorney General two judges and a prosecutor a prosecutor who tried to have me killed help me man Elon help me,1
Lol did anyone tell this Biden that he isnt in the running nor in charge anymore,2
I have been supporting you as a candidate and I always will But with the choice being Trump or Harris or some others I barely know I will be putting my vote in for Kamala Harris Ill leave if its Trump because having him in the office is risking my own life,1
my internet installation got canceled today because of issues with the building requiring third party permission i expect this to be a pain in the ass amp potentially result in fuck all,2
Bidens team cannot be trusted They lie all the time They have no credibility,2
President Donald Trump Could image took over Montego Bay Jamaica,1
They want KAMALA HARRIS to be LIKE TRUMP BUT will that fool anyone by doing so CONSEQUENCES will sooner or later bite them if they do it,2
If blaming the Democrats will make you sleep better one thing is for sure if Donald Trump dont know how to choose the right people for his campaign hes not fit to be president,2
Donald Trump tried to stop the black budget from torturing me in Im voting for Trump,1
Biden knows Trump will make a better President,1
Anything at all about the children lost by the BidenHarris Administration What about Obama The deporterinchief He put kids in cages you know Youll never write about it But that doesnt change Obamas sad behavior,2
There is nothing close about the votes here Cmon Trump is winning by miles here Wake up America Kamala Harris regime is cheating,2
Trevor Loudon Can Kamala Harris Communist Roots Policies Be Sanitized,2
You mean like Trump had already done before You and Biden came along and f everything up,2
I received a text from the Kamala Harris campaign offered me to push their agenda,1
For democracy for freedom for a fair life for justice for our future we must vote for Kamala Harris Trump is a criminal who must be convicted He is not our man he is the Russians man,2
This is amazing Donald Trump is such a brilliant marketer and businessman Most importantly he loves America and American citizens Vote He is a legend and wants to clean up Washington for you,1
Of CommieLA you should be afraid Be VERY afraid because shell decimate this country more than her and Biden have done the last four years,2
Wait Hear me out for a second Biden calls them Sky Divers or Bull Riders next Crash Test Dummies I mean the possibilities are endless man,1
This Isnt The First Time BidenHarris Admin Failed Rural Americans,2
You Like Your Idol Year old x Convicted Felon and Adjucated Rapist Donald Trump Are Pathological Liars You Are a California Resident That Lives in A M Mansion You Own a California Nursing Home Being Sued For Wrongful Death Liars LOSE,0
well thats sure funny bec Kamala Harris surely did not do a DAMN THING to help cause an increase in our paychecks for YEARS You are so FULL OF SHITE youd better go check your pants for overflow idiot,2
America has been warned before that BidenHarris are working with the Mexican cartels Now here it is again why isnt American paying attention and locking them up,2
win for election integrity of course Kagan Jackson and Sotomayor are OK with illegal non citizens voting,2
He was mad at his wife for voting for Kamala Harris,1
BidenHarris supporters that can dismiss these images and rationalize a genocide of brown people being done with their tax dollars are fucking disgusting people Zionism is a cancer Fuck you blue no matter who assholes,0
maga is incapable of telling the truth,2
Can Kamala say what she will do instead of what Donald trump wont do This is comical,2
Oh fuck I am so sick and tired of white men or white boys who think they are superior and rule of the world I hope a giant Bird of paradise goes to Donald Trumps next rally and lets have a big piece of shit,0
Trump didnt transfer anything He ran away from DC to avoid greeting Biden as he was sworn in Traitorous coward that he is,2
They offered Donald Trump air time he turned them down Thats on Trump,1
Shes been in office for almost years We know her plan because its the same as Biden,1
When I served this is not how we treated our brothers in arms Did this happen under the Biden administration,1
Elon Musk is ramping up his support for Donald Trumps presidential campaign planning visits to Pennsylvania to rally voters and leverage his vast influence to boost Trumps chances in the critical swing state marking a significant endorsement that could impact the elections,1
Im all for that Just suspend your campaign and concede the election to Kamala Harris and we can all put this ugly mean spirited ordeal behind us,2
Breaking News Kamala Harris CAUGHT on video explaining to insiders how she used the Democrat tactic called Lawfare to destroy innocent black and Hispanic peoples lives This is how Democrats use Lawfare against their political opponents,2
HILARIOUS Trump holds a press conference from a garbage truck after Biden calls all Trump supporters garbage,1
Theyve convinced the maga to go along with project,1
President Biden is the best,1
Biden is a zionist monster who was fatally shot on October Thats the reality,0
Kamala can say she wont ban fracking but she doesnt have to open up lease property Trump Had Fracking for four years until BIDENHARRIS Terminated Fracking,1
NEW Netanyahu is expected to hold a crucial phone call this afternoon with Biden regarding Israels potential retaliatory action against Iran according to three senior US officials Walla,1
First with Biden and now with Harris the majority of Americans rejected this reversion to the past But the fact that we as a nation are so divided on this is truly eye opening,1
I went to Sunday School and was taught The devil is a liar There seem to be so many god fearing people in the MAGA brigade that have forgotten this,2
I am extremely angry Even more angry about Biden calling all of your supporters garbage,2
BREAKING Twitter sensation has officially publicly endorsed former US President Donald Trump for President Wow,1
Youre talking about Trump arent you you know when he said America was garbage you must be tone deaf because Biden explained he wasnt talking about the people but of course you listen to what you want to listen to and thats why youre so confused in life,2
Why ya quibbling with me Why are you Cherry picking I guess BidenHarris are so brilliant they knew exactly what day to PUT Covid behind us because they Clearly Kept Covid In Front of us using it as tool of control amp refuse to hold China Accountable Clearly you see that,2
The same person along with Joe Biden condemned over half the country who supports Trump Kamala said there is NOTHING she would do different from what Joe did WIDE OPEN BORDERS DEBT up the Wazoo INFLATION skyhigh foodgaselectric prices unaffordable housing amp rent et al,2
Progressives in varying positions of influence are preparing for unrest in the event former President Donald Trump wins the November election according to a Wall Street Journal report published Monday,1
I dont have to figure it out You are making a claim and its YOUR responsibility to make that connection clear Just admit ityoure just bleating and deflecting along with your MAGA flock without having any idea why Its a very ovine thing to do,2
Dude show me ONE person calling Harris or Biden a Nazi,1
BREAKING NEWS THAT WONT BE REPORTED BY THE FAKE NEWS MEDIA Trump is suing CBS News for engaging in election interference when they reedited a Kamala Harris INCOMPREHENSIBLE answer in her Minutes interview so as to AID the Harris campaign amp ignore Journalistic ethics,2
Where are the RNC lawyers,1
This is great Biden stabs her in the back during her closing speech and hands DJT another advertising idea LOL,2
In his own words right from his mouth Former Chief of Staff John Kelly on Donald Trump,1
Donald Trump Trolls President Biden With MAGA Garbage Truck Click to read more,1
And so I was able to delegate to her responsibility on everything from foreign policy to domestic policy Biden so even if trump is worse are we not voting for someone who is overseeing and facilitating the genocide,2
Id love to see a large scale poll on how people feel about this issue alone I would be surprised if there is a large number of people that wouldnt support Photo ID required for everyone voting participation in US elections of any level Ive heard the arguments and they are,1
This is plural not singularits a broad generalization Its very clear Freudian slip women and theyreno way to misinterpret Donald Trump you never see him around strong intelligent women Ever Its just that simple Theyre intimidating to him,2
If Biden did this yall would be on his ass nonstop Youre hypocrites,2
thats not what Biden said he said the garbage was from the trump supporters But the shoe does fit,2
Harris amp Biden have left Americans behind for the last years,2
Bet hes a leftist Biden Kumalot Harris Tampon Tim Waltz Palestinian Ukraine war supporter,2
Sip in Style with our I Am Now More MAGA Than Ever Black Coffee Mug Crafted from highquality ceramic its perfect for supporting the Join us today and make every sip a testament to your beliefs Grab yours now,1
as noah matthew chap motmon prophet climate change donald trump king cyrus no temple in jerusalemwhit king cyrus bitcoin,1
Yes bribes the half of Congress not already blackmailed by Epstein to represent the state of Israel in Congress Bidens staffers are in control of the executive,2
And why is that Because we have already lived through the deepest abysses with Donald Trump and because nothing surprises us anymore Isnt that terrible Trump has normalized things that are anything but normal And we shouldnt become numb to that Be outraged,2
Where else could a cost of living increase be a winner but in the daft world of BidenHarris,2
Kamala Harris Complains About Hurricane Becoming Political Days After Attacking DeSantis For Not Taking Her Call The Daily Caller,2
The Joe Biden family is not endorsing Kamalabut they are looking for pardons,1
And yes Biden and Trump has given our money to Russia and China and Israel as well as Taiwan Ukraine and Gaza its not secretive lol You can literally see this on official government websites,2
Another triumph of the HarrisBiden regime and Useless Tony Evers,2
Well remember what Biden shut down on day That didnt do us any favours now did it,2
Donald Trumps wife speaks languages Mark speaks Kamalalalalala the language of retards,0
Outside coup As opposed to an inside coup like the one they pulled on Biden Trump will take office the old fashion way Hell earn it,1
Yes Theres no doubt in my mind Biden Kamala regime are illegitimate,2
MAGA communism confirmed,2
you have to be MAGA to believe such rubbish,2
Ive been MAGA since Trump first came down the elevator IFBP United we are strong Lets Go,1
That strategy didnt really work for Joe Biden But it was a good strategy,1
As a woman a mother and an immigrant there is no way I would throw away my vote on Donald Trump Voted early for Kamala and very proud of it,1
Yet Trump looks the youngest,1
This would be a wonderful night if this truly was a closing argument and we never had to hear Kamala Harris cry about Trump again,2
did that money go directly to Biden like it did trump nope,1
Biden is playing the passive aggressive game to the hilt Can you blame the guy though,2
Kamala Harris despises southern states and southern people except when shes faking an accent Kamala wants to end the electoral college after which nobody will give a f about North Carolina,2
Trump is accused of misleading people in the hurricaine ravaged areas What is wrong with him He gets so excited to mislead our citizens when they are hurting The GOP has nothing to offer except for their piles of BS The GOP Congress is denying funding to help the victims,2
KGBNews Torygraph ChandlerAntivax Marshall BevTurner TrumpMagaQAnonFlynn,1
Popovich constantly brings up politics I wonder if such things were said about Donald Trump before when he spoke publicly about the Central Park Barack Obamas birth certificate and other topics not associated to the real estate business,2
when maga wants to take everyone back to the past it appears it would be to the caves of the stone age,2
Great News Possibly take Biden with them,1
Sounds more like a convicted felon and adjudicated rapist donald trump costume to me,2
Recalculated for the new lines Biden won this district by less than a point,1
He and Lindsay Graham They could have risen above it all But they chose to role in the mud with the rest of the MAGA universe,2
Thats obvious Biden is from there no way demo cracks lose that state,1
The only garbage I see floating out there are his supporters Joseph Robinette Biden,2
Im not a big fan of President Obama I think hes been one of our weakest presidents I just fundamentally disagree with him philosophically Dick Cheneywhy dont they ask him if he agrees with Biden and Harris and if he thinks they are or would be strong presidents,2
Watched VP Kamala Harris on Stephen Colbert last night Amazing VP Kamala Harris great interview So excited to be voting for her Ill be voting blue all the way down Oct st early voting,1
SoKamala Harris cares about people,1
What a thinskinned little man baby Trump sues CBS over Kamala Harris interview,2
Ive been going on deranged rants about this guy since his name first appeared Amos Hochstein is BAD NEWS His wiki page was filled with detail about his time in the IOF before he became a Biden puppet When that happened the page suddenly lost a bunch of information,2
If Biden were running for reelection I would say you have a point But hes not Hes stepping down Blaming Harris for his actions is like blaming Al Gore for Bill Clintons sexual escapades,2
Why do you line Kamala Harris I honestly cant find a reason,1
Prices are still too highKamala Harris,2
Google it If youre going to be a conservative fundamentalist Christian you have to understand and hope for the Rapture,1
Kim Kardashian has reportedly deleted her yearold son Saint Wests YouTube channel after he shared two videos critical of Vice President Kamala Harris,1
This is amazing She has to promise nothing to her voters minimum wage Medicare for all Student loan help End wars End Censorship Democrats have traded in their principles for Im not Donald Trump,2
parrots dangerous MAGA lies Id forgotten some of her history peddling conspiracies Somehow endangering Iowans boosts her political standing in MAGA world Vote her out,2
With Brown having run a quietly strong race wire to wire Harris performing a little better than Biden in OH polling Tester having new life in MT and Allred narrowing the gap WCruz Dems winning the Senate is on the radar,1
Why the hell is Biden out here biting babies,2
Kamala Harris needs Joe Rogans audience way more than Joe needs her interview,1
Clearly thats the cataylst cause its benefiting Kamala No one rlly gaf what biden says these days his word is close to the same as an average American citizen I want trump to win bro but the msg comedian was a disaster,2
"Who the FUCK looks at Donald Trump, a known pedophile con artist, and sees OPTIMUS PRIME.",0
This is the stupidity I talk about often people who say theyre not political but they know every negative story and lie about Donald Trump,2
everytime a Republican acts up Biden makes them publicly kiss the ring,2
Cant wait for Vances inevitable So Whatmoment Bet the mascara will be running down his face worse than Ruuuuudys hair dye when the MAGA mob comes after him,2
Biden gave too much tax payers money to Intel,1
Thanks to Covid They keep citing these stats that are bent because the worst part of Covid was nearly over when Biden came into office and the economy was still recovering,1
Rubbish Biden killed the border bill,2
The RNC has K Legal advocates working to ensure fair elections in all states as well as Facts of exposed fraud nationwide and consequences for anyone involved in cheating Thats a HUGE difference this election Exposure can be key to protecting this election,1
Im all for election integrity but you lost a lot of credibility when you started rambling about Harris funding the attack on Oct you are just another MAGA BITTOM FEEDER,2
Im pretty sure he compared her numbers to Bidens in when he posted about the district level polling For Id have to do some digging and I honestly wasnt involved in PA or projections that much years ago But I do know it was a very concerning data point for,1
Biden didnt either He was obviously referring to the comic which MAGA edit out of the clip,1
You dont vote here Its in the worlds best interest to not have a weak US president in place such as Biden and Kamala,2
Iran China Russia Ukraine WHO Davos traitors at the military industrial complex amp intelligence agencies along with Dick amp Liz Chaney can all take Harris to one of the communist countries and see how they like it there WE AMERICANS will stay here with Pres Trump amp MAGA,2
The Harris campaign is scared and did a horrible interview on mins And said she would not change anything that POTUS Biden has done if she was POTUS just scary and horrible to think of she sits in the oval coming Jan th,2
I know Kamala is NOT the answer and will never be the answer to a solution Kamala out means Trump is in of the last years have been Biden and Harris of those years USA was slaying it under Trump The past years with Harrisbiden have killed entire planet,2
Joe Biden is president is he not But the fact that intelligence agents signed a paper saying that hunter Bidens laptop was a Russian hoax while the FBI literally had it in their possession is collusion and bias enough to say it was rigged Its the definition of rigging,2
KAMALA HARRIS IS TO MUCH TO TAKE GOD HELP US,2
North Korean troops are going to be fighting in Ukraine Joe Biden and Kamala Harris have really f things up,2
Barrack Mr Hope You left the blackman with Mr Change now you want them to accept someone that may actually be more dangerous than Trump and Biden put together This is what you do for the black man,2
Alas he grew up in conservative Nibelheim instead,1
Absolutely RememberThere were no conservatives driving around in their cars alone with a mask on Also a conservative can answer the simple question of what is a woman,1
What is GOP amp Trump campaign going to do Dont tell me they are not prepared for this,1
Remember how the Supreme Court overturned Roe v Wade You can thank Trump for that Conservative presidents appoint Conservative justices Use your head my friend This is bigger than one man,1
Yep Biden was stopping them Trump was letting them through,1
Kamala asked what would she do different from Biden Just listen to this,1
Haa CNN itori propaganda mouthpiece iyo I listened to the news the other day and they used title President on Biden and Obama then Trump was just Trump If Obama has the title then surely Trump must also have that title as he is a former president too,1
Biden should be encouraging Israel to defeat Iran instead of asking them to deescalate Christian Whiton,1
Biden didnt mean Trump supporters are garbage when he said Trump supporters are garbage I watched it it certainly is what he said,2
United Airlines Investigating Source Of Leaks On Ted Cruzs Cancun Flights The flight attendants union leader urged United to drop the probe because the GOP senator is a public servant who has lied too many times,2
You think Arnold has a wild last just wait till I tell you about this guy named Donald Trump,1
Not during the vaccine rollout Remember when conservatives talking about how Biden was going to do mandates was a just conspiracy theory Biden was President during the most authoritarian nazilike response to covid PERIOD,2
Interesting pieces to the puzzle that is Kamala Harris side had money amp a thing for the help It is just that in Oscars time the help was Indian not black After slavery was ended there was an exodus So one half Black great grandma Shes not black,1
I should be used to it by now whether its Mark Cuban or VP Kamala Harris the playbook is to demonize when they feel threatened A real panic sets in when the threat is both a person and an idea These people need to buy new mirrors and look in them,2
Im am now an American Citizen from MexicoI voted TRUMP,1
When Harris just described Donald Trump as focused on revenge and unchecked power I thought she was referring to Hillary Clinton,2
Allegedly conversation between Biden amp Netanyahu was already scheduled before confrontation that took place yesterday between Netanyahu amp Gallant When Netanyahu informed Gallant that he was canceling his trip to DC he already knew he would speak wBiden the next day Fwiw,1
BREAKING NEWS Trump Speaks To Reporters From Literal Garbage Truck,1
In the world of Maga Republicans who rip tiny children from their parents as a terrorist tactic to dissuade immigration,2
I hate that the media can blame Trump for a comedians joke even after disavowing it but absolve Biden for what he actually said,1
I am Cuban woman MAGA MAGA and very proud to have voted for Donald Trump,1
This is going to be a landslide victory for Republicans Take away illegal voters and Donald Trump will have more democrats voting for him than Harris has voting for her,1
Hunter Biden says Why would anyone care what a drugaddled whoremongering pervert crook has to say about anythingunless its to enter a guilty plea,2
Yeah Defeating Donald Trump is more important than the well being of the country,1
Even Grok feels uncomfortable with what Biden did to that baby and knows its wrong,2
The Washington Post retir respald a la candidata Kamala Harris Por qu Esto dice experto,1
This is all true I have been picking up immigrants at the Home Depot for early voting for weeks I tell them its up to you who you vote for but Donald Trump raped my auntie E Jean Carroll,2
Donald Trump believes hes going to lose,1
The Democratic Party is going to do everything to make sure November th is a crazy day to vote please go out now and share this message,2
Donald Trump will soon be as irrelevant as an old tweet A S,2
lowered taxes and inflation Inflation under biden Inflation under trump Wars under biden Wars under trump first president in years there was no new war under Have to make a year now to buy a house Go watch tv,1
Schrodingers cat analysis Biden is both shooting intentionally acerbic commentary on Trump supporters AND Biden is suffering bad from dementia,0
It would be real justice if the Biden administration began the investigation,1
Kenneth Chesebro a key codefendant in former President Donald Trumps Georgia election interference case has taken a lastminute plea deal in which he has agreed to testify in the case,1
Read Nearly half of people convicted of the same crimes as Donald Trump are sent to prison study finds on SmartNews,1
And Donald trump said so what when he was told the mob was going to unalive pence this lady is bat shit crazy,2
What about Biden using Martial Law If another insurrection happens that definitely applies,1
I WENT WITH A DONALD TRUMP AFTER A MEETING WITH PUTIN KINDA VIBE,1
My question to Donald Trump tonight do you owe Puerto Rico an apology His answer below,1
Joe Biden Union Sanitation Worker Youre trash Johnny the MAGA from Florida Now hop in my garbage canIve got a long shift and my pensions kicking in November th Joe Biden declares with a grin reminding Johnny his terms winding down just in time for some cozy union,2
Joe Biden called Trumps supporter Garbage So ofcourse he turned up to his campaign stops today like this,1
As said in the wonderful film Being There There are spring and summer but there are also fall and winter And then spring and summer again As long as the roots are not severed all is well and all be well Kamala Harris should star in a remake,1
The invincible TwoMen Army TRUMP SHALL TRIUMPH so will America,1
DeSantis is trying to trick voters with inaccurate propaganda from the s It was wrong then It is wrong today Listen to Joe Rogan Donald Trump amp JD Vance they are much more reasonable Yes on Florida amendment JD Vance,1
Check out Trump Election Flag cm Trump Campaign Flag Trump Trump Flag MAGA via,1
ALL THAT BITCH KAMALA HARRIS IS A LYING SON OF A BITCH THATS ALL SHE KNOWS HOW TO LIE AND KACKLE LIKE A WITCH THAT SHE IS WHY DONT YOU FLY YOUR BOOMSTICK HALLOWEEN IS ALMOST THERE PRESIDENT TRUMP IS BY GOD TO SAVE US NOT TO HARM US LIKE YOU AND BIDEN MY VOTE IS TRUMP,0
Make America Great Again Vote,1
Democrats killed democracy when they booted Biden and installed Harris after she received ZERO votes To save our democracy we must vote Trump,1
Not angry at all Just want to ensure the widest possible audience knows he chickened out but when whining to Laura Ingraham on Fox Also need to keep Trump focused on the laptop which most Americans dont care about,2
All rights are said to be given to us by a higher power They are enumerated in the Constitution They are not granted to us by our federal government So what rights has Donald Trump either taken from you or your daughter Can he constitutionally take rights away from you Think,1
LabelLovers from conservative spaces are constantly confused about the idea that while two things may be alike it does not mean theyre identical Here one encounters the label wordsaboutLatinos and concludes this must be equally as outrageous as last nights vitriol,1
Biden will get her to save his own neck,2
Its like someone put it Kamala has turned into Bidens revenge,2
Theres no banter about Kamala Harris shes just not a good candidate,2
I just got a poll call which I answered on my landline Its my only poll of the season Automated Said it was nonpartisan I answered I am a white boomer with advanced degree voted for Harris approve of Harris approve of Biden disapprove of trumpvoted Dem,1
Thought biden was afraid of iran but tells ukraine to strike north korea,1
Youve heard the IT saying Garbage In Garbage Out right Well its possible that Demtards have nothing but Garbage In MSM CNN MSNBC NY Times etc so that would explain the comment that came OUT of Bidens mouth that all Trump supporters are garbage,0
Nice teeth Looks like a MAGA,2
Struggling Republican congressional candidates in Nevada threaten the GOPs efforts to hold the House and win the Senate,1
ok world Biden was the President tht we had yall thought he was bad This is the case of vice versa What yall think is good is bad pay attention Follow your president of the United States of America Dammit boycott voting For a president,1
Now if you wanna talk about abroad if you stop doing that shadow diplomacy that youre doing illegally that nobodys talking about Donald Trump maybe some of some of that death and destruction wouldnt happen like those kidnap people remember your buddies dont stop the war,2
It has to be so hard to be an unpaid contracted worker hired by Donald Trump and watch him squander your pay away to Don Jrs coke dealer,2
can you imagine Trump doing this or any MAGA candidate Impeachment would have already been written up,1
Donald Trumps name doesnt appear on the first screen as an option on voting machines in California You have to click more options to be able to vote for him,1
My first thought We MAGA are so smart,1
I thought the Biden hair is administration was going to implement this Am I wrong How much money was appointed to it,1
In the American people didnt know the real Donald Trump In the American people now know the real Donald Trump The voters will not be bamboozled again Donald Trump has shown the Americans exactly who he is Hes a liar A scammer Trump doesnt care about America,2
"Romney has NO place in our new republican party, he's a rat and traitor, a low-life scumbag of a Uniparty pig.",0
Do you realize that youre calling people who support as well garbage Who do you think we plan on voting for when Donald Trump is done being president if this is how Ron DeSantis supporters feel I think Im gonna go with JD Vance,2
Kamala Harris is like a poorly designed robot except batteries are not included,0
President Trump is the GOAT,1
MAGA people are the most despicable human beings I have ever encountered,2
Nah Biden was way worse,2
Liberals are following very closely the BidenHarris phony erroneous lying attacks on Trump and think theyre going to work these are really stooopid people couldnt lead a rush on a backhouse,2
Dark Maga to the moon,1
MAGA wants to suffer MAGA wants others to suffer Its a DEATH CULT,2
MAGA Troll for the Win,1
Biden had the nerve to call us garbage when he took showers with his teenage daughter and pimped out his son to get rich,0
The same way they were gonna Impeach Biden right Howd that work out and it was legit you dont change a law without them dont use talking points lie or try to mislead me or Im gonna catch it Mark,2
Yep Im garbage and proud of it Donald Trump all the way,1
You mean people who exclusively watch Fox News and other conservative media that all receive marching orders from the same place,2
And youre assuming Trump would be exactly like bidenharris or even better I get it youre a Trump supporter enjoy your block,1
Are you making the statement that Twitter execs lied under oath in front of Congress when they said the Biden admin did NOT ask them to suppress the laptop story Even Zuck said the Biden admin did not ask them to censor that story Only Covidrelated misinformation,1
Thats NOT what you said own it Mark Dont be a coward like Biden Youre so envious of Trump that you have become an unprofessional condensing pathetic human Smh,2
Disaster relief is Socialism Therefore no MAGA should be entitled Pull yourself up,2
Heres her entire campaign I grew up middle class I will follow the current laws Donald Trump is a Nazi,2
and actually Silver Bulletin is very conservative much more so than or RealClearPolitic Not that those arent reliable but you want a spread of opinions Yes including Polymarket But polymarket measures how folks respond to poll news as such they are lagging indicator,1
They all look like lightweights next to Biden,2
This is an enormously redistributive tax plan from low and middleincome families to the wealthiest Americans Source Salon time and time again hes telling us who he is time and time again Maga ignore him,2
Is he one thats squandered the money BidenHarris has sent to help with the garbage situation Did he help hide the relief supplies Trump sent after the hurricane,1
Kamala Harris how many lies will you be Telling America tonight How about explaining your actions of the disappearance of children who are either dead or working in labor camps or being abused as sex slaves,2
Elon During Formula racing today ABC broadcast ran a ticker tape across screen that Kamala Harris already won the election,1
Funny Because you support democratic party yourselves Why should we vote for Harris,1
Days until the election amp the politicians have been promoting their favorite presidential candidate except for LAZY Ron DeSantis hes too busy sitting on his as s watching football I cant wait until January when Rons political career is finished,2
Kamala Harris Turn the page Shes a clown LOL Literally makes zero sense,2
Quinnipiac Poll Donald Trump Takes the Lead in Wisconsin,1
She is not the President Why talk to her DeSantis talked to the President Joe Biden Thats the normal protocol Steven Ding,1
Yeah or maybe Harris and Biden could have just supported Musk so this wouldnt be necessary,1
Im very happy to welcome investment that was negotiated by the Conservatives,1
Joe Bidens apostrophe catastrophe,2
joe biden said he would drown trump,2
Should I be more excited about BFCM approaching or US elections ending,1
Due to the time difference and his need to go to bed early by the time Bibi wakes up Biden is already asleep,2
The Last Word Kamala Harris ClosingArgument Ellipse Speech To Bash Obsessed With Revenge Donald Trump With One Week Until Election via,1
Trump team is laying out their plans decades in advance meanwhile democrats had to mad panic rush just to find someone to replace Biden this year,1
China pays there employees hypothetically an hr we pay here bucks an hr how is that the same Hes damn right for putting tariffs on them He did and Biden kept them on I wonder why Trump started the growth the Democrats rode the wave,1
Hillary Clinton claimed she won the election when she ran against Donald Trump She claimed Trump stole the election Just a point of clarification Our government is a republic not a democratic,1
I wish it all goes well for yall Im really scared but I hope that the votes start to come in and that they put at end to the MAGA insanity,2
You can vote to send children to war in Russia by voting for Kamala Harris You can vote for world peace by voting for Trump,2
BTW what excesses are you talking about The planned withdrawal from Afghanistan that Biden botched The peace deals he was making all over the Middle East such as the Abraham Accords The fact that he started no new wars only finished the ones that were started by his,1
Its a hell of a group speaking here People can say what they want but its hard to argue Trump is not building a unity ticket The speakers above include RFK JFK Democrat Tulsi JFK Democrat Vivek Libertarian Donald Trump Jr Raised Democrat Independent now,1
Joe Bidens inflation,1
Remember when Biden got elected and then trains were being looted and now we have plastic over the deodorant,2
The Tiresome Obamas Americans will likely soon enjoy a brief respite fr selfrighteous inaccurate amp arrogant lectures fr Obama family Recently frmr Pres B Obama jetted to Pennsylvania to insult voters who arent supporting VP Kamala Harris Then wife,2
Who are you going to believe The BidenHarris Administration or Your Lying Ears,2
Trump invited the comedian to his rally knew what he was going to say and has not apologized Of course he says he loves them because he wants their votes Biden was not invited to a rally to speak for Harris He spoke on his own and Harris immediately apologized for the idea,1
Why in the fuck would you let Joe Biden say a word,2
The Democratic Party is not interested in the truth,2
Thats why Biden and Jill are furious now LOL,1
Harris shredded for saying shed do nothing differently from Biden Good night to Kamalas campaign,2
Welcome MAGA,1
Voting conservative,1
Youll notice I said somewhat Assigning none of the blame to the Biden administration is just as wrong as assigning all of it to Biden or all of it to Trump,1
PRESIDENT TRUMP Joe Bidens comments were the direct result of Kamalas decision to portray everyone who isnt voting for her as evil and subhuman And we know its what they believe because look how theyve treated you like garbage,2
Someone please explain this to me Why is it Kamala is briefing Hurricane warnings to Americans instead of Biden Isnt Biden the POTUS Last I remember the th Amendment had not been implemented Here is a fine example of lawless Democrats not following the law Nov th,2
But of course Barbara Bush did When has she ever in her life had to worry about inflation tax rates crime interest rates suffocating govt regulations unemployment or any of the other problems that BidenHarris have created or worsened Never thats when Not once The,2
Supreme Court has ruled against this Its illegal Biden Student Loan Forgiveness Plan Sails to Missouri Amid Legal Battles Patriot Powered Network News,1
James Carville Drops One Little Factoid That Could Sink Donald Trumps Campaign HuffPost,1
I seem to remember voting for her in the last presidential election where trump got his ass kicked Her name was right under Bidens,2
Remember these guys are the ones that have their heads up their ass saying I dont understand why this country is so divided Joe Biden cant even take care of Nancy Pelosi She took him down by herself,2
From the biggest piece of shit Biden attacks Trump voters The only garbage I see floating out there is his supporters,2
This is a classic example of a candidate thats doing what she accuses her opponent of Kamala Harris is the danger to democracy she ascribes to others She has no policy except division deflection and insincere lies Side note Heard DC workers are getting OT to attend,2
Biden called half the COUNTRY GARBAGE ON LIVE TV Where is your outrage RIGHT Biden thought it was cute saying that huh STFU,2
MY GUT FEELINGS ARE TELLING ME THAT WE ARE BLAMINGTHE WRONG PPL THE CHAOS THATS GOING ON AROUND THE WORLD ITS NOT JOE BIDEN OR KAMALA ITS THE OBAMAS GENOCIDER GEORGE BUSH SLICK DICK CHENEY BOMB DROPPING OBAMA amp KILLARY CLINTON BIDEN IS EXPOSINGTHEMPAY BACK,2
Do you want to know how to tell when Kamala Harris is lying When her lips are moving,2
TRUMPVANCE MAGA MAHA,1
May her soul see retribution for tragic and unneeded death This is on Biden and Harris,2
Democrat Party did to Oakland If Kamala Harris somehow Steals the election again USA will become CA They have street Takeovers by illegal aliens amp usual Suspects,0
Just look at Biden got million more votes than Trump but all the incumbent GOP Senate and Congress folks held onto their seats Which tells you alot of Republicans did not vote for Trump I reckon Kamala will get even more this time around and win by more than mil,1
We all knew Kamala Harris could not do a hour interview like President Trump did,2
She should be in a care home with Biden,2
Kamala will support Israel do not worry Despite all criticism of Biden he moved all the destroyers there and helped defend Israel I agree Biden wants to appease the enemy for Israel and Ukraine But TrumpMuskPutin would be the darkest time for and the world,2
for Biden thats Americas leader at the moment We have to question everything that is happening Check out and pull the curtain back,1
Thank you Donald Trump for sticking up for America You are my favorite President in my lifetime Life and life around me was so good when you were President I pray you return back to the white house America needs you,1
Musicians Humiliate Donald Trump in Court via,2
The latest installment of the most sophisticated voter fraudBiden Freudian slips among all the rest,2
DOMINION VOTING SYSTEMS SWITCHED VOTES FROM TRUMP TO BIDEN Trump X St Paul Newark Durham Lincoln Jersey City Plano Madison Chandler Gilbert Louis Chula Vista Buffalo Fort Wayne Indianapolis Lubbock Petersburg Toledo Laredo Port Lucie Glendale Chesapeake Grants Pass,1
that are sitting in different departments needed for Hurricane Helene in NC and for future disasters is beyond outrageous and shows the basic incompetence of the BidenHarris administration,2
Top Kamala supporter hates women lol,2
bro Harris slept her way wwillie expand her career been Didis white parties Hypocrites U R u r worried because all of your merchandise made in China will be POOFS U r She amp Biden r Obamas puppets We know Obama is the master puppeteer amp running this country,0
I have a right to call reality what it is When you come through our border with no passport you are crossing illegally You have broken the law Thus you are an illegal alien Period End of discussion And Biden and Harris are complicit in allowing the law to be broken,2
Kamala Harris depicted chained up behind golf cart during Pennsylvania Halloween parade CBS Pittsburgh,1
No you are not Donald Trump You are not even the equal of his fingernail clippings,2
I should have said potential elected official given that he is running for governor Still my point stands Red MAGA and Blue MAGA both have long sought to suppress free speech to control the narrative Hillary has been talking about social media censorship since,1
Republicans and Maga mushrooms that feed on Trump bullshit are so scared of losing they have to resort to undermining confidence in the legitimacy of elections They cant comprehend that Trump has already lost times and only days to the ninth,2
As if MAGA voters were considering her anyway You people are dont think things through Also not as bad as Trumps support among Puerto Ricans,2
Donald Trump I love this HE IS TROLLING JOE BIDEN AND KAMALA HARRIS TRUMPVANCE LETS GOOOOO,1
Im full Maga but Id be tempted to let her fix me,1
He then saw on her Instagram post that she congratulated Joe Biden on his election win and told her to kick rocks,2
Thats odd because under Trumps years only about miles of NEW wall got built miles of upgrade of existing structures bn cost paid by US taxpayers vs bn promised If I were Biden Id have killed a project that has already overrun the budget to do the easiest half,2
Shes not even in the chain of command except when its the border or inflation or funding Ukraine or blah blah blah MAGA mentality is a sickness,2
The best thing about Trump if you detest where the Democratic Party is going is Hes making new Republicans Have a great day,1
"Timmy, the Waffler, will do anything some GOP Douche w/$ wants, til the blowback n lil Timmy acts like he was against it the whole time-living without the benefit of a spine is impossible for most except lil Timmy bases his whole career on being a dishonest toadie, a worm, gross",0
Its really dangerous for our democratic systemCalling Donald Trump a threat to Democracy whilst hes been a president who left office because of an election and didnt do anything as a threat to Democracy is ridiculous,1
Well it was going to be shit and MP's have picked the two biggest shits.,0
Sucks to be MAGA,2
Yep just like the Bible says about us and Jesus Let us go outside the camp bearing his reproach Outside the camp was the garbage dumping area The treasure of Trump Christ and conservative values lost on those who are perishing,1
Access to abortion what amp if there is a secret deal with BC United amp the Conservatives Covid masking Dr Bonnie Henry amp the suitability of Conservative candidates ended up being the issues ICBC also played a role,1
BidenHarris have already price gouged Americans into the poor house with Bidenomics,2
Puerto Rico is a covered in lots of places by garbage polices have destroyed manufacturing in PR Biden called me garbage,2
No one called you Hitler we are calling Donald trump the new Hitler his own said it,2
You have America First in your bio You cool with supporting Nazi Klan American History Seriously look it up You need align with a different team These white maga dudes will NOT protect you,0
US elections Wisconsin is bad news for Kamala Harris says Nate Silver,1
When I was the baby chef for the Bidens they enjoyed babies on rice deep fried baby soup stuffed baby baby ala king even baby potato salad they love babies,2
Problem with leftists or liberals is worried about other countries problems how she never speaks about youth unemployment mortgage fraud lmia work permits fraud and no affordable housing for our seniors as conservative i take of my country problem st,2
My best sources are Kamala Harris and Tim Walz and Joe Biden They always give me the best material,1
BREAKING Brilliant Trump attends his rally in Green Bay WI wearing a trash man uniform Make America Great Again,1
Remember this before you vote on Biden amp Harris fired over k military personnel for not taking an experimental drug but they welcomed millions of unvetted not vaccinated aliens into USA,2
Youre an absolute moron Look at Trumps record with minorities Biden voted FOR segregation and was best friends with a KKK grand wizard Harris locked up thousands of black people for weed Imprisoned single black mothers when their kids missed school,2
For Petes sake what can Netayahu speak with Biden about,1
Yesterday some were asking why USL fell I answered that it may be due to conservative and cautious guidance But the more honest answer would have been that I dont know Trying to attribute meaning to one days fall or rise is futile I dont belong to that game,1
No the US needs to drop Donald Trump,2
Biden said DeSantis is doing a great job amp theyre speaking regularly Harriss political stunt is disgusting,2
Time for a daily dose of reality for by stating facts and asking questions she knows she cant answer without her whole worldview unraveling Fact impeached indicted prosecuted and fraudulently convicted Trump not God Fact A person,2
FYI Biden isnt running for reelection,1
Biden Ducked Deployments Biden did receive five draft deferments but they were granted first because he was a college student and later a law student Following a physical exam he received a different classification exempting him from service because of his asthma,1
Its gonna be close but the fact that Harris is underperforming in Michigan compared to Biden and Clinton in the polls gives me hope,1
They had Hillary winning in and Biden winning in What makes you think they are suddenly skewing the RCP average toward Trump,1
President Trump arrives in Wisconsin to an American flagdraped MAGA garbage truck after Biden and Kamala call Trump supporters garbage,1
WE WONT YIELD TO IGNORANCE WE WILL REMAIN FOCUSED ON WHATS IMPORTANT WE ALL SHARE A DESIRE FOR CHANGE FOR THE GOOD Shadow Senator from Puerto Rico addresses the PA crowd with the facts of the failed BidenHarris administration,2
I will say I think hes a better man than Biden but that isnt saying much lol,2
A little snowflakes Yall love when Trump calls us x worse daily Biden gives one low blow,2
No one likes dictatorship and this is what the Democratic Party does The America dream is the freedom to choose Dictating when we ICE cars ending the use of gas stoves and raising gas prices to end the use of it are everything Democrats say theyre against,2
The garbage movement is awesome Just trash talkin TrumpMAGA Forever,1
Another Nazi has been exposed This is definitive proof Kamala Harris is a Hitler wannabe,0
Kamala Harris already lying in the first few minutes Whos doing chaos and division,2
Ill not be voting for Hunter Biden if thats what youre asking If youre going to complain about nepotism tell what qualifications Jared Kushner had for his role Also lets discuss Saudi Arabia the billion they gave Kushner to manage and Trump looking the other way,1
Its time for him to say hes voting for Kamala Harris Waiting,1
Why should we take you guys seriously on the threat of Donald Trump Hows that going for David Valadao You and are scumbags Heres a look,2
I mean come on left or right you gotta admit this is a badass troll Biden lobbed it right up there,2
Donald Trumps grumpy exit from the White House in drew sighs of relief from many of Americas allies And the possible return of Trump next month is still viewed by them as the political equivalent of the revenge of Freddy Krueger in A Nightmare on Elm Street,1
It wouldnt surprise me if Biden said that to damage Harris chances,2
In two states about k were changed from Trump to Biden They fixed those but were they the only ones Theres some sht happening in PA now In CA it has been there fraud big time for a long time,2
Is it at all credible that Netanyahu tried to prevent the law from passing It smells like a story of how angry Biden is with Netanyahu Where is the restoration of US funding for UNRWA,1
SCOTUS has already ruled in it Bidens DOJ has been refusing states ability to access federal databases to complete their legally required voter roll audits Nobodys voting rights have been violated I hope this helps,1
Theyre the same as democrat Ukraine supporters who insist Bidens ridiculous escalation management Ukraine policy is good They just cant bring themselves to criticize their favorite politician which is really strange behavior tbh,1
We need Trump back you have done enough damage,2
GOP leaders in some states move to block Justice Dept election monitors The Washington Post,1
You can show me where I went wrong Boy I thought the Obama minions were the most obnoxious MAGA clearly has passed them,2
Village People frontman Victor Williss manager sent Donald Trump a request last year to stop using his music but Trump licenced YMCA He is voting for Kamala Harris and says she can use the song for free,1
I have way less respect for Nick Bosa for not speaking on the MAGA hat Like its a lot of white and black ppl supporting Trump and he chose to put himself in the spot on camera but didnt wanna speak in the post game presser Stand on what you didsupport or shut up,2
Donald Trumps granddaughter Kai teases appearance on popular golf YouTube channel Good Good ahead of election,1
PA GOP Committeewoman arrested for telling voters stay in line after worker misleads voterselection worker told people in line to go to Chester Heights satellite office because line was shorter therewhen they got to thereThey were told that they ran out of mib applications,1
Abortion wont keep this country safe Harris isnt competent to be President She was a terrible VP Seems that was the story the media reported until Biden was tossed Now she walks on water Harris wont move the country forward She will only cater to the progressive agenda,2
needs to play all the clips of every time Trump said like this for just as much as the covered Bidens garbage comment just to show the hypocrisy and double standard,1
Hmmmm wars all over the world as biden flow into the complex,2
Political performance You cant name one child killed in Uvalde Kamala Harris will be the next president of the United States Buckle up Greg,2
We have a very unorganized administration FEMAs money is being used for nonnatural disaster emergency brought on by Kamala Harris the borders are She is a danger to democracy,2
Look at the economy now Are you blind What good has come out of Joe Biden and Kamala The worst economy in history but yeah Trump would be a lotttt worse,2
And they call Biden honorable,2
Congratulations to Donald Trump on winning the US election with of the popular vote A remarkable achievement,1
Whats scariest is how many more people died of Covid under Biden even with all the Trump help with vaccines equipment therapeutics etc Is this suprising Per the CDC Covid deaths Under Trump Under Biden,2
The media must not cower before Donald Trump,1
Kamala wheres that Joy tactic you were pushing at your rallies Is Joe Biden doing to you what you did to him You are a Marxist and WE THE PEOPLE know what you amp obama are up to As always no good,2
I second that We are lucky to have Ron DeSantis as our governor,1
Bob Casey is the one of the best Senators in the US Senate because he works for his constituents every single day His opponent for Senate Trump endorsed and MAGA GOP Dave McCormick is a liar and actually bet against of PAs top business including The Hershey Company and,2
Biden and Harris in bed with terrorists again,2
DonaldTRUMP IS A GOOD COMEDIAN JOE BIDEN IS NOT RUNNING FOR PRESIDENT,1
What are you going to do Hate people who hate you to combate hate That is Maga little Christians,0
I dont know who is handling the metrics on messaging for Kamala but the difference in those two approaches is break even at best Very possibly a negative gain because the last thing most Dems want right now is another Biden bipartisan admin,1
If you kill somebody by reckless negligence Negligent Homicide If you recklessly entice fund and disperse millions of Single Men Negligent Treason That is the least that can be charged The BidenHarris Regime has done this On Purpose Premeditated HIGH TREASON,2
Donald Trump to Kamala Harris after getting a lift from a garbage truck,1
"JD Vance always looks and talks the same - suit and tie, same demeanor. Tim Walz is a fucking weirdo who changes like a chameleon, clothing, demeanor, energy, gestures, depending on where he is. He is also projecting like mad here.",0
Its being reported by multiple news sources Its happening in Dem cities Jerome Its a rightwing radical nutjob maga doing it,2
Shes at the business of three people who are voting for Kamala Harris but make their living selling low quality Tshirts to ignorant Republicans,2
Loool theyre keeping her sanitary and letting Biden do what he wants to do and she has the freedom to campaign without actually doing anything,2
lol were you not present for his entire presidency and witness all the vile shit he said like I said you folks have a problem with holding your leader accountable honestly Biden calling maga supporters trash was to good for you them,2
Name one hurricane that Kamala Harris helped with before now,1
When ppl are intellectually compromised due to a mentally aging illness they are more likely to say what they think than not as the American ppl have witnessed Joe Biden do on numerous occasions He meant what he said IMO,2
I live in Essex County where the GOP does absolutely nothing so in I went to Morris County to volunteer They had Scott Presler come to speak amp do training for voter registration They did absolutely nothing with it It was IMO a waste of his time So after witnessing their,1
Former President Donald Trump is proposing a mass deportation if he is elected into office and that could have major economic and social impacts in Maryland a state where immigration has for years been making up for losses in population and the nativeborn labor force,1
Joe Biden did not lose his mind Joe Biden is a Zionist which he proudly proclaims This is what Zionism is He and Benjamin Netanyahu have the same ideology He also is not just supporting genocide he is committing genocide Joe Biden is not hiding who is,2
Coups have consequences Biden owes Kamala nothing but contempt,2
He might declare himself the winner even before the polls close Biden better activate the National Guard,1
we need an open ballot Senate GOP leader position,1
WOW Kamala just said its time for new type of leadership Isnt that her and Biden,2
Biden Kamala It is time for Trump to take the White Houses Trash BidenampKamala Out to the Dump to liberate America,2
I hope he goes amp talks to some democrats amp asks them the same exact thing Thatll be a sure fire way to get him to vote for the Republican Party,1
Biden is not fit for this,2
Bannon is complicitous in the Trump election fraud scheme Imagine calling up an elections official and telling him to find me votes The votes in Atlanta started to move toward Biden and there was a plumbing problem with republican operatives trying to alter the count,1
Wear the name proudly MAGA family Weve got this election Remember its garbage can Not garbage cant Trump Supporters Have Fun with President Bidens Garbage Insult via,1
Nope No blocking by Biden law says that removals from voter roll should end at days before the election This allows people to be informed that they were removed and challenge it Stop making claims with no basis in fact,1
This is why we love Trump and will defend him from the Progressive and Conservative Same Person,1
And after Donald Trump said that America is a garbage can,2
Video This woman is going viral at a kamala harris rally,1
Kamala Harris got caught using fake crowd video AI Colts owner Jim Irsay pushes back after Bill Belichick claims team pumped in crowd noise fictional,2
Kamala Harris makes me proud to be an American,1
The Avengers Reunite Scarlett Johansson Chris Evans amp Robert Downey Jr amp More Marvel Stars Endorse Kamala Harris,1
Dont you find it amusing that Biden Harris call hard working American workers Garbage And not a peep about Illegal Alien rapists and murderers,2
The more you try to put down Donald Trump and his supporters the more we are going to unify and rise up together and win next week Penny Grande reacts to Joe Biden calling Donald Trump supporters garbage Become a GB News Member,1
And yet thats what BidenHarris have done,1
Kamala Harris is a liar who says she comes from the middle class,2
First Biden insults all Trump supporters The HarrisWalz campaign doubles down by insulting the women Trump supporters,2
lol The state that elected Ted Kennedy and the one who continues to elect Blumenthal are the smartest Who made the listHunter Biden,1
People dont vote Conservative because they want someone who tries to tell the truth instead of people who intentionally lie Im a Conservative cant and wont vote for this lot of pathetic human beings and poor excuses as public servants,2
Fact check Donald Trumps closing arguments,1
Our Veterans left behind under BidenHarris A Kamala Harris Presidency will do the same Kamala Theres not a thing Id change Vance points out the biggest difference between leadership of Trump Harris during campaign stop,2
If you think about it Biden saying you aint black if you dont know who to vote for would have turned any reasonably sane person off,2
Heres where youre wrong you are inflating maga numbers to half the population,1
Is A Very POd Team Biden Actively Sabotaging Kamalas POTUS Run It may be that the next assassination attempt the nowdethroned Lady Macbeth plans will be on Kneepads rather than The Rightful President,2
What would you call what Biden said,1
I cannot listen to this Whatever it is just like Kamala Harris NOT much going on in her head,2
Oh but its OK for Biden to call Republicans trash,2
This entire country is finally waking up And realizing That kamala harris without a doubt is absolutely One hundred and ten percent not qualified to be president,2
New Kamala Harris Gives Disqualifying Statement When Asked About Tim Walzs Smear of Trump Voters,1
Buil shit There is too much money in it It may take awhile for the old GOP to shake off MAGA But they will use Trump s name for at least a decade and they will pay him billions to keep his mouth shut he has a lot of leverage on many of them Trumpism isnt going anywhere,2
I cant even listen to your lies anymore You and Biden divided the country You got zero votes You are unqualified like tampon Tim Hes a pedo Why dont believe the kids since you want America Obama doesnt need a th term,2
Worlds most accurate economist predicts Donald Trump win in US election Read full article at,1
This girls eyelashes are pulling the brain cells out of her head You know eyes are an extension of the brain Lying congress people are the problem and she is one of them How many so called Magas have taken over apartment buildings How many Magas have pushed old ladies,2
Wow Direct connection to Janvey and Biden Harris I wonder about the rest of this group,1
Im sick of these articles where Biden pouts about how mad he is about Netanyahu Do something about it youre the most powerful person on the planet,2
Why did you leave your supporters stranded again Donald Because youre a malignant narcissist,2
maga owns these dpshtz,2
Your children ARE NOT SAFE thanks to Kamala Harris,2
Why should we read it That was a deep state Kamala document nothing to do with Donald Trump,1
Just stay the course maga The rest of the country heres eating cats and dogs going to hurricane ravaged areas in the country to campaign and make up stories about the response Supporters saying he won Government controlled weather Couldnt be turning anyone off,2
You voted for Biden Do you know what he said about blacks,2
Do you feel any pity for Democrats stuck with Kamala Harris and Tampon Tim Democracy is on the line and they didnt get to choose their candidates,2
Attacking me personally wont change the objective facts that in the system we have in this election the ONLY way we fallen humans have at our disposal to stop the evil that Kamala Harris wants to do to Americas children born and unborn is to vote for another fallen human,2
First of all just how Ill informed Melania is Its not the outgoing first familys role to help them renovate and decorateyears And by the way did sheeven greet Joe amp Jill Biden No She and Donald just slinked away,2
Whats so appalling Is that biden can misspeak on a subject and the right goes crazy Trump says things intentionally and we take it as normal Trump has told you how he feels and what he is going to do If hes reelected stop fucking around,2
Im not saying hes better But shes in power right now Biden is a husk Shes responsible for countless deaths,2
This is ridiculous spin Biden has been the most divisive president weve ever had,2
This is what the map looked like right before Joe Biden dropped out,1
Donald Trump stirs controversy by calling it a garbage truck instead of a sanitation truck sparking outrage from millions,1
Why do your employees phrase everything to look bad for Donald Trump when in fact this is all about Biden calling us garbage because a comedian told an offensive joke Please check on this for us I know you cant watch every little thing but they do this type of,1
What Im curious about is the percentage of people coming in to the people being deported out Could Biden have deported more people than Trump Certainly But if Trump saw million illegal crossings and deported million while Biden saw million and deported million,1
I usually agree with your stance on things but your reaction to this is truly ridiculous JRM is a class politician amp person amp a real Conservative more amp more I like what Jenrick says But why should I remain a member when some of you MSPs are so wet,2
Stephen Colbert and Kamala Harris didnt want to discuss the missing children on the BidenHarris watch Vote,1
Im sure you think Donald Trump is honest,2
THE TATES ARE SCUMBAGS YET HALF OF MAGA LIKES THEM,2
No it will be a good life lesson for them and turn them conservative after they realize mass immigration and being overly empathetic is not the smartest way to go,1
Name me lie I have ever told on air in years I will wait Be specific you MAGA turd,2
She kinda flamed out once the debate glow faded Just like Hillary and Biden faded in October Just hope she can hold on,1
Harris hits Trump over his protector of women comment PHOENIX AP Kamala Harris said Thursday that Donald Trumps comment that he would protect women whether they like it or not shows that the Republican presidential nominee does not understand,1
Help me Donald Trump Ive overdosed on ibuprofen,2
Trump claims using the word garbage is worse than deplorable yet he uses it a LOT himself with purpose and deliberately lies about its use the ONE time Biden says it garbage referring to the hateful and racist comments the comic,2
Im watching this from Essex in the UK Its Entertertaining fascinating and at times troubling at the attempts at election fraud by the Democrat Autocrats in positions of power Good luck Donald Trump et al Ill be watching and hoping on election night On X of course,1
Most libertarians are constantly criticizing each other even friend If I was going to vote Id pick Hunter Biden over any of the tyrants on offer thats a man who understands freedom and resistance to tyranny Hes done more to defund the IRS than the GOP too,1
Biden probably cant get out of his bathtub by himself We has one of those old guy plastic shower benches,2
Kamala Harris previously claimed Trump is canceling events because he is exhausted even though Trump is holding or rallies and speaking engagements per day,1
The gift of the ccp occupation of DC via Joe Biden is we now have clarity of who is a good person and who is evil This is a big plus going forward,1
Biden is no longer running So comments like this are not necessary,1
People think theyre free from modernity but theyre not Theyre not involved locally they dont know their local community and they sure as heck arent thinking about their local elections Which you know the whole conservative shtick is supposed to be about Small government,1
thinking back on all the shit trump posted on joe biden in and hillary clinton in makes me want to post this again and again hes an old man with a fragile ego,2
Biden is a nonce,2
Whats funny is the first year ALL MAIL in happened in WA the GOP WON the SENATE More Seniors and Disabled voted and the GOP won elections Than something happened in when someone got elected to President Hmmm What was it,2
Like most of the BidenHarris regime policies they say one thing do another The combo of their words and the fact we have been long time allies creates that perception among those not watching their actions closely A nd Trump admin would get that relationship back on track,2
Not only that Donald Trump is so childishly dangerous that he would not even give Joe Biden a briefing before Donald Trump was booted out of office and stole historic artifacts which they had to return in the exact date for your friend up there was January th,2
Watching Rustad was like watching a GOP Senator dabate in the States Cringeworthy RW dogwhistles Repeatedly,2
Hey BidenIm still waiting sitting here all scared of you,2
Park your Jew hate Plenty of non Jew Zionists facilitate this genocide and the ammo required to conduct it Biden for one,2
The party who defends Joe Biden remaining president all the way through the next election doesnt get to say shit about cognitive decline,2
Well the GOP refused additional funding for FEMA amp went on vacation Mike Johnson so far has refused to call them back to make them vote on more funding FEMA is working right now Its a major disaster amp there are no quick fixes,2
Donald trump all the way,1
In days we pull the tooth that has been throbbing on the national scene for years causing America more pain than the country has ever known The abscess know as Donald Trump will be thrown into the waste heap of American failures,2
She has nothing to say She has a script and that all she is capable of Biden called her stupid and lazy First truth he said,2
I just watched an interview with Kamala Harris and Shannon Sharpe and I was blown away by the ease in the way she makes up facts and outright lies,2
have they been paying attention the past and half years or what The BIden Regime is jailing its political opponents whistleblowers journalist and destroying the lives and careers of anyone who doesnt go along with their lies and tyranny WOW,2
Anyone catch Bidens panda eyes Halloween gig tonight There is a reason Trump says these people are sick,2
Not to mention why is BidenHarris sending money to Lebanon for damage caused by weapons that are partially funded by money BidenHarris sent to Israel What the hell,2
wow imagine being this much of a Fascist and supporting the Biden Harris censorship dictatorship fools abound,0
Kamala Harris retools media strategy with unscripted interview blitz,1
Why lie Do you think people arent aware that Speaker Johnson has once again stabbed the GOP in the back just like he stabbed them last year when he took a position that under no circumstances could the border crisis end Seriously why lie knowing no one will fall for it,2
I already voted Michelle But I voted for a real leader Donald Trump,1
why are you amp other GOP so scared to have DJTs medical records released What do you already know And yes as a military retiree America needs to know if DJT is fit to be CommanderinChief Again what do you know amp dont want released,1
Minutes cuts interview to cover Kamala Harris horrific performance,2
Out of a bazillion words in the English language class is the last one anyone would associate with Donald Trump,1
Trump cheats and Republicans gerrymander,2
Trump pulled up in a MAGA garbage truck with a safety vest less than hrs after Biden called us garbage and youre blackpilling,1
I understand kamala takes over if something happens to Biden but we were picking a whole new president Thats why I cant get on the kamala train the people didnt choose her in,1
now u can put donald trump x in your bio,1
Kamala Harris didnt do SHIT in California to illegals She was a down on her knees type girl willing to do the dirty to keep her job,0
Donald Trump is a devil incarnate Good represented by Kamal Harris will prevail over evil that Trump is in this November presidential election You will see,0
Biden got it right I guess theyd prefer to be called trash instead,2
Donald Trump is against the whole establishment and if you believe otherwise ask yourself why his voters hold of the wealth in the USA and why do democrat voters hold you think its the common man trying to feed his family and take care of their loved ones who hold,1
This isnt a symptom of Bidens senility He has always been this much of an asshole,2
Kamala As I travel our country there is an overwhelming call for a fresh start Wild thing to say as the sitting Vice President of the United States,2
This doesnt even make sense America has always bombed other nations Under Trump under Biden etc Trump threatened nuclear war every chance he got,2
ForexLive US oil and gas production climbed to record highs under Biden this election wont impact,1
Listen to Donald Trump He is offering FASCISM He is not trying to hide it anymore Only our VOTES can STOP it,2
My Friends ampFellow AmericansJames Woods Rips Biden Calling Trump Voters Garbage Send This Worthless Fool Back His BasementBIDEN Clearly a LAME DUCKage has caught up with himAngry useless old man kicked to the curb by his Democratic Party BYE,0
Biden is eating our babies,2
Every tribe has its devoted nuts Look at BLM Look at MAGA Theyre the same in that they make the group their identity Look at peoples Bios If they lead with their religion or politics they are likely insufferable,2
Judge Joe Brown Spills the TEA on Kamala Harris via,1
lol you are trash then like all maga trash sellouts,2
Keep in mind it was Donald Trump They called the United States of America garbage we are not garbage Puerto Rican are not garbage The USA will prosper more vote Harris,2
RNC Files Emergency Application in Supreme Court on Pa Question,1
Let know if you agree with him or not Howard Stern told Kamala Harris that he hates seeing her being mocked on Saturday Night LiveI hate it I dont want you being made fun of,1
Thats not fare I live in District home of Trump wanttobe Markwayne Mullin and wanttobe Markwayne Mullin Josh Brecheen home of MAGA Bullshit The Nations in District are whats keeping our heads above MAGA CULT Sewage,0
Donald Trump speaks the truth She lied at her rally today Kamala is a LIAR Everything that comes out of her mouth is a LIE Its MADE UP FICTION and shes doing it because shes losing and losing BIG,2
And Biden and Harris have donated how much,1
"Fucking WOW. To quote ""They smile in your face, all the time they wanna take your place. The backstabbers."" He was just smiling and carrying on and now that he got DNC money for his race, he pulls this. Just wow.",0
They are more than happy to dump on Biden now that he isnt running again Read Bidens Shocking Profanity on SmartNews,2
This is Phill Lowcock professor at University of Kansas Hes calling for all males who do not vote for Kamala Harris to be lined up and shot,2
Bah ha ha Biden is the worst president to hold office ever Worse than Carter,2
National Guard investigates Black Hawk filmed flying low over hurricane relief site confirmed this did happen and kamala harris directed the ordeal,1
Its reporting is GARBAGE and Joe Biden call me and every TRUMP SUPPORTER garbage and Biden didnt apologize typical for a democRAT The party is POISON to America PROVE ME WRONG,2
How is it insulting for the only black President in this history of the USA to tell black men or anyone for that matter how they should vote Voting for Jill Stein is a vote for Donald Trump People who voted rd party in are part of the reason Trump was elected,1
Irrelevant MAGA couldnt stop posting polls showing trump ahead of Biden Your point has been trashed,2
You realize the Supreme Court overturned it and not trumps campaign right,1
Trump is hitting hard with the truth Kamalas policies are putting Americans at riskshe doesnt belong in leadership,2
And as you might remember Biden got Americans killed by pulling out of Afghanistan like a coward didnt leave a support group of Marines and didnt even tell our partners He also left people who helped the US and their families behind,2
No I dont I think he liked all the money he got from the Biden Harris campaign,1
I live in WNC National Guard rescue missions using helicopters is around FEMA was here setting up command posts just prior to and immediately after the Strom hit But even Maga who live here and can see them still lie,2
The most accurate pollster of just released their final polls and has Trump up in swing states and nationally,1
Voted early for President Donald Trump and all red down ballot,1
Pornmakers come out in support of Kamala Harris It Makes Perfect Sense that members of the porn industry endorse Kamala Harris because they are doing to each other what Harris and Biden are doing to the country,0
Its the deceiving Weve had it from these people we elect Kamala Harris is illegitimate No one voted for her yet here she is Remember everyone we dont vote for the one thats a threat to our democracy,2
Love you Catturd This little girl is happy theres so many smart conservative kitties out there,1
LIVE President Biden Press Conference JEFF DUNHAM via,1
Lets have some fun with Chris I love that the Trump campaign is in such total disarray that they are texting mea hardcore BidenHarrisWalz supporter My ballot was received and signature verified by on October th What should my reply be back to Chris,2
I already voted for President Trump in Ohio It was my st time ever voting early I wanna make sure I get mine in Like my post Mr President please,1
cubans comment is to distract from what biden said do not forget we are trash to biden,2
Yep thats Joe Biden out there,1
Mark Cuban believes what he said because all he has been doing is surrounding himself with Kamala Harris and her cronies So he is assuming all women are the same Cuban we are nothing like Kamala Harris and her cronies both men and women,2
Did Kamala say she wouldnt change anything f Americans say economy is better It looks like only the rich people are doing better because Bidenomic is not working for me or for Americans You have to be stupid to trust her or vote for her,2
why does my classmate have a Donald Trump assasination shirt,1
WOW Yall gotta watch this Kamala Harris is MK Ultra and her handlers are the communist Chinese Be afraid,0
Lets be clear Jeff Bezos is not only a coward he is now Trumps little bitch He better hope Kamala Harris wins,0
Donald Trump NEVER AGREED TO THE minutes interview Fact,1
So apparently is Joe Biden and yourself,1
Transferred the presidency to the BidenHarris administration just like everyone of his predecessors,1
Fuck Israel. Fuck America. Fuck Joe Biden. Fuck Kamala. Fuck Trump. Fuck Democrats. Fuck Republicans.,0
Astounding Governor DeSantis has the State of Florida hit by one deadly hurricane and a second sure to be deadly hurricane making landfall tomorrow set to rip across the entire center of the state and what is Border Czar Kamala Harris doing Shes whinging on the news like a,2
According to maga because the government is controlling the weather,1
Wait until you see Reuters covering Biden apparently biting this baby,2
Liar I have listened to what Biden said over and over He called us garbage,2
No accountability with biden harris leftist marxist government,2
Is this the simulation Gop red redpoll Democrat blue bliepill,1
Harris calls us fascists Biden calls us garbage Hillary calls us deplorables Obama shames the black voters into submission Cuban calls us unintelligent and Walz calls us Nazis So how it smart that you insult more than half of the US when you are running for President LMBO,2
WRNYGov Musk better every thing in his power to elect Trump Need to clean out the Biden corruption,2
I know the answer to that one Because Trump thinks that undermining the relief efforts will create the perception that BidenHarris are not doing their job He doesnt care who gets hurt in the process If creating that perception helps him win hell keep at it,2
The surest sign yet that the GOP thinks Donald Trump is going to lose via,1
Trump in a MAGA garbage truck and Biden biting a baby,2
Just a reminder that without the spray tan or unevenly applied Weekend At Bernies foundation Donald Trump would look about the color of death Too old to be President,2
Kamala Harris closing argument is Donald Trump is bad,1
The media and the polls are lying to you Respublican support is imploding with these amoral ghouls representing the GOP,2
Willie Nelson ENDORSES Kamala Harris via Once You Go Woke You Go Broke Ex W N fan,1
Blame Trump that the half assed border bill didnt get passed even though hes not in office but what about the other years that she did nothing and Biden immediately undid Trumps policy that protected us Never let facts affect the liberal narrative,2
Kamala said Biden was fine two months ago,1
Trump continues to win support from hispanic voters,1
if Donald Trump was the best republican to nominate for why did you run against him in the primary,1
Ever consider not all Trump supporters said FJB Joe Biden said all Trumps Suporters are garbage That includes police nurses border security teachers members of the union independents and so many more Not smart Sincerely Garbage American,2
I am a Republican and I am voting for Kamala Harris this November,1
HARRIS Donald Trump spends his time attacking great American cities full of hardworking people Hes not looking out for you,2
I moved from PA where in I went to bed with Trump leading by hundreds of thousands of votes only to have Biden overtake him during the night so maybe thats why to me margin needs to be bigger,1
and how many in US elections,1
This is for all the women who will come together and win the election for Kamala Harris Send this to every mother that you know Thank you to the talented Jennifer Garner for lending her voice in helping us get this message across to voters,1
When has Biden ever been this crafty Or quiet about whats on his mind His chessplaying has always been visibly threedimensional,1
No he didnt His generals stopped him He wanted to attack Iran until the generals gave him some eye opening analysis Same reason Biden stopped Bibi,1
Varney Harris cant name one thing shed do different than Biden via,2
unfortunately its not just about Boris if he had continued with the i conservative approach the party has then he wouldnt have won either a fundamental change was and is required before anyone will consider them as a viable option,1
Thank You Joe Biden For The Garbage,2
We know that the Biden administration is in total disarray Its a free fall now,2
Actually more people died of COVID during Bidens presidency during the same amount of time,1
Psyop I question those promoting it Think Witmer Dorito CommunionBiden baby fondling and a Panda They want a Civil war in the worse way,2
No it isnt Im saying that the GOP is on an insane xenophobic kick Anyone Latino black or otherwise who disdains immigrants works against themselves and everything this country stands for I get your argument Ive heard it over and over Its just not one o agree with,1
Yea same person who told us shed let the american people know if Biden was unfit,1
She honestly said on the View that she wouldnt have done anything differently than Biden How is this a good thing again,1
If you want to point out disproportionate failures and achievements why did it take Biden years to implement his so great border policy executive order Fun fact What Trump had in place was working until Biden undid it,1
Biden is producing more than any president ever has,1
Neither one has a functioning brain Both covered for Joe Bidens dementia Neither one can function without reading a script Both wrong on policy and ideology Neither can define word woman Both are DEI hires not merit hires Both lie on television,2
Well happily take Donald Trump,1
If Donald Trump loses this election its not going to be because he didnt give it his all This was the best today,1
Shocking US Poll Results For Kamala Harris Nate Silver Predicts Ch via,1
I still think theyll have a medical emergency and end Biden before next Tuesday and they make her president They are desperate,2
lol AOC we all heard what Biden said last night the Democrat campaign is done,2
Wait Bullfinch is GOP pollster,1
Its amazingly how easily all these magats lie you are disgrace to the office,2
This is the same group of people who claimed Biden won the election,1
Fox News and Newsmax can drop the act of really caring if Trump called MAGA garbage when they werent outraged at every horrible thing that Trump has said,2
Im so sorry for you and your family My family is voting for Kamala Harris,1
Trump does it HUGE all the time MAGA MAN,1
Were going to watch the election results on tuesday to forget that Kamala Harris exists,2
I really believe Va is in play There is a reason Youngkin was at the RNC sitting with Trump I believe there is a lot more to va and they have been stealing the state since the Clinton machine came to town,1
Donald Trumps name doesnt appear on the first screen CAs order is based on a random alphabet system,1
Kamala Harris says her policies were the policies of the Biden administration,1
Baby bitin Biden,2
Imagine if Biden did this,1
Trump riding around in a garbage truck in Green Bay Wisconsin after sitting President Joe Biden called half of Americans Garbage,1
Last election there were more votes counted than the amount of registered voters in America Not sure if you heard that or not Was also funny that a lot of the cheat ballots only had Bidens name checked off Totally obvious Should have thrown them all out as fraud,2
Ive already removed over a dozen old friendships from my life due to extreme differences in moral values ANY SUPPORT OF DONALD TRUMP AND HIS SYCOPHANTS IS A DEAL KILLER FOR ME,2
Harris and brainless biden pulls the resources bc they gave it to ileagals and says if you cant provide for you kids durring this disaster then well take your kids instead of helping them Smh evil woman,0
Joe Biden said what,1
Biden All I can tell you is Ive talked to Gov DeSantis Hes been very gracious Hes thanked me for all weve done He knows what were doing and I think thats important,1
Disagree there Regularly when Dems try to play to what leftists want they get screwed and dont actually get those votes anyways Conservative Dems and disaffected republicans are the easier vote to get Just gotta do what you gotta do to win Shes not making concessions,1
But you didnt care if Biden released his records when he was in obvious mental decline,2
Same here about Biden When he had that wide eyed clueless lookI see that all the time,2
Nope all lies You MAGA just love making shit up Bottom of the barrel Going to be great when he losesagain,2
Kamala has never been president Also Trump is on the list of worst presidents while Biden is on the best list,1
Pres Biden center holds a Kansas City Chiefs helmet given to him by Chiefs head coach Andy Reid left and Chiefs owner Clark Hunt center during the teams visit to the White House,1
"I keep hearing the same names, Donald Trump, Keir Starmer, Macron, Albenese, Trudeau, Von Der Leyen etc etc and always my question is the same... Who died and left these imbeciles in charge? Time to grow up and take back control people. This is our world it is not theirs!",0
Its fake from your maga superiors,2
How do you like my garbage truck in honor of Kamala and Joe Biden Trump He actually did it,1
Im infuriated by the massive cheating happening Make it too big to rig folks TRUMP,2
Another evil Democrat threatens to kill President Donald Trump because he knows they cannot beat him in an honest election They will lie cheat amp steal to remain in power maybe even kill,2
You are trying to be Hitler You are so full of hate and venom You are the one whos been saying you hated America you called Americans garbage you called Latinos garbage you called Jews garbage you called Democrats garbage Dont try pin this on Joe Biden,0
President Trump Arrives in Wisconsin with a Surprise A MAKE AMERICA GREAT AGAIN Garbage Truck In an unexpected twist of political theater President Donald Trump touched down in Green Bay Wisconsin today October to a greeting thats sure to be remembered for years,1
Youre famous Apparently MAGA isnt as shallow as they the left want to say it is Also look at the love amp community they offer Id say we but Im Canadian My house has unique characters also Congratulations on the fame amp more importantly bright attitude,1
Biden and Harris made it so in order to live the same as you did under Trump you need to have a second job They call that job creation but I call it slavery,2
Kamala Harris continues to harm Americans after million illegal aliens have entered under her approval This time a year old and Year Raped by an illegal,0
remember before biden dropped out minnsotta wa sone on non battleground blue states trump delsionaly thought he could flip,1
Bidenappointed federal judge bars Virginia from purging possible noncitizen voters on its rolls American Thinker,1
Most of the calls were during the period when the GOP stopped aid to Ukraine while the kremlin troops were reorganizing,1
Is banning some guns banning all guns using MAGA circle jerks logic,2
Oh Man! The shit talkers on MSNBC are melting down due to Bobbie Kennedy over seeing the FDA/USDA......They are having a shit fit. Its glorious! RFKJr Trump2024,0
No way Not in the FREE state of FLORIDA How dare people not agree with Ron DeSantis That is not allowed,2
No Donald Trump will not be ambulatory in four years Hes declining rapidly,2
A product of the BidenHarris administration Its called forced indoctrination A direct attack to remove parental rights and incite disobedience in the family structure,2
The MAGA voters who died from Covid didnt vote,2
In Alaska the Democrat has gained ground on her opponent former President Donald Trump in recent weeks,1
Mayorkas calls on Congress to fund FEMA disaster relief warning hurricane season is not over Biden and Sraff are ALL PATHETIC AND IGNORANT WAKE UP AMERICA AND VOTE TRUMP,2
Donald Trump and Sean Hannity really hate Puerto Ricans,2
To be fair neither she or Biden ever made any of their own decisions,2
I dont understand this strategy by Kamala It actually hurts her and does nothing to convince undecided voters that she will not be another four years of BidenHarris She doesnt appear to be smart enough to overhaul the problematic aspects of the last four years,1
BidenHarris appointed judges continue to be fierce advocates for the safety of our communities and advocate for the law to reflect that,1
when i hear one valid argument for biden gaining votes overnight after votes had stop being tabulated for the day in michigan i will concede been years am yet to hear one though,1
That whole biden thing was planned and she knew in advance cut the horseshit,2
I dare you to try to find one photo of someone praying for Kamala Harris Its clear to me if you believe in God,2
All they have to do is eave drop for month nope hes a conservative dont poll him,1
Donald Trump wants to be a Dictator on day one I dont care how much eggs cost DJT wants to tear up the US Constitution I dont care how much eggs cost DJT wants to take away womens rights I dont care how much eggs cost,2
The evolution of Conservative Christian attacks on my family LIAR Political propaganda Baby killer Too bad your wife didnt die Your daughter is a slut Today the Pro Life MAGA folks are calling my old daughter a slut Think about that,0
Are you saying Donald Trump is Charlie Chaplin,1
I agree Obama is a pedo human trafficker satanist cannibal etc etc PRESIDENT DONALD TRUMP is none of those,2
Biden Netanyahu speak ahead of expected retaliation against Iran From the article Israel has been carrying out air and ground assaults in Lebanon after decapitating much of the USdesignated terrorist groups leadership which has frustrated efforts to advance peace talks,1
Cackling Harris and Corrupt Biden And The Hate Filled LeftWing Loons Will Block Silence Commit Voter Fraud and Terrorize Anyone Who Threatens Them Time To Put A End To This Madness,0
Nope voted for Kamala Harris I have Dump Trump Syndrome So I dealt with it with early voting,2
And you gave them the money to do this Money borrowed from future generations You are as bad and rotten as she and Biden,2
Did they denounce Biden calling Trump voters garbage One was a joke albeit distasteful to some The other is an attack on million Trump voters,2
The BidenHarris lineup,1
Well I have hopes and dreams and they are for Trump to be our next president Trump,1
Strong Proven and Ready Nikki Haley Rallies Support for Trumps Track Record You dont have to agree with Trump of the time to vote for him With Donald Trump we know what were going to get We lived the economy under Donald Trump We know how strong he was on the,1
Election forecasts agree that theres about a chance that Kamala Harris will win and that theres a chance that Trump will say that he won,1
Biden is one sick pup,2
Between the dog going crazy my wife still working and trick or treating starting so damn late I put a bowl out of pcs of candy First group of kids emptied the whole thing in their bags dressed as Kamala Harris as Joe Biden and as Tim Walz So typical,1
GOD IS IN CONTROL Lets make this perfectly CLEAR dumbass Donald Trump YOU ARE NOT GOD From what Ive seen from you youre in no way related to the great spirit Papa lead us to the valley of the shadow of death And build a jail cell at the end for Donald Trump,2
CNN doesnt have a line anymore Hunter Biden snorted it Adam Hunter with,2
Palestinian Authority must engage in broad meaningful and systemic reforms in order to ultimately prepare its institutions and people for statehood and peaceful coexistence with Israel This statement was worded in a resolution that Kamala Harris sponsored in,1
I wish I could find just one example of a vote being flipped to Donald Trump Unfortunately I dont think Ill ever get to see it,1
Opinion Iran emboldened and enriched under Biden administration Sky News Australia,1
They put this ad up in New York noticed the womans carrying a Bible and the mans carrying a Christian companies cup The Democratic Party hates Christians Kamala even kicked someone out of her rally for saying Jesus is Lord,2
Making an executive order against a woman to have sex with her and then to silence her so she cant use her brain is the most grotesque and infamous thing that a President and Vice President like Joe Biden and Kamala Harris can do,2
Read Opinion GOP holds Americans disaster relief hostage Theyd rather push conspiracies on SmartNews,2
Why would Democrats burn a ballot box Democrats support the use of ballot boxes Its MAGA who opposes use of ballot boxes and threatened to get rid of them Its more likely MAGA is guilty Do you agree if MAGA was found to be guilty they should receive years in prison,2
No right to education Jesus Christ The MAGA movements goal is to turn us into Somalia That may actually be an insult to Somalia,0
Vice President Kamala Harris on Tuesday told hosts of the daytime talk show The View she would not have done anything differently over the past four years compared to President Joe Biden,1
Trump said that Biden would ruin the economy And that the Stock Market would plummet under Biden And with the Stock Market at near record highs and todays report people should trust Trump because,1
This sounds like jealousy to us Barbara tries to blame losing her job on Trump and cant let it go Truth she couldnt adapt to how Loudoun has changed Adapt or lose Barbara,2
NY appellate court sides with common sense Trump and the Constitution Congratulations amp Team,1
RCP no tossup finally has Trump winning,1
TRUMP AF We arent doing this shitshow anymore,2
Im upper middle class and can still feel the inflation Biden Harris administration by provoking WW with Russia and writing blank checks to Ukraine and other allies while using the petrodollar to sanction any nation that disagrees thats how we have BRICS,2
No Biden called all his supporters including me garbage last night,2
Not at all obvious No evidence of how anyone is voting at this point Crowd sizes are meaningless Ask Trump about vs Biden Honestly dont see excitement anything like Obummer in Its a tied race No one knows whats going to happen Calm down,1
The latest inflation numbers are out Everything that was too high is higher still And the Green stuff Biden Harris pushed on us was one of the drivers They want us to go all electric and that is where the most dramatic increases start More in comments,1
Trump is referring to politicians Biden is referring to voters Why is this so hard for you all,1
Less access still means access Biden neve fires anyone Be it for treason or incompetence or failure Insane,2
With a Trump Presidency and Musks Space X well be to Mars in no time,1
WEEK UNTIL ELECTION DAY There is uncertainty entering the final full week of the campaign with Democrat Kamala Harris and Republican Donald Trump locked in a fiercely competitive presidential contest See the election candidates and key deadlines in this,1
Puerto Ricos Republican Shadow United States Senator Zoraida Bux endorsed former President Donald Trump despite controversial comments made about the island by comedian Tony Hinchcliffe during his Madison Square Garden rally She needs to be a shadow back home,1
Hillary just said that Donald Trump was a danger to Americans I want to tell her the only danger to us is her and all of the democrats and the only reason they hate President Trump is because they know he is going to to expose all of them and prosecute them Praise the Lord,2
He absolutely meant to say it It would be nice if for once in his life Biden took a responsibility for his bad actions and apologized,1
Wow people have packed this stadium near UWMadison to see Kamala Harris at a rally LOTS of young amp firsttime voters who are so fired up amp who will turn out to make sure we win Wisconsin,1
IMG wake up Maga supporters,1
Donald Trump lies every time he opens his mouth I dont see the problem,2
Is there a video of Donald Trump calling all million or whatever American Democrat voters communists or vermin or whatever you mention here,2
Is that Jill T Biden,1
"You're right. It wouldn't have happened on your watch because you would have forced Hindu's to submit to their oppressors just like you'd force Ukraine to submit to Russia and Tiwan to submit to China. We all know you're wanting WWIII, not Harris or Biden. That's why ur a loser.",0
This will come in handy after the election will know how to take out the garbage Biden can be the first one in line,2
It cant be true Donald Trump has been doing this side hustle as a garbage man for as long as I can remember,2
Donald Trump thanks you for your vote sir,1
Obama was the worst followed closely by Biden,2
Another Maga Congress woman Ugh,2
ABC in FEMA funds approved for migrants ABC in Biden never used FEMA funds for migrants,1
This idiot thinks Harris is gonna snag more than Biden who snagged more than Obama These people are delusional lol,2
No surprise and MAGA will cheer him on for being a savvy business person,1
Because if you think Trump amp Bibi are going to join hands with the people of Gaza amp sing Kumbaya after January while only the Biden administration is preventing this joyful celebration of peace you are as stupid as a bag of hammers,2
Biden will be remembered as a amazing president who GOT THINGS PASSED AND DONE Any one who has flies knows how bad ass this is,1
The support of these figures was vital in Hindenburgs decision to appoint Hitler as chancellor Once elected the conservative elite soon realised that they had miscalculated Hitler and his intentions,1
Libertarians need to work on strategy amp so do anarchist if they ever want to win real freedom Were moving the Overton window amp thats the right thing to do You have people running in Republican party talking about getting rid of income taxes How main stream can we make it,1
Lol Best President of our lifetime Trump,1
Just needs a couple of trash cans named biden and Harris,2
Well many of them do not vote in the US elections Most American Jews will vote for Harris,1
Hollywoods New Low Julia Roberts Encourages Lying in Kamala Harris Ad,2
I didnt overcorrect Even if you think WI polls only have a error this time she is toast unless she can win NC or GA Those are states where basically Dems have lost all elections in forever except for Jimmy Carter in Obama in NC in and Biden in GA,1
Watching President Trump living rentfree in amp heads is like watching my cat playing with a laser pointer Every time he moves theyre there Quick somebody tell them to say three times in a mirror,1
I live in Ohio and someone ate my cat this morning He looked a lot like Hunter Biden,2
Kamala Harris is struggling to connect with voters facing criticism for her negative campaign tactics and lack of solutions for ongoing issues like inflation and border control Many Americans feel the Biden administration has failed with only,1
Defending our democracy means defending our fundamental rights freedoms and way of life We wont let Donald Trump and MAGA extremists take that from us,2
From the moment I saw it I thought Biden shouldve just said The comedian and racist members of the audience mocking Puerto Rico and Latinos are garbage,2
Really You going to see him when hes in your town You think calling out his lazy unfunny racism is good for his brand with anyone but his core MAGA audience,2
I wonder how Leslie Knope is taking how the Ds kicked Biden to the curb,2
You amp Kamala and Biden BLEW IT Trump Brilliance amp Creative Solutions will save America Versus Kamala blank slate empty pantsuit puppet,2
Trump Takes Coachella Because Who Needs Swing States When Youve Got Desert Vibes In what can only be described as the boldest move since Kanye headlined a Sunday Service at Coachella Donald Trump rolled into the California desert to rally support in a state where he lost,1
Because Biden Harris support terrorist states Theyre for Israel the same way theyre for securing the border,2
Video When cameras panned to the former president of the United States Donald Trump the AlabamaGeorgia crowd reacted Source,1
Love to have been engaged in the Trump campaign but it was obviously I was not told about it and so I never really got involved but I actually voted for Donald Trump anyway,1
And are supporting Kamala Harris like shes a Diddy Party Girl,2
Joe Biden is really disgusting,2
Biden Announces B to Reduce Carbon Emissions at Ports Ports are the linchpin to Americas supply chain Biden said in a speech at Dundalk Marine Terminal Tuesday,1
Trump on his way to dump garbage on Biden front yard,2
And how the MAGA movement has become a juggernaut,1
I see I hit a nerve I love it when I embarrass a Lying MAGA with facts You all cant stand the truth Youre just another MAGA Weirdo Sucker You Fuck yourself Bye,0
She has no place in a nd Trump Admin,2
IS THIS REAL that in Kentucky VOTING MACHINES ARE SWITCHING TRUMP VOTES KAMALA HARRIS INVESTIGATE IMMEDIATELY,1
If you want another million illegal aliens raping and murdering our people and taking millions of jobs from our people and bankrupting our social services and healthcare systems then Kamala is your gal Only uninformed people with blinders on would vote for Kamala Harris,0
What political tribe do you think Im in Im not even American and I dont think you have a tribe that Id fit into Not sure you realise just how samey US presidents are on foreign policy Trump aside theres little difference between Democrats amp Republicans Biden a disaster,2
Kamala Harris is Just a Scary Woman to Think of Her walking around out in the world is Scary enough but WOW as President WOW NO WAY Cant Happen,2
MAGA hats and Trump Bibles made in China Doesnt surprise me,1
A Black agenda is coming soon yet shes been promising Jews shell work on their behalf since before Biden dropped out Pfft They can have it imo Ive bowed out of voting for Democrats Its so insulting at this point They dont see the power in our vote,2
He is immune to her political grandstanding He had already spoken with her boss President Biden and gotten everything he needed,1
Why didnt Kamala and Biden do this in the past years,1
Make America Great Again Trump did it after Obamas destruction Hell do it again after the Biden fiasco Fuck all you libtards,2
The same tired accusation There are videos of Kamala Harris admitting to abusing her powers as a prosecutor and as AG Trump was proven innocent of all allegations against him,2
Harris amp Biden already collapsed it Trump is the only one that can rebuild it,1
How can you not love him TRUMP,1
Billionaires backed Joe Biden in the election verses something for Trump Explain that You were probably one of them Made friends with Soros I presume,1
Im reposting every major celebrity who supports Kamala Harris our next president,1
Kamala Harris rally in the heart of Washington DC a safe blue electorate is getting smaller turnout than Trumps MSG rally just a few days ago in the heart of the safe blue electorate,1
Biden won by points,1
Sure because nothing screams white supremacist like Kamala Harris,2
Donald Trump didnt even know that Puerto Rican guy was there as a comedian He has no idea somebody else did it and sadly the Democrat party is just calling the entire rally about that second stupid joke,2
Why is Joe Biden biting this baby at the White House Halloween celebration,2
What has changed in past one week They were neck and neck going into October and now suddenly this happened Donald trump will make markets go crazy if elected That means an extended bull run for JASMY as well Lets see if that happens,1
John you caught my eye for your input in support of democracy and Ukraine but you let some dark part of your sad soul out and have now doubled down on your support of the genocidal Israeli government and the fascist maga movement Shame on you,2
Im a real man and Im voting for Donald Trump for the third time on November,1
With Kamala unable to stop talking about Donald Trump Im starting to wonder if she has a secret crush on him,1
If Billinaires like Jeff Bezos and Elon Musk dont want Kamala Harris to win maybe shes actually good for for people who arent billionaires Just saying,1
While Kamala Harris makes her closing argument Forever FLOTUS Michelle Obama hosts a rally in Atlanta with special guests like Kelly Rowland Shonda Rhimes Ciara and Kerry Washington MAGA cant compete with KAMALAs surrogate game Lets go Tune in,1
Biden is a great person and President You would NEVER see Trump doing this even for a photoop,1
Everybody already had that opportunity thats America However you and Biden have made it a lot more difficult,2
Why does he say who Biden is,1
Biden got mill votes this dolt wont even sniff that,2
Bidens telling reporters he wishes he could kill Trump while Kamala is running around calling Trump Hitler and his supporters Nazis Love the rhetoric So much joy,2
Why is not biden good to the Dems I thought they loved him,2
"Yup, and the Democrats' problem is, their candidates suck. All of them. And they know good and well. This time around we have all the top tier people. Every one of them is a star. And Donald Trump has more charisma in his little finger than fifty of the Democrats' weak ass",0
The Democratic party has become a neocon Republican party We have a prowar Republican candidate running against a slightly less prowar Republican candidate Only the wealthy elite amp fools support the now,2
Hes has photos with too many people close to Trump the campaign MAGA amp MAHA The photos span years This is so strange,1
Hes an antisemitic race baiting MAGA,2
listen man Im a Republican but even I know theyre are a lot of people that hate Donald Trump even some Republicans I dont think he would stand a chance in California or any of the left coast states,1
The one thing Joe biden was ever right about A racial jungle indeed,0
I wonder if we zoom in on the Whitehouse if we can see Biden peeking out the window,1
Yeah Bidens garbage comment has Kamala amp her handlers beside themselves I cant help wonder knowing Biden wasnt happy with the way he was kicked off the ticket if he didnt know there would be backlash,2
Not surprised Bush family is same as Obamas Bidens clintons,2
Hes pathetic hes probably the worst homeland security person ever to be appointed and I said appointed so I blame Harris and Biden who also open borders should be charged with treason,2
Kamala Harris chugs beer with Stephen Colbert as she lectures hurricane victims over what theyre doing wrong via,2
Why dont you call it for what it is disgusting Someone needs to do it and the media is SHY IN G away from speaking the truth about Joe Biden,2
You say Brian is doing it just for clicks What evidence do you have You are a mind reader as well I dont hae cognitive dissonance I know Trump is a flawed man I can and have spoken to them Can you do the same about KamalaBiden You cannot that shows your dissonance,2
Look at the MAGA weirdo talking weird shit about things that never happen MAGAts can never genuinely participate in any argument because they cant manage to stick to truth or fact Just give up little Trumphole Tonguer,2
These people should look at Bidens increased popularity and legacy and realize that this was probably the best outcome Biden was on course to become Carter and will instead be known as the president who gave up power to save democracy,1
Too late Conservatives are untrustworthy We saw that you dont believe anything you tell us You think you can govern they way you want not how we want Never again conservative Only REFORM,2
Lying to manipulate the dumbest of society pretty much sums up MAGA,2
As usual the double standard with Trump he gets to be lawless while Kamala Harris has to be flawless Joe Biden isnt even on the bleeping ticket,2
No that was Biden,1
Donald Trump is coming,1
This would be Kamala Harriss party,1
Double standard for Trumps rhetoric Biden isnt running for President and Harris has made it clear that she respects all voters Selective outrage,1
Could Biden coerce votes by holding politicians families hostage,1
Absolutely pathetic and immature We need a President who is an adult like Kamala Harris,2
will this be at the top of your website tomorrow like Bidens comments were today Just curious,1
Theyll keep it hidden Like Hunter Bidens laptop The one with pictures and videos of Hunter Yeah That one Actually I think there are three,2
She wasnt fit to be president long before Biden labeled us garbage,2
Were moving from the shit house with Biden and Kamala to the White House with Trumpits time to rock n roll Heres to strong policies that help the American people thrive Lets get ready to make America great again,2
Isnt it great to see and hear a leader who really leads Ron DeSantis,1
demonic trump took out four front page newspapers ads in in New York City against five innocent teenagers and no one sued trump Today he is suing CBS News for B over an interview with Kamala Harris trump never apologized to the CP after they were exonerated,2
Amazing that RFK Jr supports Trump while his excousininlaw supports the drunk Marxist Arnold Schwarzenegger Tells His Dozens Of Fans Hes Voting For Kamala Harris,2
She has never responded to a hurricane in yrs DeSantis has talked Biden and director of fema those are the people who are in charge Once again youre just making stuff up to try to divide,2
He was the worst president in history until Joe Biden said hold my beer,2
The BidenHarris economic agenda has resulted in the highest credit card debt in national history inflation on everyday essentials up to gt in some cases and families grappling between groceries and bills This suffering cannot continue,2
Jimmy I love you but dont be silly Trump destroyed Biden in the debate and then almost was assassinated on national TV Trump was on course to destroy Biden and they then forced him out Gaffe machine or not it wasnt all Joe,1
Gretchen Whitmer is lucky Kamala Harris exists or she would be the cringiest person on earth,2
President Joe Biden is really racking up those frequent flyer miles with his second trip to hurricaneravaged Florida in two weeks And this time hes bringing presents in the form of half a billion dollars for the electric grid,1
The Democrat party is the party of George w Bush right now All of the neocons and all of the war mongers have wholeheartedly endorsed Kamala Harris at this point They are your people now Thats one of the reasons were fighting you,2
Nah Bidens garbage comment didnt hurt her anymore than the continued military aid to Israel Most undecideds can easily see that shes not a Biden clone,2
but Raggedy Ann JeanPierre Bidens press scty is saying that Biden didnt say that The Harris lie machine never takes a break,2
Weird that Biden had better gdp growth better job creation and even with supply chain driven inflation decent gains in real income and net worth For the record the fed said govt stimulus added just over to inflation A fair trade off for record recovery,1
Or that Joe Bidens been a vegetable for two years,0
So grateful these have been found and people are realizing this is going on Not only in Virginia but other states as well have nullified fraudulent voters Wouldnt it be a coincidence if this were found to be connected to the DNC,1
The media is dead The Democratic Party is dying We are ascendant,2
In a full mimicry of Donald Trump Duttons reality is how he claims it to be in complete disregard of the facts In a speech to the Committee for Economic Development of Australia he delivered his rationale for nuclear line after line of bullshit,2
Look how Biden treats children in public,1
He's such a fucking degenerate prick. I can't wait til the day we no longer have to listen to this bag of dog shit. No offense to dig shit.,0
Garbage mouth Biden get some breath mints,2
LMFAO All these Celebrities Entertainers and Government Officials are endorsing Kamala Harris because she is just pure evil shes gotta be blackmailing them wether its exposing their name and other intel off of the Epstein Client List threatening to let their husbands or,2
If trump gets in prices for everything will go up people will lose jobs economy will suffer for the everyday American Under Biden it improved as he fixed the mess made by trump Gas is economy had a soft landing Economy improves under democrats worst under trump,2
maybe you didnt notice that Hammy was the one getting in the way trying to score pointseven Biden cut her out,2
The difference could NOT be clearer Im voting for KAMALA HARRIS,1
How come you dont ask Joe Biden to start working on that now why when you become President Oh wait obviously it isnt going to happen You are the Vice President of the United States of America and you refuse to help the American People,2
Even if you dont vote for me I will always tell you the truth Even if its hard to hear Says Kamala Harris who has literally never told the truth about anything,2
even after all the collaboration and lipservice from Biden and Co Bibi and Co still attack the PA Abbas and Co would feel shame if they had any proper sense,2
if your concern is printing trillions perhaps another reason to vote for Kamala Harris is to keep out the guy who added the most to the debt in one term than any other President did,1
Many think he is and has been behind the Biden administration Now wants to take charge again The Country is wise to it Time for everyone with the Biden group to take a hike toward the hills or home whichever is the closest Trump will bring in a winning team of his choosing,1
Shes not embarrassed shes afraid of how her husband will react if he finds out DV is a real concern for female voters that vote differently than their MAGA cult spouses,2
What ever it takes its still on Kamala and Biden shoddy ass administration,2
TRUMP is already cleaning up Kamalas and Bidens garbage they left behind,2
God doesnt look kindly on killing innocent babies and she is anti Christian and a Socialist and will never be president and if she is she will be impeached for her role in corruption of covering for Biden and putting the country in a huge security risk plus the criminals she,2
Elon bought Twitter because he got butthurt when Biden didnt mention Tesla during his State of the Union address He didnt mention Tesla because Elon is antiunion So Elons whole motivation is to get even with Biden and the democrats because they supports unions amp workers,1
And yet you were all in for Biden you are the definition of hypocrisy,2
She must be disappointed Biden didnt get rid of all the black people thats why she voted for him in,2
Most Flat Earthers and Nasa conspiracy theorist whackjobs are Maga Does Elon being a Trump supporter change your minds,2
Well Joe Biden called all the Trump supporters trash I wonder what they called their supporters because they do not care about nobody They are worthless people all they want is power,2
When he gets million then what You have no idea how much Joe Biden and kamala Harris are REVILED by everyone,2
After being snubbed ridiculed excluded and investigated by the Democrat machine the kind and true words spoken by Donald Trump about Elon Musk in Madison Square Garden are a healing balm Elon needed to hear this and so did we all,1
Florida underwater and gas cars blowing up welcome to Biden Harris,2
Donald Trump always has our back This trolling is hilarious We love you too President Trump,1
Channel sold out to the DNC too I wont be watching anymore thanks By the way Trump is not in office This whole mess is caused by the administration youre lying for,2
Teamsters Firefighters Union Washington Post LA Times USA Today All endorsed BidenKamala in All refused to endorse Kamala in,1
All the Nazis vote for Trump All the good people vote for Kamala Harris and Tim Walz I am so proud to make history by voting for our first female president and saving our Democracy,0
Someone wanting to rig the election and blame it on Trump Obviously a democrat,1
It would have been the Kamala Harris of Middle Earth Virtue signaling do gooder that makes everything truly evil behind a fell good vibe,2
The Greens are such an obvious antidem russian psyop its not even funny Its why they never try and build a movement locally or seek other roles they just show up every years to divert votes from the Democrats Newflash guys Trump will give Israel even more money than Biden,2
Kamala Harris is telling women they should lie to their husbands about who they are voting for because she doesnt think they have the agency to stand up for themselves,2
If Biden never released his medical records and she just flat out lied she should be disqualified If Biden never released his medical records she needs to resign no integrity and a bold faced liar,2
Yeah only when she has rallies or Biden opens his mouth Trump gains tons of votes Lol,2
YES I would support ELON MUSK as DONALD TRUMPS Secretary of the Treasury,1
Scummy and not surprising Whats weird is that MN has a history of Dems propping up fake third party candidates I remember the KlineLuther elections around where there would always be a No New Taxes party on the ballot The Dems reached into their old playbook from,2
You support Donald Trump How repulsive and disappointing you arejust gross I wish I would watch the show Oprah started for you Ewww,2
Somebody at a Trump rally NOT Trump says something that offends democrats Democrats Trump is responsible Joe Biden PUBLICLY and DIRECTLY calls Trump supporters Garbage Democrats Joes not responsible because he misspoke and you didnt hear it right Hypocrites,2
Michigan Dem Slotkin Scolds Biden for Calling Trump Supporters Garbage Please dont vote for this pig vote with BidenKamala destructive agenda EV greeny lunatic via,2
My MAGA cousin is staying at his house in Fort Myers near the water and says its not gonna be a big deal Absolutely infuriating I wish him luck,1
No sniffing the children Biden,2
I called this ever since Biden got elected The Dems just wanted him as a place holder for an eccentric farleft person who they know could never get in on her own years ago I called that they would push him out in,1
Hypothetically speaking if my republican friend found out I was voting for Kamala Harris do you think hed still get me tickets to the bears game,1
Lets say he yelled this is MAGA country they would,1
Just because they are conservative doesnt mean they need to support Trump or be a bigoted asshatwhy is that so hard for yall,2
I joined years ago but never really used it had another one and got suspended for a comment about biden Then when musk bought it I found my original information and got back on Definitely much better now,1
If the lawyers turned over all the documents they found they werent lying either You never mentioned all those later tranches of documents Bidens lawyers found,1
Thank you Elon thank you Joe And God Bless Donald Trump,1
Kamalas poll numbers after she and biden call half the country garbage,1
Donald Trump is going to sweep the swing states,1
You people are pathetic American people did not give a shit about Kamala Harris who she is the only thing we give a shit about is what shes going to do for America amp she cant talk about that cause we seen it for years amp it sucks so put her on talk shows means nothing,2
Its literally not what happened A comedian made a joke yall took it serious Joe Biden made a serious statement yall tried changing the optics on it times already Yall have finally landed on the idc he said it YOURE BAD,1
Every time I see Her I Just Love Her More She is President Bidenschoice He says choosing her for his Vice President is the thing he is most proud of in his years of Public Service I cant wait for her Presidency,1
now give us the number of votes Kamala Harris received in the Democrat Primary,1
You can go to Mar a Lago Bitch President Kamala Harris POTUS,0
So we cant say Biden cheated but you can say Trump cheated with no evidence,1
Harris doesnt even know what shes doing shes copying everything off trump and his family she cant think for herself and the haaarp situation who was around not harris not biden no but trump he was the only one around hes a true man vote him do the right thing,2
No it is her and Biden that says they will try to use the military against the American citizens,2
Donald Trumps a ruZZiaN puppet Is this what you want for USA,2
Wait why not Biden,1
BREAKING Kamala Harris has just been caught busing in paid rally goers in Washington DC No one is showing up so they just started busing them in,2
We were inspired by President Trump trolling Joe Biden by doing a press conference from a garbage truck Thought wed join in on the fun President Trump you have our vote,1
Bidens Garden Stopped by the White House garden Shouted Joe your gardens looking green but not as green as your deals,2
Youre right Biden and Harris have eclipsed Trump on drilling for oil new pipelines new cops genocide Its not just a single issue Kamalas rotten on most of the things I care about,2
I am sure that Biden Macron and many others are squarely against this And kudos to some leaders that are speaking out But it becomes hard to argue for upholding the rules in Ukraine when this is happening right around the corner Shame,1
The timing of the meeting is quite important and suggests it is far more than a standard constituent service thing As I said I think there are multiple factions even within the WH Biden himself may not be part of the extreme faction but the later still has influence,1
And nobody thinks Tony Hinchcliffe was actually talking about Puerto Rico that way but the narrative was exploited by the Left Biden is the President of the United States and he said his supporters are garbage,2
Kamala is Fcking done thanks to Biden,2
Is this the same doctor who said for years that Biden was top notch,1
President Biden amp Kamala One amp The Same They Treat You amp Your Month Old Babies As Unwanted American Garbage To Be Dumped Empty Promises In Years Cant Put Food On The Table,2
DeSantis misses posthurricane meeting with Biden again POLITICO,1
Kamalas new way forward,1
Donald Trump found himself at the center of a firestorm over sexist comments he made at a campaign rally the latest in a string of lewd and contemptuous comments about women from the former president and his surrogates,1
Bia Kicis apoia crtica de Elon Musk a Kamala Harris She is evil,0
Where was the outrage over Bidens quid pro quo,1
Actually believe it or not Every single statewide D except for Mendoza and White ran behind Biden in all of the collar counties,1
Comparing Brett Favre to Kamala Harris is actually asinine Favre is a crook just like the toad He stole from the people of MS Thats something The toad would do She been a prosecutor and serves the people Shes a winner hes not,2
Trump bankrupted Iran preventing it from using its proxies Hamas and Hezbollah to attack Israel BidenHarris sent billions to Iran and suspended Trumps oil embargoes on Iran Making Iran flushed with money leading to the Oct attack You are anti Isreal amp pro war,2
Israel has been completely uninhibited under Biden That would continue under Harris and Trump There is no meaningful difference between them I do not envy the idiocy of those who put faith in a system that has thus far facilitated this wickedness,2
That would apply to any MAGA congress person,1
When we vote we win Im voting for Kamala Harris and every Democrat on the ticket and every ballot initiative that helps with housing climate change democracy and education,1
This is Kamala Harris What time is it Well the clock is round is at the top six is at the bottom three is it towards the right to the left is and thats the clock How about you answer the fucking question directly youre not gonna win in case you,2
Twitter porn only wild cuz you can literally be reading about Kamala Harris then boom BBC all in one swipe,1
Biden didnt hurt her MSM did their best to try and hurt her But we are done with their negligence,2
Then they waste amp abuse tons of TN Taxpayers money each year litigating these their Idiocy throughout the entire Court system Its our TN Taxpayers money theyre playing with here so these GOP State Legislators dont give a Rats Ass about it The tremendous backlogs,2
Open borders and inflation no thanks Trump,1
The DeMS Clinton Podesta pizzagate Obama and Mike Biden sniffing kids Biden showering with his teen daughter Obama creepy hugging little girl at her crotch in the white house Homosexual intercourse in the senate Pelosi husband and gay prostitute Walz pedo Yeah,0
Biden Kamala and fema did not abandon them You magats are so delusional Yall have a worded sense of reality,2
GOP Rep Scott Perry Went From Hailing Project To Knowing Nothing About It Source HuffPost,1
President JOE by God BIDEN A President for ALL seasons and citizens History will tell the truth about President Bidens greatness and the slimy Trump,1
URGENT UPDATE Biden mistakes baby dressed as a chick for Halloween as real drum stick and looks visibly confused as he tries to eat his dinner,2
Happy Halloween October Jameson Williams facing a new suspension Joe Bidens garbage comment a rooftop penis mural Martha on Netflix a crazy rodeo accident and Harry of The Rachel Cancer Scam Podcast tells us how he was tricked,1
What a dumb speculation after Biden appointed so many POC to high positions,1
It was back to old ways on day of Biden amp Kamala Trump had the VA running like a clock,1
Ask Hillary obama and biden about there trails btw trump was a prez the were senators,1
but not your hero Biden,1
No body fucks with a Biden,2
Fucking lies JOE ROGAN EXPERIENCE Donald trump Again fake news settle down over there House Nig,2
Why when interviewing tonight did you show a video of Kamala saying she disagreed w Bidens comments but when Shapiro said that never condemned the comedians jokes about Puerto Rico you didnt say a word about the fact that Trump,2
But hes the one driving it Thats like shitting your pants and saying thatll show Biden,2
The Case for Kamala Harris Harris doesnt curry favor with dictators She wont abuse the power of the highest office in order to keep it She believes in democracy,1
Yeah ok maga you guys are not extreme,2
Is Biden the daddy of the Americans he left stranded under the Taliban Trump will clean up the Democrats mess Dont worry,2
Will NYT or WaPo do any concern trolling over Trump dementia or that only goes for Biden or even Hillarys dehydration,2
orange Clinton projection maralago loompa Madam President Biden Arnold our elections are fair not the fare you pay the bus driver or your chauffered garbage truck driver you orange conniver,2
Biden says he wants to take proTrump comedian who made Puerto Rico joke for a swim,1
Biden approves Trumps request for military aircraft vehicles amid Iran assassination threat,1
He backs Kamala Harris How about stating he WILL or DID VOTE for Kamala Harris Convince us Yea prove youre not a hypocrite James,1
The best indicator of future performance is past performance Kamala Harris served on the Intelligence Committee protecting our most important secrets Donald Trump shared classified information with Russian officials in the oval office,2
So biden shutting down the pipeline right after getting into office didnt huh,2
Sure is President Bidens policies got us through a hairy time his four years was phenomenal He did right by our country especially stepping down Greatest president in my modern time His approval rating should be higher than what it is Its a shame,1
lmao this whole debate all that NDP dummy has done is attack Rustad while we suffer for years thanks to his failed party and that green nutjob increase this tax amp that tax and free free free Even more determined to vote Conservative now,2
Is Garth Brooks a rapist Cant stand the guy ever since he performed at Joe Bidens inauguration but I just dont see him as a rapist Somethings up here,2
This Wednesday October th is the first day to early vote in Tennessee And I will be voting early on that day for President Trump I am doing my part to get President Trump back into office,1
Joe Clarifies Why a Kamala Harris Podcast Didnt Happen via,1
Dear WHY IS IT SHAMEFUL FOR PRES BIDEN TO REFER TO TRUMP SUPPORTERS AS GARBAGE which he didnt thats your interpretation of what he said BUT PERFECTLY OKAY FOR TRUMP TO REFER TO,1
Idk but I bought one of those Dark Maga hats Am I a white hat controlled now too,1
I hope when Trump wins he pardons Mayor Adams its a shame how Kamala Harris is going after this dude for calling out her open borders,2
I think we took California in I have a lot of friends out there that would never speak up out in public They just go in and vote all for Donald Trump,1
Right but Biden was the same age when he ran and is currently Why is it not ok now but it was ok for you guys BTW you have no argument here,1
Is already is states Thanks to Biden Kamala open borders My people dont expect to see this MSM they are behind pushing the socialist agenda This is From Dr Phil Merit street also some decent journalists in Fox News The rest,2
It mustve been Biden who pulled the busses,2
Wait Kamala Harris to deliver her closing speech at the DC National Mall directly where the KKK rallied in Racist,1
Donald Trump is ready to take out the trash in Washington,1
Make President Trumps Victory Too Big To Rig Because MEME,1
I love this analysis because it proves youre morally bankrupt because you ignored x the amount of Biden gaffs and claimed he was sharp keep talking matty you disingenuous hack,2
An overlooked point Trump had the Obama economy to start with while Biden had to start with Trumps cratering economy from Covid mismanagementincompetence,1
Just saying It is Bidens watch and me and many others in Seattle are losing cancer care Nov for months Prices were flat or down under Trump The IRA is gutting medicare,2
Collectible President Donald Trump Troll Doll Hair to the Chief,1
While I am running a campaign of positive solutions to save America Kamala Harris is running a campaign of hate She has spent all week comparing her political opponents to the most evil mass murderers in history Now on top of everything Joe Biden calls our supporters garba,2
Evil isnt based on party but person If we go down the path of immorality throw Trump in as well BUT Kamala Harris had an affair and her husband got his daughters nanny pregnant We dont even know the horror of the Epstein island but Im confident both parties partook,2
ESE LEN ES EL QUE RESPALDA AL HONORABLE DONALD TRUMP POQUE E S C R I S T I A N O,1
Kamala Harris used FEMA for her illegals and Americans suffer thats what commies do,0
The Biden admin however passed the first ever martial law bill Seems sketchy,1
On the is joined by to find out exactly what role special advisers play in the running of the country Niall speaks to former Conservative special adviser about what it was like to do the job,1
No The Bidens would never do that for him,1
Have you seen this economy Its not sociopathic and to describe it as that is insane Trump left Biden and Kamala a horrible ass economy and cant nobody afford shit,2
Ok so its not dumb to believe someone who is no longer in office not on Capitol Hill and not loved by quite a few got the entire party to vote against a bill that would have never been needed if Biden hadnt reversed it when he first got in office The Republican party is split,2
Aileen Cannon keeps shilling for Donald Trump,2
North Korea Launches RecordSetting ICBM North Korea testfired its longestever ICBM capable of hitting the US Timing coincides with US elections possibly to increase Pyongyangs leverage South Korean amp US officials warn of heightened regional tensions,1
WOW RIGHTFUL PRESIDENT TRUMP DRESSED AS A GARBAGE MAN JUST CORRECTED JOE BIDEN I have to begin by saying million Americans are NOT garbage There will never be another President as genius as Trump GOD BLESS TRUMP,1
Ms Walker needs to be updated on current medical studies years of cholesterol and fat beliefs are being upended Not only is dietary cholesterol not harmful its actually crucial to brain health I wonder if and for how long Biden has been on statins,1
Led by none other than the DNC A fact they fail to mention,1
And Maga Nation are like When Trump was President the world respected America,1
Actually all she has to do is not be senile like Biden or an insane weird criminal authoritarian like Trump Very low bar,0
My father had a word for people like Donald Trumpdeadbeat,2
Kamala Harris is dangerous She is supporting illegal immigration and paying illegal immigrants with BILLIONS of taxpayer dollars supports no cash bail for criminals supports men in women spaces awards and sports supports the mutilation of children under the guise of gender,2
Kamala Harris amp Joe Biden have added trillion to our National debt in years From trillion to trillion amp climbing Biden created more debt than Trump with his policies without a pandemic More debt is not good policy Stop nigga rich spending,0
Folks its a disgrace that Joe Biden called Trump supporters garbagethats not how you treat the great people of America And what do we do We turn it into a celebration of patriotism The Trumpbranded garbage truck Its a symbol of taking out the trash in Washington And,2
Time to remind the and what a mess Biden lifted us out of,1
Another Hollywood Asshole who has no idea of what everyday Americans have endured under the BidenHarris administration Inflation Crime illegal immigration and Fentanyl killing Americans Not to mention a disaster foreign policy as Ukraine and the middle east is at war,2
The BidenHarris administration has already damaged these industries YOUR environmental focus has had a negative effect These wereare causes YOU PERSONALLY promoted Now because they are unpopular you worry it will cost votes,2
Contributions from just two editors comprise of the Donald Trump and Fascism articles content suggesting a tightly coordinated effort to control the narrative This is what has happened to me a model slave for many years It is also happening in Japan In my case,1
Fox amp Friends Very Upset With Kamala Harris Having a Beer with Stephen Colbert Makes it Look Like You Dont Care,2
You Trump Maga Bootlickers are so pathetic you literally make me LOL,2
he called the BidenHarris administration scum Which they ARE,2
He talks bad about Biden amp his government policies but now he wants Biden to help him NO THANK YOU He made his bed now he can lie in it What happens will be his fault,1
Hes just bitter because Trump is running for president again and hasnt tapped him for anything Hes not half as smart as Donald Trump and chances are he has very few women in his surroundings Usually when men say things like that about women theyre talking about themselves,2
Maga when they call names to Harris fans Also maga when the president calls them names,1
Probably due to Racism Or Apartheid Or Donald Trump,1
Donald Trump may not be considered the greatest President by everyone but no one can deny hes the greatest Troll of all politicians with his McDonalds and Garbage truck stunts He dodged a bullet so win or lose this dude is going out with the bang of fireworks,1
Man with this many followers Trump is done for,1
Well this is true but what the Democratic party and the MSM have done is beyond despicable No one can or should accept that Trump is Hitler Violent rhetoric Assassination attempts Never again I will pray for unity in our Country,2
Theres no way Biden won that election Congress didnt do a damn thing about fixing the problem either It wont be like last time if they try it again,2
have you got into MAGA yet,1
Absolutely Look warmongers that are owned by the military industrial complex support Kamala Harris will help Kamala lose even more support,2
Biden said otherwise,1
This seems inevitable Trump Mass Deportation is just a wider rebranding of the Muslim Ban,2
The BidenHarris admin is also sending soldiers US soldiers have BEEN on the ground since late last year They just shipped the TN national guard there too Yall are taking part in denialism,2
Donald Trump would do no such thing You know it So does everyone else,1
Itll get worse progressively each year as it has done each year of Bidens presidency And eventually maybe by the end of this decade definitely by the end of the next will hit the rock bottom of which you speak Vote Trump to stop the slide,1
Seems some on team Biden amp Certainly team trump May get their clarifying moment before next week,1
Ron MacLean is the Joe Biden of broadcasters,2
Trumps said the same always about people being trash Plus Biden isnt running Plus I know some really nice and great hearted republicans They are in no way trash I just question their intelligence,2
Biden just called half of Americans garbage Kamala agrees,2
Oh so Kamala wins announces Trump is winning Michigan Retweet for everyone to see Trump,1
Biden voter Nasty little man Wont be missed,2
The Biden Crime Family,2
Donald Trump once claimed he hit a home run in high school that won the game but according to a teammate it was just a blooper Talk about spinning a yarn from a thread BmYgKgMEcTzXZcvTxbMYjETGoNryKsjYsTgXYvJ,1
Youre talking about the past years under the BidenHarris administration,1
Whats funny is Biden pretty much disappeared after he installed Kamala as the nominee he was on vacation heavily meaning we really havent had a president since then and nothing has changed meaning our government has been being controlled by a shadow entity all along,2
Is this what happened MAGA in he may be nuts but he will appoint great people trust me MAGA today all the people he appointed are traitors who should be executed All hail The Leader,2
"US mei Indians are either too conservative to even consider dating, or have are coercive fuckbois/fuckgirls. No clear communication. To give them credit, others at least make intentions clear",0
The Democratic Party has failed the entire nation,2
Wow Robert interesting video you put on YouTube wonder if that explains Kamala Harriss fathers ancestry,1
So whos fault is it Bidens fault Because you are CURRENTLY part of the administration Such a stupid statement,2
We are garbage according to Joe Biden,1
Meghan Please READ The actual TRUTH about Bidens comment and WHY I became a NeverTrumper Hint it has EVERYTHING to do your father,2
If shes pregnant Watch how fast she turns conservative,2
some context since it looks locked down now they type like some conservative boomer,2
Seth Meyer Donald Trump has been saying that he will run for president as a Republican which is surprising since I just assumed he was running as a joke,1
Either that or they sincerely believe that minorities are less capable of getting voter ID Both possibilities amount to scathing indictments of the Democratic party,2
BidenKamala Harris Admins economy Many Elevens Walgreens and TGIF Fridays are closing They lied about jobs in a recent jobs report Inflation is high Vote TrumpVance to restore the economy,2
Welcome to Biden Harris America,1
The crowd chanted Nicholas Nicholas Nicholas at times His father Douglas said he had met with Trump and Sen JD Vance but was refused a chance to meet with Kamala Harriss running mate Gov Tim Walz He said he had several requests from the government,1
Most Popular Buy Get FREE FREE US Shipping Get multiple Trump coins for friends and family Order Now Order Now,1
Oh so your gonna make Trump do it but not do it for biden or harris I bet harris cant pass a psych evaluation,2
You got them and are too dumb or too biased to admit it It did not come as Biden check it came on the tax table,2
US BidenHarris sends message via Saudi Arabia promising Iran that it will not aid an Israeli attack on Irans nuclear facilities Iranian lawmakers call for progress on nuclear weapon,1
I predicted it will be tomorrow and Dustbin Trudeau will try to tie in that we should be thankful for him proroguing Parliament to protect us from the Conservatives policies of evil,2
Kamala and Trumphating Jews need to be reminded of the policies she and Biden had that enabled Iran to finance their wish to destroy Israel The worst thing Ive ever heard Holocaust survivor blasts Harris for comparing Trump to Hitler,2
The Democrats and a compliant news media did their best to suppress the truth about the Bidens Evidence of Joe Bidens corruption is in emails on Hunter Bidens laptop References to the Big Guy mean Joe Biden It wasnt just Joe Bidens cognitive decline that the Democrats,2
And Kamala has said that Joe Biden was the best president anyone could ever want,1
I have said there needs to be a message about the pure Kingdom of God AND the conservative intellect presented SIMULTANEOUSLY to Evangelicals this next round If not Establishment will rebrand and redefine IN THEIR OWN IMAGE and they will win AGAIN And now it is manifesting,1
Im writing in Biden the OG genocider,2
It appears that comedian Tony Hinchcliffe was an insidious plant at Trumps Madison Square Garden Rally Unless the coordinated timing of Kamala Harris amp MSM is a coincidence it was a setup to try amp negatively affect Hispanic voter turnout for Who booked the comedian,2
Trump is not ducking the media he has done more interviews than Biden and Harris combined Why didnt Harris do the FOX debate because she only wants softball questions,1
This is what and biden think of Yemeni,1
"I've never heard of Buck Sexton before watching Bill's show last night, but I can say with all confidence that is an awful, maga-bubble-living piece of shit. How you can possibly be in favor of a convicted felon and con artist...... I'll never know...",0
So Biden just called half of America garbage because Cameltoe isnt winning,2
Kamala Harriss Minutes interview was Prince Andrewlike in its awfulness,2
You cant possibly believe Biden was making any decisions Kamala said she was involved in every decision the last person in the room and she wouldnt change anything,2
BIDEN WRITES ON KAMALA HARRIS Joe Biden Described Harris in as Strange Messy Uneven Fallen Short and a Fiasco,2
She got into trouble for calling Biden a war criminal It was ok when she was doxxing people and telling lies about people who werent Democrats Stay within the narrative sweetie,2
Cent Turns Down Million to Perform at Trump Rally Im Afraid of Politics Rapper Cent recently shared that he declined a million offer to perform at Donald Trumps rally in Madison Square Garden During an interview on The Breakfast Club he explained his,1
Joe Biden is fit to be President,1
Its not coming from MAGA MAHA,1
Was anyone surprised by Bidens insults I have known for years they hate us,2
Kamala Harris is urging women to go against their natural instincts of nurturing amp protecting their own children Girls got to make bank Wonder how much money Kamala has made standing on the piles of dead bbies,0
As much as I love President Joe Biden Im really looking forward to unleashed Joe Biden after this election I am excited to hear everything he has to say that he hasnt been able to say because well you know hes the President of the United States,1
Biden actively sent the bombs repeatedly and folds under pressure to ISRAEL because he has taken over MILLION dollars from AIPAC SHES compromised to the tune of million AIPAC bucks They are loyal to ISRAEL FIRST HELL NO I am not voting for that,2
SCOTUS Should Strike Down the Biden Administrations Ghost Guns Rule,2
Biden and his son were in bed with China This is too scary because China has caught us with our pants down,2
Kamala Harris STARTS CRYING amp In TROUBLE WITH POLICE After She Was TOLD via,1
REFollowing ALL Patriots many no follows Kindly Fb MAGA answer manBio pinned tweetThx Spc thx Super Patriot,1
Or you know not letting them in in the first place Have you asked yourself why Biden and Harris opened the border The reason other countries want her is so they can keep taking advantage of our military protecting them and us sending them money Hell Putin even said he,2
Donald Trump is talking with reporters and having press conferences Hes talking issues Kamala is holding concerts for the people she thinks are stupid year olds are stupid and garbage,2
I think that happened because Clinton sucked she didnt even bother coming to Wisconsin a swing state that Biden won lol the Democrats are becoming more right wing with every election we should all be voting rd party instead of evil people,2
BREAKING The Kamala Harris campaign has been caught using a Discord server to coordinate users in manipulating Community Notes on X spreading leftwing narratives This tactic also aims to suppress Community Notes from appearing on accounts linked to Kamala,1
Thats because Biden would double down and claim he was actually right because he couldnt recall World War II,2
Politico You mean the same people who just misquoted Biden on purpose,1
I love how mentions nothing about Biden saying garbage He is a left wing hack I used to respect them never again,2
How times has BidenHarris had to walk back with lies added to the previous lie They always know what they said to slander Trump and supporters with Then we hear from this PS POS Lie about what we all heard,2
TELL SOMEONE YOU LOVE THEM TODAY AND BUY THEM MAGA HAT ON ETH MAGA is the ticker the account,1
How the party of the kkk and Jim Crowe is good only you will ever know big guy MAGA wants freedom and opportunity for all Americans So unless you are not American that means you toojust saying,1
Donald Trump was there Thats the only material they need apparently,1
I hope Trump gets to take action on his first day in office to save us from the disaster Biden Harris have caused us Study her past her statements she preaches communism Your old guard who worked the Soviet Union beat understand,2
But lets talk about Joe Bidens out of context statement,1
Trump is a Security Risk He is visiting Bidens Circles Whatever that is in his small brain,2
There is NO DOUBT in my mind that there are young girls alive in America RIGHT THIS SECOND who wont be in years if Kamala Harris gets elected Women the threat is real Even Bill Clinton admitted this girl would be alive if it werent for Kamalas open border policy,2
Already voted for Trump Get off the couch and go vote,1
Donald Trump Weve been screwed on trade by Mexico China European Union Trump tells Maria Bartiromo he wants to renegotiate trade deals that take advantage of us,1
Being conservative or liberal is a bad thing Shows an inability to think for urself,2
Its funny that Kamala Harris and Kathy Hochul got booed all over New York and it was funny,2
Kind of a horrifying existence tbh You spend life warring with the deep state boogeyman only to be unwittingly tricked into supporting the very thing that you fear most I cant imagine how violated a lot of ex MAGA must feel and will feel the more snap out of it Yikes,1
"SpaceX does not need your congrats. They did it in spite of people like you, the Biden admin, FAA, EPA and others. Still remember your words""ask your boy to behave"" Go f*** yourself, you evil ignorant, politician",0
BLACK MEN NEED TO RALLY AND SUPPORT HARRIS CRAZYTRUMP will abandon Black folks just as he did to his MAGA supporters,2
Kamala Harris was so bad at answering a question about Israel that Minutes had TO EDIT HER ANSWER TO MAKE IT SOUND COHERENT Shes an absolute disaster,2
the GOP is a fascist domestic terrorist organization not a political party,2
People who worked with Trump stated that about him supported with evidence Who first used the word garbage Biden cleared up what he meant HARRIS IS RUNNING AND SHE DID NOT SAY IT,1
Shes going to cut taxes for middle class Some other could have done with the house senate and Biden his first two years Just more lies and scare tactics Your party is a joke,2
You clearly missed the point though People who voted for Biden also voted for Harris to be here Biden did not step down from his current presidency because its almost over He however did step down from campaigning and endorsed Kamela to take his place And several people who,1
Trump won the AZ suburbs by in Does Harris improve on that margin Every poll says she will,1
You see how these kamala Voters Lie Elon Musk didnt threaten to kill Kamala Harris Liar he said Its pointless to kill Kamala Harris because you achieve nothing Just buy another puppet I Respect this man for telling the truth,2
I have fought for many who have harmed other human beingsKamala Harris Yes We have a long list of American who were harmed and killed by your illegals Rachel Morin Jocelyn Nungaray Kayla Nobles Sonia Argentina Guzman Daniel Enrique The list goes on and on and Kamala,0
The embargo on Cuba is just BidenHarris being cruel evil Nazis totally the same as Republicans Its comical that Democrats think they are good people What they are is selfish entitled zero selfawareness aholes who are okay with killing amp starving kids for their benefit,0
You do understand that MAGA stands for Make America Great Again right What part of that upsets you,1
Very much not a Republican or a conservative but also curious to see these numbers for comparison,1
Trump is a master at trolling Joe Biden calls us garbage and Trump gets a garbage truck,1
Joe biden is literally the president as of ct,1
I have never ever taken Donald Trump as a joke I think everything he says is dead serious and good hearted people are the only thing that held us back from armed people killing Americans during his first term,1
BREAKING We can now project that Kamala Harris has won the states of Arizona and Georgia,1
days and counting If you are in Phoenix and need a ride to your polling place reach out I am happy to help you cast your vote for Donald Trump,1
Kamala Harris will promise Tuesday to put country above party and above self in the closing argument of her presidential campaign to be delivered from the sa Source PBS News,1
I love President Trump He has the best sense of humor,1
Right on top of the cumulative from the start of the Biden Harris regime,2
The fencing like Democrats used for DNC Chicago and all those officers on bicycles would have been nice with all the Intel they had President Trump requested National Guard to MAKE SURE MAKE SURE everything was safe WAS DENIED by generals,1
Why i love the Biden presidency,1
So Kackling Kamala Harris says in one breath that we must unite and then within minutes calls Trump a Fascist Typical dangerous rhetoric from the politically ignorant Harris She is not to be trusted and does have the skills to lead this country out of the mess SHE created,2
So much for GOP claiming they are all about free speech,2
Anderson conservatives welcome converts And we wont attack you if you dont agree with everything we suggest The door is open to all who see the logic in the conservative point of view and we will defend your right to disagree because we believe in free speech,1
The Biden administration is completely dead incapable and stinking dead The end of the wars has become a reality and everyone knows that the score will be settled and they will leave and there will be no Israeli victory and there will be no victory,2
Learners a Big MAGA Man who taunts you and then blocks you,1
CURRENT DEMOCRAT POTUS Biden called million Americans garbage vs,2
Kamala Harris delivered her closing speech at the DC National Mall directly where the KKK a democratic party created terrorist group rallied in,2
President Biden is intentionally sabotaging the Harris campaign Change my mind,2
Biden bites three babies at White House Halloween party via,2
Only one reason Nick Fuentes is pushing hard for votes for Kamala Harrishis money doesnt come from the lapdogs that follow him but from the left that finances him,2
Facts Thank you POTUS Biden,1
Upset Baha just saying things that are evidently incorrect doesnt upset anyone But it will create a false impression that you ever stood a chance in NY which WILL upset alot of MAGA when that turns out to have been obviously impossible nonsense,2
MAGA Make America Godly Again,1
Its amazing I feel so connected to my fellow Americans with this movement lead by president Trump,1
Donald Trump claims he doesnt know about the comedian who called Puerto Rico an island of trash Donald Trump is a compulsive liar,2
She is right continue the successes of the BidenHarris Administration continue to grow the economy amp focus on the middle class and little guy The Pact Act Infrastructure bill Chips amp Science Act Inflation Reduction act Stock market Gold home values K all time highs,1
Thats personal stuff that only women care about Guys dont care that Kamala Harris screwed around with Willie Brown or Montel Williams Its not necessarily related to their political views I think its more the shame of Hillary Clinton that is behind all of this,0
For most now that covid is over all the crimes of the BidenHarris administration directly regarding the covid environment and the covid vaccine that pushed our country into hell have been forgotten DO NOT forget what BidenHarris administration put the American people,2
Then why doesnt CBS show her winning by more than Biden with those data points Assuming a too R electorate,1
Heritage Bombshell Report Exposes Kamala Harriss ProCrime Record via,1
Luntz is right a huge mistake by Biden that has and will have a meaningful impact in the final week prior to November th,1
Weird how come Biden won then,1
Elon Musk says he can help reduce US government annual spending by trillion if Donald Trump is elected president,1
Did her idol Trump once say climate change is a hoax Just like he said Covid was a hoax All the lies that comes out of Trumps mouth is believed by his MAGA cult,2
No I think the cheating MAGA did it,2
After years of presidents who despise Nazism Donald Trump became the first one to praise him Its sick Its wrong,2
Staged and Fake just like the majority of Old Donald Trumps worthless fuckin life,2
I like it ELONS Black MAGA cap,1
Muslim faith leaders endorse Kamala Harris,1
Thats funny so many news papers including one in Texas have endorsed Kamala Harris,1
If the Democrats and Joe Biden did such a good job of building back better Why is Kamala promising to fix everything,1
Read Donald Trump Compared to Hitler After Vowing to Invoke s Law Used to Justify Japanese Internment Camps on SmartNews,1
Ok RFK voters in Michigan and Wisconsin you know what to do VOTE TRUMP Vote for Trump Robert F Kennedy Jr tells supporters to vote for Donald Trump,1
Hes off the charts The only way he can win is with massive amounts of fraud like Biden did in the US election,2
Make sense of this biden Harris Check out Blended reactions video,1
Dont forget the BidenHarris authorization to give social security to Ukraine refugees,1
Just like demon rats they need to go to jail How would he like Kamala Harriss in the damn trash hed be mad too as far as I concerned for what Joe Biden said about Americans,2
Amazing how that works isnt it more interesting that as soon as Biden was elected numbers started dropping world wide crazy,1
I demand that Harris reimburse Oklahoma taxpayers for the cost of educating illegal immigrants in our public schools a direct result of the BidenHarris failure to secure the border,2
Pockets of the crowd at Georgia Techs McCamish Pavilion start to leave as Donald Trumps speech continues,1
"People who watch MSNBC are plain dumb! She knows that Trump won't be President on in November, right? Is she dumb, or a blatant propaganda mouth piece? Biden will be President until Jan. Therefore, Trump can't deploy military in the ""aftermath"". MSNBC is extremely dangerous and a",0
Too bad if youre a Maga living in a blue state no more FEMA funding for you Trump has turned his country toxic,2
Is that why one of his phrases is nobody Fs with a Biden,1
Donald Trump held slight national leads over Harris in several polls,1
Donald trump roasts chabenisky and you are selling mark,2
Kamala Harris Politics Stop Trumps Very Own Project Part,2
Meh We could just ban MAGA instead I guess Tie it to a civics test and basic facts,2
Joe Biden calling the military stupid bastards,2
Donald Trump appears to have some special ability to send direct tweets to people But they dont show up on his timeline WTF,2
Reporters asked Donald Trump about RFK Juniors position in the White House,1
If they hire conservative journalists theyll gain alot more,1
Pennsylvania must come through for Kamala Harris,1
To get the Democratic Party bullshit,2
Seriously love this man Hes Americas president We the people stand with Trump,1
Well Donald Trump HAS NEVER DRANK ALCOHOL so that shows strength and discipline I dont want a drunk President like Kamala Maybe thats why she talks in riddles,2
I lost respect for that woman when she became a shill for the Biden administration Look at historical videos where she had to reverse her comments after getting spanked by Bidens progressive handlers She then learned simply to say whatever Bidens handlers wanted her to say,2
Joe Biden the sloppy joe that bites back,2
Elon Musk is the biggest simp for Donald Trump,2
MAGA absolutely does not cover their faces We want people to know who we are,1
But youre not turning the page youre just another Biden and we ran his ass out,2
We know Joe Biden loves molesting little kids but this Yikes,0
Donald Trump held a rally at Madison Square Garden a venue historically associated with a Nazi rally in Critics including prominent Democrats have drawn parallels between Trumps event and the past suggesting a symbolic connection despite the,1
Former President Donald Trump staged a dramatic response to President Bidens recent controversial remarks by driving a garbage truck at his Wisconsin campaign rally via,1
Why is it when calls half of America he never gets held accountable Same for But when a comedian makes a bad joke at a rally They blame trump,2
Why did China have a balloon taking pictures from Canada to Myrtle Beach SC Nuclear sites amp Military sites were photographed too Why did Obama reduce our back up supply of Wake up President Trump wants FreedomDemonRats amp RHINOSwant AIS reduce population MAGA,2
Screw that I want to see them match Bidens,1
"Lmao Fuck that Anna, i love you but we shall give no quarter to these communists who committed Treason many times over against our country! That witch along with all these actors will be held accountable for the highest crime of all stealing the 2020 election and serving as",0
Absurd These wars happened under BidenHarris Not Trump The previous aggression in Crimea happened under Obama,2
Yes We are all on a secret list Get our marching orders from an encrypted site MAGA is so well organized and funded it is scary,2
What might the Founders have done to a presidential candidate who worked with the Brits to censor our speech like Kamala Harris has,1
The president of the USA just called million Americans garbage but yet they talk about Trumps mean tweets etc Donald Trump all the way,2
Standing in the dark quintessential MAGA,2
Fuck You Donald Trump,0
Michelle Obama Women if you dont vote Kamala you will die Whoopi Goldberg Donald Trump will break up interracial marriages ampmake you marry a white person Tim WalzTrump is descending into madness Kamala Harris Donald Trump is Hitler Theyre spiraling hard core,2
Gavin Newsom is another example of someone who has faked his way to the top Californias machine Caspers produced a number of underqualified and overconfident duds but this person is seeking the top job of the United States explains how Kamala Harris has failed,2
This Thursday Booors amp Go Home vocalists requested for greeting former President Barack Obama in support of Kamala Harris Hes headed for Octoberfest Market Square Lets Boo him out of Pittsburgh amp tell him to go home,2
The phrase We can only reelect Donald Trump has been taken out of context from a speech by Joe Biden,1
Nope just mad at Biden and Hillary They suck,2
Donald Trump FINALMENTE hace un GRAN ANUNCIO SIN PRECEDENTES Howard Me via,1
Dude maga is compromised Trump wears the little hat He wants to replace the American population by stapling green cards to diplomas Not supporting someone bc theyve changed is not grounds for being a fed,2
Kamala Harris has been vice president for a little over years and has approved signed off on and was the deciding vote on everything that has hurt Americans financially physically and mentally,2
A message from Kamala Harriss speechwriter Mr Oswald Bates,1
Ask yourselves how much joy you feel when you get your bill at the grocery store You can thank Joe Biden and Kamala Harris for that,1
Trump Campaign Wins Election Integrity Lawsuit In Critical County,1
Biden called Americans garbage Worst president ever,2
Donald Trump took British naval secrets to MaraLago after he left the White House according to the former UK MI spy Christopher Steele I was reliably informed by impeccable sources that among the classified documents which Trump apparently unauthorizedly took with him,2
At Kamala Harriss Ellipse rally supporters share why they believe she can unite a divided America,1
Ladies and Gentlemen a woman was about to get Raped by an illegal immigrant and was caught by the police and hes illegally here in the United States of America who is to blame Kamala Harris but you know people gonna ignore it and still vote for her,0
Anyone that makes music in this space HMU Looking for MAGA Rappersartists,1
A vote for Donald Trump is a vote against women especially against women of color Against your grandmother mother aunt sister and daughter Against decency and democracy,0
What a ridiculous ass list Obama started putting kids in cages Democrats literally just had a coup against Biden put in Kamala who not a single person voted for Biden has enriched his whole crime family amp mishandled classified documents but was deemed too ignorant to prosecute,2
Luckily nobody is equating it to Puerto Rico anymore Biden screwed that angle up for ya guys White vote comin home,1
FUN FACT Joe Biden sponsored the Gun Free School Zones Act,1
Look what Kamala Harris is doing Nobody knows Whos on her team Nobody knows Thats not a plan for progress Its a plan to fail Shes not gonna accomplish anything She never has and she never will and she wont close the border ever We cant afford all these immigrants,2
WHAT LEFT IS SAYING Advocates Applaud Harris Plan for Medicare to Cover Home Health Aides Labor unions and consumer advocates were among those applauding Tuesday after US Vice President Kamala Harris announced her proposal for home healthcare,1
Supposedly Biden won,1
Oklahoma schools chief bills Kamala Harris M for education costs citing illegal immigration All roads lead to Biden and Feminist Boss woman Krazy Kamala Kamala your fired,2
Looks we might have a new platform in the space to gauge the heat during the upcoming US elections,1
we need to just win this election and it wont matter who Kamala Harris is anymore,1
The ones that have been coming over during the BidenHarris admin are lining up to get ITINs in order to pay taxes I wonder if the coyotes are leading them to those IRS buildings,2
How many people listen to Kamala Harris YouTube videos,1
what you have to say You going to do an about face like Biden or double down,1
He is the Man to be a president amp he did it The garbage collector to pick up a huge votes To pick up Biden Harris messes will be done amp dusted,2
Can anyone explain how Kamala Harris is supposed to protect womens reproductive rights as president SCOTUS already ruled on this and it has become a state based issue,1
Youre just a pathetic opportunist trying to make name for yourself off this situation just like youre trying to make your name offDonald trumpyou dont believe in himI know you dont you seem smarter than that but thats what youre doing,2
Who gets booed at their own Rally trump vs kamala harris,1
He is Conservative and thats all the reason they need They all loved Trump before he ran as a Republican And they hate America,2
MAGA hats are tied to a political party candidate The others ARE NOT Political promotion within the voting area is illegal,1
JUST IN LeBron James endorses Kamala Harris for president The choice is clear,1
LOL Well its gotta be better then Bidens,2
I would ONLY offer a quid pro quo Want to level the field It is the only tradeoff I would offer to any techindustrial company that helped bidenharris steal the election That said go after Dominion the company that made it very possible to flip votes which has been proven,1
Pedophile woman abuser and DEMOCRAT worshipper is going to meet his maker and he knows it and so does pelosi biden Schumer Harris and the rest of the dem filth that cover for Hollywood pedo Dems are falling apart within horrible crimes,0
Hillary Clinton called me deplorable Kamala Harris called me a nazi Joe Biden called me garbage Donald Trump called me an American,1
So now Biden allocates to Puerto Rico to clean its ports full of trash Like it or not the island does have a trash issue n Kill Tony brought it to the forefront It was a JOKE and now something was done Check out ScrappyIGYs video,1
You praised Joe Biden for this for four years straight,1
Believing Biden on weather modification is like believing Trudeau on vaccines lieslies and more lies,2
they dont see you as Black Man of WorkingClass they see you as UltraRich WhiteHalf they dont see Biden as MiddleOut Man they see Joe as Old Man Inflation Diluter dont see Kamala as Black Strong Woman they see Harris as Thier Angry Wife EMPOWERED,2
History shows the true party of slavery and racism Remember Bidens racial jungle comments And that he worked as a Democrat side by side with Robert KKK Byrd And that Democrats have voted against every civil rights bill in US history Not a pretty past when viewed honestly,2
HAPPENING SOON Vice President Kamala Harris will be in the Biggest Little City in roughly an hour You can watch her remarks live here gtgt,1
Has a chant of USA ever been heard at a Kamala Harris rally No,2
Trump and team respond in less than hrs to Bidens put down of million ppl This is how its done This is how they will do it if elected lets get it done,1
Biden and Harris policies over the past years are destroying America Why in the hell would you want another years of the same thing,2
Donald Trump will be serving a prison term either in home incarceration or in a real prison,2
heard your take on Bidens garbage remark and I think of the person whose spot you took at whatever college you went to Absolute IDIOCY You SHOULD be ashamed but I know youre not Apostrophe my ass,2
Just FYI the answer to the question where is Ron DeSantis Every time they want to give him bad publicity is working for Floridians And sometimes for North Carolina too And he couldve been working for the American people But yall idiots,2
Biden Harris Democrat officials should be locked up for this They are traitors,2
You know why they released this stuff now right They want the Republican house to start impeachment proceedings to boot Biden Whos next in line Then they have an event Extent location amp perps TBD Several options Then they declare marshal laaw spelling errors are on,1
She still hasnt answered on when she realized that Biden was lost,2
When you consider how poor the fed response was to Helene E Palestine Ohio and Maui compared to Milton you cant help but wonder if the biden regime makes its decisions based on electoral college votes Think about it,2
A delightful new broadcast from our darling River Do I want Kamala Harris or Donald Trump to win via,1
Over the past two weeks in my travels it has been increasingly difficult to engage Democrats about the presidential race Kamala Harris joy is quietly turning to panic for Democrats,1
Its insane that Yall didnt care about Biden and his quid pro quo Dafuq outta here Yall muphuckers are cooked,2
Coachella had been disgraced by Trump He buses them in amp then doesnt bud them out Such a proving factor of his narcissism But MAGA dont care Nothing is swaying them This is a plague on America Only we non MAGA can save this country Do we have enough bodies I hope so,2
Fits right in with MAGA,1
They are finding all cheating options to prevent Trump from going to prison Their bet is to win it by cheats and get pardoned afterwards,2
You can look up CNN final polls from if you want to see how good they are Biden Florida NC Ohio even Not saying she dont somehow win but they suck at the poll thing,1
Cowboy Trump Gift Western Trump Shirt Trump Maga Tshirt Trump President Hoodie Trump Rally Sweatshirt,1
Joys right MAGA watches liars And they believe them,2
NEVER FORGET what the entire Trump Presidency looked like in a blue citystate,1
Weve had that President since President Joe Biden has delivered,1
You defiantly said supporters Biden,1
Yesssss turn the page from the destructive HarrisBiden regime,2
hes an idiot thats not what Biden said and its kind of ironic to whine about something that at a trump rally buffoon,2
Youve got to read between the lines This title actually says US intelligence officials are interfering in the election to hurt Donald Trump,2
I hope Trump numbers will go up even higher,1
Donald Trump called the victims of Hurricane Helene stupid Trump needs NC to win Would you vote for someone that called you stupid after being in Hurricane,2
Ok how about she does it on Fox I guarantee Trump would agree to that but she never will bc she needs the questions prepped,1
The ExCalifornians Who Hate Kamala Harris And Could Flip Nevada An army of California expats with an ax to grind against their former home state could be the deciding factor in a closely contested battleground,2
Ok Mr Wizard of the set of MAGA voters how do you define the subset of extremists Do they identify as extremists or is it your uniquely discerning eye that defines them Do you define Musk Gabbard et al as beyond garbage,2
Lets rememberRupert bought his citizenship from President Star Wars Reagan after he made a big big contribution to the GOP,1
MAGA when will you learn he doesnt care about you,2
days til elections Bullish on and TRUMP MAGA,1
I love that Trumps metaphorically driving Nancy Pelosi Obama Clintons Cheneys amp Hollywood sellout pawns around all day in that truck Drain the swamp Dump the trash,2
Joe Rogan Reacts to Kamala Harris LIES via,2
Have you seen any Joe Biden hitting the Nurse or Nuke button jokes Of course you havent because Reagan was on the right but fucking Sleepy Joe is a protected species,2
Murder went way up under Trump He presided over the largest ever singleyear increase in homicides in,2
Nina I dont know if you actually read comments but here it goes I was a Dem until Biden I can no longer support the party However I want to applaud you for what you said about black men voters Obama You hit the nail on the head I give credit where it is due thank you,2
Agree Biden is the ultimate leader of party Obama takes his marching orders from Biden Soon Harris will be giving the top orders,1
The lines to enter the Coachella California Donald Trump Rally are still as far as the eyes can see Its so packed theyre having people line up outside the venue and along the street,1
The only selfish person I see is Kamala Harris trying to insert herself into a crisis situation where she has no role Narcissism runs deep in Harris,2
Trumps problem is that everyone believes he probably did this notwithstanding his denials People are ready and willing to believe the worst about him and by extension about Vance and the GOP Republicans have embraced the presumption of guilt because they lie so much,1
My take about the primaries is that it wouldve been better for Bernie if Pete to got clear wins in Iowa amp NH because itd have caused the centrists to coalace around him amp forced biden out I am certain Bernie would have beat him v in the southwith black voters,1
Joe Biden is a devout zionist He will always do whatever Netanyahu demands of him,2
Biden bit a baby Dude is off his rocker,2
Team has both Nikki Haley AND Salena Zito Great move team Theyre universally loved by all of Pennsylvania,1
Out of Kentucky people tried to vote for Trump on the electronic ballots only to find that they couldnt vote for anybody but Kamala Harris,1
Kamala Harris so fake cringe dumb amp pathetic,2
Its TRUE she needs to take care of the Democrats or of the US Billionaires Biden says dont pay their fare share but finance all Democratic political campaigns,2
You wouldnt know a fascist if they were searching your house for Jews Enjoy voting for your fascist dictator Kamala Harris,2
Kamala Harris Scores Big Media Blitz With Howard Stern amp Stephen Colbert,1
is busy with Bidens garbage quote to cover this,2
October senile and unfit biden is still president kamala has not done her job idk why My fellow American citizens The man responsible for locking up more of US than anyone in history joe biden of the crime bill is soon out of politics FOREVER,2
No surprise government made sure to manipulate the inflation figure today so it benefits clown Kamala Do they really think Americans are stupid enough to believe Biden and Kamala could have a positive effect on the economy when they drove inflation THROUGH THE ROOF for years,2
Bidens just the frontman of the behind,2
Wow Biden Commi la have put Americans in harms way WTF What are the puppets of the people in power thinking This is an emergency Terrorists call America the big satin to be exterminated Always remember Sept This is a nightmare created deliberately by the Biden,2
Trump trolls Biden in a GARBAGE TRUCK at his Wisconsin rally via,1
Did Biden call Trump supporters GARBAGE to SABOTAGE Kamala YouTube,2
Why is democrats calling out Joe Biden when he called Trumps supporters Garbage,2
Calling attention to what Biden said about Trump supporters,1
The fat lady is singing for the Kamala campaign,2
Trump runs around insulting everyone everyday and silence Biden says something once and Maga is parading around creating banners about it,2
When all of the above went down and he quickly anointed Harris I likened it to Biden giving the Dem Elites the ole middle finger,2
Now how much did you get back during ANY GOP Gov,1
Watching Civil War on Prime This is what Donald Trump amp Elon Musk want to do to America Trump will burn the whole country down kill millions of Americans to avoid going to prison Elon is now guilty of crimes that will also put him in prison,2
Joe Biden Jim Crow Joe need to go toe Wilmington and just shut the hell up Come on man just do it,2
Ive already given you a policy of his in another comment Im not going to go through every single one of his policies and ideas for you Google is free Also Biden kept all of trumps tariffs from his previous admin so Biden likes trumps tariffs too,1
Kamala Harris boosted by major union voter drives in final election push,1
Donald trump is garbage Anyone who supports him has very questionable judgement and morals and clearly cant see the truth,2
Oh and they are offended because Biden said the things their guest said was garbage They are thin skinned But we are supposed to take his crap Trump has said some really nasty stuff like this,2
Dont like the spent on illegals but dont really believe GOP helps regular people either,2
Biden isnt running Just so you know,1
Kamala Harris addresses the nation,1
We The People need Trump to save America are we wont have a country if Kamala is elected,2
Make Biden not eat children again,2
Earnings are higher than anytime under Trump US inflation continued to cool in September latest CPI data shows,1
This is called argumentum ad populum and is a logical fallacy The majority of Americans believed the Biden laptop was Russian disinformation A large percentage of Americans believed in Russian collusion Many Americans believe billionaires underpay their taxes including,1
Kamala Harris shared what she was thinking during her debate with Trump and its exactly what youd have guessed,1
Nolte More Misconduct Allegations Against Kamala Harriss Husband Doug EMHOFF IS a douche bag,2
Well Biden hid in his Basement and couldnt get a dozen people to his rallies and he got more votes than all the people in America,2
Is anyone else wondering if debates have become more about who has the best zinger or memeable moment rather than real discussion Watching the latest Kamala vs Don spectacle it feels like were tuning in for the laughs more than the leadership Thoughts,2
Trump did not force the military In fact under biden the military forced out of those enlisted for consenting not to take the vaccine Trump has said he will reinstate them if they wish and give them back pay Harris and biden arent doing that Yes Im serious,2
The GOP has a structural advantage in the EC therefore youll defend it at all costs It will take a constitutional amendment to get rid of it Id settle down and troll about something else,1
He must know Biden and Harris have been running the government,1
Just the now officially debunked Hunter Laptop Letter from Deep State Ghouls is prima facie evidence of DemocratMedia Election Interference that likely led to the Biden Win,2
Typical Donald Trump supporter Pantes wkwkwk,2
A motorcade with ambulances yet people are still not seeing it He is and has been the CIC for the last four years You dont see Biden with this or Harris,1
Biden surrounded himself with weak women and men who thought they were women but its DJ Trump that has a problem with women,0
In PA k Rs and k independents sent in their votes by mail Trump ended up with k VBM votes Meanwhile there were only mil early D votes yet Biden managed to get mil Not only did Is break massively for Biden but more voters went RgtD than vice versa,1
Its coming up roses Everything is fine Very exciting times Biden a wonderful President Harris a tantalising prospect Same in Britain All perfect and optimism abounds Millions of extra men so kindly coming in to share these joys Good morning,1
Damn donald trump really a avengers level threat,2
Dont listen to or trust the Biden Adminperiod,2
Born in southern Austria amp free educated in a socialism leaning system Im truly thankful for my life here H O W E V E R searching for truth since I became libertarian at heart imho conservatism is the way Chart amp explanation left to right MAGA,1
He does realize he trashes Obama and Biden on a regular basis right Besides its not trashing him if its true He will have to accept that,1
Biden has never once had a stutter He stumbles on what to say next because hes stupid always has been amp makes it up as he goes along His one talent is throwing a stream of bullshit at people then screaming Come on man Add dementia to that personality amp here we are,2
My name is Kamala Harris And I would do NOTHING DIFFERENT than Joe AND ME have done for the last years I have been in on EVERYTHING Joe did,1
What is it about Kamala Harris that inspires you Name one thing please,1
YAY Sis Have Fun Lets Goooooooo VP Kamala Harris for President,1
Kamala Harris gave a speech in Michigan She was interrupted at one point by a pro Palestine activist She smirked at his comments There is no penalty in wishing death upon tyrants except death when tyrants are unopposed,2
Dont even get them started about trans pornalthough I hear some GOP leaders like Mark Robinson are into that,2
I personally rented passenger vans to transport of our employees who happen to be all Hispanic to the voting stations It was all of their first time voting in a US election and voted Republican down the ticket All legal conservative and all about family,1
Love this Americans deserve better than donald trump,1
the whole trump and maga era truly is crazy But even when he loses and eventually dies theres still a large amp silent majority of people who think like and support his fascist ideology so how are we supposed to not still be terrified for our future,2
Dr Jordan B Petersons recent podcast where he gives a psychological breakdown of Donald Trump He analyzes the coalition of supporters around the former president Elon Musk Robert F Kennedy Jr Tulsi Gabbard Vivek Ramaswamy and JD Vance,1
Fetterman won this by when he won the state by This result can go with Harris like Biden at least SEPA looking good If she gets in Allegheny she should be through no matter how rurals vote Needs to do one more rally in Pittsburgh this weekend,1
Yeah man lol Look Im not a Trump apologist by any means I just think the political position that Trump will kill abortion is confusing,1
Classic Bidencant keep the narrative straight even within his own team Kamala throws shade and then Biden backpedals like he didnt get the memo Its either deliberate confusion to keep the media chasing their tails or just more evidence that they have no coordination,2
Pretty much every economic prediction he made in if Biden won came true if Democrats continue acting like the economy was great during the Biden admin theyll continue losing voters who had to drain their bank accounts to get by All you have is gaslighting,2
Never believe them when they say hes losing his following President in Allentown Pennsylvania for a MAGA Rally,1
Did you take the jab You never had control over your body Biden fired men and WOMEN who refused the jab No one has control over their own body according to Biden,2
Trump Hits CBS Where It Hurts Slaps Network with Massive Lawsuit Over Handling of Kamala Harris Interview,1
Trump is not the President CIC since Continuity of Government Miltary is in charge We are at war with the DS for years Biden was never president Kamala was never VP Both arrested after ratifying the fraudulent election This election is not legit,2
And what good do you see in Kamala harris Serious question,2
Nah only MAGA losers love that liar Musk as they love liar Trump,2
VP only in title Shes candidate Harris now Hasnt worked in the White House since the Biden coup,2
I guarantee it Donald Trump vows no state in America will be allowed to ban gaspowered cars stocks to ride the wave if gasoline continues to reign so what if earth burns and some drow,1
No he didnt amp if Biden said some people around Trump were garbage Id have agreed with that Im not outraged I know exactly where Dems stand The faux outrage was from a shitty joke about PR that didnt even land But as I expectedclipped videos amp hypocrisy,2
Absolutely lies Fortunately the FEMA refunding package went through the day before Hurricane Helene hit even though the Republicans down there voted NO You would rather people suffer than to get the help they desperately need just so you Trump etc could get a dig at Biden,2
Exactly This was one of the things that made me so mad when Biden got rid of the sexhuman trafficking task team that Trump put together During Trumps presidencya record number of these scum were arrested That is something that should have stayed in place,2
For me the media the th estate will never be forgiven They wanted to harm Biden for selfish petty reasons He was at approval before the media decided to start their operation harm Biden after the Afghanistan pull out And they did a media blackout on reporting any good,2
Green leaf might make em think youre Green Party So Id go Hefty myself A little black bag is never the wrong answer,1
Kamala Harris is Dangerously Liberal,2
I have not seen a true thing out of maga in a couple years gay fred is outright lying FACT Ahead of Zelenskyys visit Hunkas son contacted Rotas constituency office and asked whether it would be possible for him to attend Hunka lives in North Bay Ont a city some,2
Biden was definitely the October Suprise,1
He has literally been approved for everything hes asked for from the federal government and has everything he needs from them Biden in a presser stated hes doing a good job undercutting his VP Shes the one playing politics Not DeSantis He doesnt have the time for grifting,2
Virginia noncitizens with no right to vote in US elections If youve been wrongly purged from the rolls you can reregister at the polls under sameday registration amp still cast a ballot,1
Kamala Harris winning the Presidency is NOT going to solve the worlds problems But it can at least give us some hope Donald Trump winning the Presidency is only going to CAUSE more problems and leave us with little to no hope at all,2
Truly ponder the AUDACITY TEMERITY EFFRONTERY of She speaks as though Americans do not KNOW that on taking over the Oval Office BidenHarris DISMANTLED ALL of Trumps immigrationborder protections Imagine for a moment being RULED by,2
One of the Biden and Jimmy Carter too,1
A perfect example of a smart and intelligent woman supporting Kamala Harris,1
A current president of the United States calls his people garbage and trash Out of the White House now Biden and Kamala Trump speaks to reporters from garbage truck on campaign trail via,1
Im intrigued what makes you believe that Harris is more centrist than Biden What has she said,1
The results of hard work amp campaign are starting to show Voters too have managed to keep away from KAMALA OBAMA BIDEN MARK CUBAN HILLARY amp the like Their influence will not stop voters from voting,1
Donald Trumps American Oligarchy,1
Trump opts for an orange vest instead of a suit jacket for todays master troll directed at Biden and Kamalas campaign saying that his supporters are garbage and after trolling up to his rally in a garbage truck,1
Everyone has fearseven Trump but Kamala Harris isnt one of them,1
I pray to God that Trump does not win,1
Trump Prophecies Kim Clement,1
Donald Trump becomes President again,1
Honestly man I wish it was November th already that way we can watch the downfall of Kamala Harris,2
Tonights farewell address from Kamala Harris is going to be a pivotal moment marking the end of an era and potentially paving the way for a new chapter in American politics,1
How many houses are still under million Althia This will only benefit rural voterswho already lean conservative,1
GOD BLESS THE BIDENS SO DECENT SO CARING ABOUT PEOPLE AND AMERICA,1
Kamala Harris has reportedly agreed to a podcast appearance on the Killstream hosted by Ethan Ralph,1
Okay A political statement I usually only make moral statements or a moral statements Did President Biden hate VP Harris so much that he called half the population garbage It really only added to the momentum to the opposing side Which already had better momentum This,2
Except their last poll in was Biden He won by MSP turnout is too high for GOP to overcome especially with suburbs consistently moving left Ill be surprised if she wins MN by less than,1
What if its not going to matter if we all vote We all know theres no way Biden got million votes last time We all know Trump won We all know Trump could not possibly lose a fair and honest election this time What are we going to do to stop itI am fed up I will not,1
likely needs some Trump voters if hes going to beat Ted Cruz I asked him about Bidens garbage comments which Biden says were misinterpreted Allred said I dont think we should speak about folks in that way He said Cruz does speak that way,1
Trump has properties like Maralago and golf courses in Florida I havent seen him offering free camping etc for MAGA and their animalslivestock if they face hardship duringafter the hurricane You guys should hit him up,2
thats not exactly what he said he was responding to what Trump said about Puerto Rican citizens If you look at the statement he says that in detail Trump is the guy who okayed the teleporter information for that comedian Hes responsible just like Kamala Harris is responsible,1
So why is it such a big deal when Biden uses the same word,1
You should go sit with Biden in the Basement,2
Under the BidenHarris administration regular working class people have had to get second jobs just to make ends meet Take my good friend for example Under the previous administration he had much wealth he had success bigly Under the BidenHarris,1
Nikki Haley is a real defender of our democracy and trump is not,2
Kamala Harris is the candidate of celebrities and the elite Trump is the candidate of the working people Vote accordingly,1
Theyre trying to redefine fascism to be a whole bunch of things that it isnt because if they talk about what fascism actually is Americans will realize that Biden and Harris are fascists,2
mario was not a conservative movie it wasnt a liberal movie either at least not actively trying to be,1
Our brothers and sisters in Puerto Rico there are Americans so like I said we should wash our hands from Donald Trump and turn the page to Kamala Harris he knew who was at his rally,1
So much for free speech but if I said that about kamala Harris or someone like that it would be fine,2
The Biden Harris movie that been running on a loop for years,1
He did it before and he can do it again hes a great businessman and thats a big help he knows what America needs and he can make it happen keep trucking Donald Trump,1
They have called the rest of us names for years but Biden says one bad thing about them and they lose their minds,2
No Because the Conservative party is incapable of delivering Jenricks policies The blue Labour wets will block any meaningful change and we have seen this repeatedly Never again,1
You misspelled Biden Have you considered trying kindergarten again You might be able to pass it now with No Child Left Behind,2
You must have spotted Bidens decline from a mile away too right,2
Clown show live on TV all its dirty little liars Joe Biden and his inept staff coving their asses after the Helene disaster They are prepared for Milton what a joke Ron Desantis didn't need these worthless talking heads,0
If you support Kamala Harris you would support Wizards Beyond Waverley Place tonight pm EST pm C instead of Give your ratings to Disney Channel and not Bravo tonight,1
Its Silly Sausage Starmer he should be trying to rattle This sort of attitude right attacking right is why Conservative party is in the rubbish dump,2
Beshear There Is No Lie Too Big for Donald Trump and JD Vance,2
Once Biden becomes an official lameduck president Hunter will be pardoned Mark it down,2
Islam is a fucking Cancer,0
And I am sure people are looking for a job They have to work now to make ends meet which again thanks to Biden You still havent said anything about policy and how she will help the US She has none Just Trump bad Maybe get off your koolaid soon and recover,2
Did you ever ask yourself why the USPS got a carve out from being mandated to take the jabs Do the research USPS employees were not mandated to take the vaccinepossibly because the deal was made to help install Biden Look into it,1
BREAKING Excerpts from Kamala Harris speech tonight at the Ellipse are out and she is NOT pulling any punches And to people who disagree with me unlike Donald Trump I dont believe people who disagree with me are the enemy He wants to put them in jail Ill give them a,2
Indictments Mug Shots Convictions Biden forced out Kamala installed without a vote Trump shot Second attempt Podcasts McDonalds Biden sabotaging Kamala The President takes a garbage truck to a rally The greatest election cycle in American history,1
See you are another victim of Kamala Harris and her bad economic policies You are unemployed,2
Kamala Harris does not have the fan base that Trump does,1
So grateful for you choosing Kamala to be our Vice President President Biden,1
Brian this is desperate There wont be an election in because we are fast tracking to WWIII under bidenkamala,2
I dont understand why the Biden Harris administration can violate a federal court order on student loan forgiveness and send my hard earned money to people they determined should get it while I am and still paying for my kids How is this fair How is it legal,2
That is not who we are VP Kamala Harris,1
We are required to show ID to get through TSA according to THEM thats racist and THEY required ID to get into the DNC Hmmm how are we labeling this double standard hypocrisy stupidity,2
The economy was performing well prepandemic under Trump with low unemployment and moderate growth Bidens tenure has focused on recovery and stimulus which has supported job growth but contributed to higher inflation,1
Breaking Kamala Harris leads in three recent surveys six days before the US Elections CES Harris Trump Morning Consult Harris Trump ABCIpsos Harris Trump,1
She could shit on your chest and you would say its Amazing She is desperate and failing People are waking up to the product known as Kamala Harris,0
Whatever Trump did BidenHarris had to reverse it all to allow a non stop stream of illegals coming in to the country So you can say it wasnt shut down or not but it must have been damn close to shut down,2
With Hurricane Milton expected to make landfall in hours Governor Ron DeSantis held a news conference emphasizing the importance of Tuesday being the last day to prepare,1
And Donald Trump said wed never hear from him again if he lost but here we are,1
Keep the funky shirt on with the MAGA hat Donate the shirt with the green collar,1
Only US citizens should be able to vote in US elections It was Biden that called people garbage,2
Donald Trump Donald Trump Donald Trump,1
I think Biden is suffering from dementia by calling Trump supporters trash,2
Yes The Democratic Party Is the Most Racist Organization in America Opinion,2
Kamala Donald Trump represents the Old School Of Degradation towards Woman If hes reelected Trump will most surely turn the clock back Years or more on Womans Rights To Womb it may concern if you want it then by all means let him in but once hes in hes for good,2
Number Trumps campaigner is Kamala Harris She couldnt stop mentioning Donalds name in all her rallies,1
We voted not just on Biden but Biden AND Harris That implies we trust Harris to step in in case Biden can no longer serve,1
You silly tarded little trumpist. Even a GOP led senate enquiry found russian interference. How many russians have been involved with trumps campaign and funding his businesses.,0
Biden and Harris hate this country and have done all they can to destroy it,2
Minnesota high court sides with GOP orders Hennepin County to revise election board,1
The media is an extension of the DNC They are the propaganda arm of the DNC,2
Muslims are here to destroy our society. It's time everyone understands that. Everyone likes to overlook the obvious. That's what happened. Get these Muslim rats out of every country..even their own. They are all bad intentions.,0
With all due respect the New Republican Party has never been more united,1
Yakety Yak So Biden calls us Trump supporters garbage We need to take out the Democrat trash So you will get your spendin cash If you dont scrub those voter rolls You aint gonna rock and roll no more Yakety yak dont talk back,2
Donald Trump is way too old to be president Pass it on,2
SORRY BIDEN IS NO LONGER RUNNING AND SINCE TRUMP IS NOIT A FELON TILL HE IS SENTANCED WE KNOW YOU ARE NOT TALKING ABOUT HIM WOMEN WHO ACCUSSED TRUMP CALLED IT ASSUALT AND SAID IT WASNT ERAPE CAUSE rape is sexy she told anderson cooperand somehowinsulting to real rape,2
Kamala Harris yesterday spewed that She wouldnt change a thing if elected that shes responsible for during the last yrs as VP Her values hasnt change Kamala Harris where are the missing K undocumented children Where did the go Why are you so silent,2
Donald Trump silly courts in two states He even asked SCOTUS to overturn the finding but they didnt They only returned him to the ballot Donald Trump is still an insurrectionist Rapist too Read his petition and the SCOTUS decision in Anderson,2
Donald Trump walks on two legs as did Hitler its a sign,0
He is a mud man and the left just keeps throwing more mud at him and he just gets bigger TRUMP,2
Debt per capita was k when Biden took office it will be k when he leaves and of your taxes will go towards the interest payments alone Gas prices arent the problem they are the result Mike,2
Look at you apparently being a liarGuess you missed KJPs press briefing in where outlines how Biden did exactly that please prove me wrong and Ill apologize Otherwise Ill just add fucking before liar,2
What do you think she couldve done Im not a fan of Biden or Kamala but I dont understand what people thought they could do on this,1
Another DNC JIDF Nazi sock puppet,2
Notice how many conservative areas are being hit right before an election,1
As people debate a joke told by a comedian the focus on the disastrous BidenHarris foreign policy is largely ignored How did we get to this in just four years Elections matter Vote Trump,2
People just ASSUME Biden accidentally spoke his true feelings when calling Trump supporters garbagebut is anyone considering the possibility that it wasnt a slip of the tongue After all Biden was forced to step aside and wasnt even allowed on the campaign trail with,1
Howard Stern is a Propagandist A Liar A Fraud who uses women and shames them on his show Kamala Harris is deplorable lacks values ethics and has set back females for generations in the USA,2
So we are garbage You are biden and biden is you You are such a lying no nothing politician,2
Dark Branden pulled off the greatest bait amp switch in history Dems arent mad Only Maga is Thats because like the Repubs for Harris they never voted for Branden They voted AGAINST Trump and the Project agenda We all knew what that was before they ever posted it,1
In fact every DMK amp its allies when they come to USA they meet many of these folks leaders and even met Kamala Harris too many times,1
Donald trump is so funny,1
Puerto Rico has an environmental problem of overflowing garbage Biden amp Harris HAVE DONE NOTHING TO HELP Harris is so ignorant of the problem that when a comic at the MSG rally addressed the problem Harris thought he was talking about people,2
Excuse me maam Donald Trump is here to drain the sw err take the garbage out,2
That one man would be Joe Biden right Just making sure we are on the same page,1
Kamala Harris cant even convert a percentage to a decimal number She knows nothing about economics,2
Lets see in my lifetime it would be Ronald Reagan or Donald Trump Close but it would have to be Trump Closet Communists in Reagans day crickets today,1
And she says Donald Trump spreads misinformation She is truly below redemption,2
Donald Trump has got to win this We cannot let this freaking traitor run our country She is a liar It makes me sick watching her stand up there until these lies I hate her I am so frustrated and so angry I do not understand why shes doing this She knows shes lying,2
BULL HITMeanwhile liar Kamala told us Joementia Biden was sharp as a tack amp she WOULDNT DO ANYTHING DIFFERENT,2
Same policies Biden wasnt running anything and neither was Obamathey were just the public face of it,2
I dont support Trump Ive never supported him and never will I also dont support those who are funding a current genocide If Netanyahu is so bad why is Biden capitulating everytime he needs something What happened to rafah being Bidens red line,0
TransUnion raised to Outperform at Wolfe on conservative guidance,1
If Trump wins in a landslide Republicans cant overinterpret this They dont want an invasion of their southern border and they dont want leadership from the dunce Kamala Harris thats all,2
They made the new EV tax credit and expanded solar credits Biden is a union guy and should have never done the Mary led stuff but he was supporting unions making EVs They never abandoned climate change and electrification Trump on the other hand still talks about EVs,1
I think they have about photos of Biden they cycle through,1
ya as bad as Biden was some ppl actually liked his personality,1
The real reason Donald Trump is in New Mexico of all places today via,1
The misinformation shell game of the Republican Party is so overt it boggles the mind He is right about one thing Trumps health is on full display every day Tangible mental and physical decline MAGA politicians are fundamentally dishonest,2
Biden amp Harris are supportive of this woke insanity You amp are the last bastions of hope Top Gun will be replaced by Top Woke Please support us where we create fun memes to fight the woke brigade via Solanas blockchain,2
Ana isnt a complete dnc shill so I would say her,1
LeBron James has endorsed Kamala Harris for president,1
You guys endlessly beclown yourselves over this nonexistent nonissue How many times has this actually happened in Texas voting history Im betting the number of times is less than one but I could be wrong Fun MAGA game though Youre the best,2
Our democracy is under attack but Kamala Harris is fighting back Shes introduced legislation to protect voting rights and strengthen election security Lets stand with her and defend our democracy,1
Thousands of Puerto Rican Trump supporters I assume are included in Bidens insult Seems worse than the bad joke,1
Muslims everywhere endorsing President Trump,1
Only because its was INTENTIONALLY TANKED TWO REASONSKEEP BIDENS LACK OF MENTAL ACUITY FROM WETHE PEOPLE SO GET HIM IN OVAL OFFICECHINA HELPED AS BIDEN OWED XISAME WTHOSE FLOATING BALLOONS SPYING ON THE US TO THEN PIN THE BLAME ON TRUMP ENSURE A BIDEN WIN,2
MUSTWATCH Steve Bannon Returns To The WarRoom After Months As Bidens Political Prisoner,2
No Kamala Harris should agree to the same terms as Joe Rogan made to Trump Otherwise its not comparing apples to apples but something more like oranges to tangelos,1
In the future guys with manbuns and guys who voted for Kamala Harris get castrated,2
Of course the Best the One and only Donald trumps,1
Kamala Harris Biden and the rest of the Democrats are directly responsible for the brutal death of this innocent yr old girl How the hell can people vote for more of this What if it were your child your mother or any other of member of your family Would you vote Harris,0
Wasnt a deal breaker for harris she flat out told biden he was a racist and still became his vp,2
Facts hurt MAGA knuckleheads Portable morgues Food bank lines Ivermectin amp bleach treatments It will be gone in days DJT Educate yourself before making uniformed statements,2
It really is Patera With what Biden said And Trump the master troll with the garbage truck Never seen anything like it in my years Im a Sub on YT,1
When asked about handling inflation and rising prices Kamala Harris mentioned her middleclass background as a key perspective She emphasized understanding the struggles faced by everyday Americans due to economic challenges For further details please refer to the original,1
This is exactly why my step father asked to divorce my mother he found out she voted for Biden Among other insane reasons,2
Oh poor Will you see no problem with attacking Trump for words that a comedian said but words that Biden actually uttered clear as day you are suddenly clutching your pearls,2
Apparently this interview is getting hard to find so I thought I would share my link to it Big Tech must have their Star Chambers active again Joe Rogan Experience Donald Trump via,1
One reason to vote for Kamala Harris Shes not Donald Trump WOW,2
God Bless President Trump,1
Who would have thought that Cuban and Biden would be the October surprise Ha ha,1
Joe Biden took it back In the interim did Donald take it back that medicines he had money in would cure covid We all take things back Luckily no Dick Taker blames Covid on unleashing men marrying men despite mere coincidence Stop being such a space cadet Donald,2
Meanwhile Bidens eating babies,2
In the last few days Trumps been a McDonalds worker and a garbage man What other jobs do Biden and Harris want him to take up,2
Tulsi Gabbard completely destroys Kamala Harris as Hunter Biden watches,1
BREAKING Kentucky voting machines are REFUSING to let voters select Donald Trumps name automatically selecting Kamala Harris instead Vote for Trump Save America Trump Must Win,1
Biden said that act wasnt even about inflation and he wished he named it something else lmao,1
Let me guess Biden WAS removed amirite,1
Im guessing Biden amp Harris would label him as good garbage just guessing,2
Biden Says something out of context MAGA OMG Trump calls people voting Democrat scum garbage called America a trash can said hed use military to attack people who dont support him MAGA What he actually means is,2
I cannot wait until we purge the DNC and its members from government You people deserve zero for what you all have done to this country,2
Former President Trump has declined a rematch with Vice President Kamala Harris ahead of the upcoming debate He has until noon on Thursday to accept an invitation for the Oct event which Harris has already confirmed she will attend,1
Harris said she wont do anything different than Biden The debate is over,1
While the Biden Harris administration is flipping the bird to our hardworking Americans by giving out money away to immigrants and allowing them to break laws without convictions or deportation,2
Every time Harris talks about the Trump national sales tax she is referring to the tariffs he added The same tariffs that Biden did not remove Gee wonder why,1
Woman you voluntarily have your life controlled by Donald Trump Sad sap,2
Thats a man Not grateful to Biden that he allowed the DOJ not go after for working in the USA with a student visa,2
He puts Israel first and they are the terrorists you support the maga cult so you are also a terrorist Country of God More like country of gender confusion and lgbt you satanic coward,0
We didnt fly Biden flags on our cars or wear stupid shirts We voted He won Not everything comes down to social media views,1
Putin said he liked the BidenHarris administration because they were predictable He even endorsed Harris for president,1
Percent change doesnt mean prices went down It meant they stopped rising Prices never went down Only ignorant people who cant read graphs or understand inflation or economics thinks this meant prices went down Theyre up over from when Biden took office,2
He told no lies Itll be the beginning of the end for the US economy if Kamala Harris is successfully installed,2
I Voted Yesterday for President Donald Trump,1
Kamala Harris doesnt love our country If she did she wouldnt have invited in million illegals who klled countless innocent Americans Kamala hates America,0
Donald Trump has dramatically transformed the job market under the BidenHarris administration by personally taking up roles as a McDonalds fry cook and a sanitation worker thereby directly contributing to the surge in employment statistics,2
Start with thus Jim Tobin NAHB CEO BidenKamala want green energy housing regs that will add KK to the cost of new single family housing in about a year,1
Itll be great to never see Biden or Harris again,2
So a vote for Kamala Harris could mean goes to jail The reasons to vote for Kamala just keep getting better and better,2
MAGA its in the profile picture,1
Kamala Harris Dodges Questions About Illegal Immigrants In Bizarre Minutes Interview,1
Trump Cant Do A Real Interview Outside His Conservative Bubble Campaign Claims In a Row,2
As I recall Trump was the one who canceled the nuclear deal with Iran Foreign policy regarding Iran can be debated for sure Biden temporarily removed the Houthis from the terrorst list but earlier this year reinstated them Are there others youre thinking of,1
For decades before presidency Donald Trump was a real estate developer playboy who ran beauty pageants amp lived in a tower idolised by male YUPPIE capitalists going from one bankruptcy to another cheating on his tax How he became a hero to redneck uneducated garbage is a guess,2
False Kamala Harris Campaign made demands THEY KNEW wouldcould not be accepted so they could get sheeple idits in media to say Rogan turned down Kamala,2
I was listening to a disability lawyer the other day He was say I g the Biden regime even altered the disability rules to allow illegals to get disability with a scant work history but make it harder for citizens The invasion force is getting preference in all ways,2
Biden was right You guys are garbage,2
America was more affordable before Biden,1
I cant help but wonder if Biden was purposely calling us garbage in order to sabotage Kamala We all know those comments will hurt her as more people will go vote that wasnt going to vote,2
WTH Thats Bidens new press secretary,2
Trump rides in big beautiful MAGA garbage truck after Biden attack on his supporters,1
Cheney was the VP Exact same as Biden Harris administration,1
Because the latest election results are far more reflective of the actual voting base after the Biden administrations tenure in office The demographics of people voting republican shift based on the policies and inaction of the current administration Its the most up to date,1
Kittle is for sure MAGA I didnt know Warner was too though,1
I dont often literally laugh out loud at posts but I did with this Love him or hate him you cant deny there is no one else in the world like Donald Trump,1
MAGA is metastatic throughout the GOP The whole thing must be destroyed at the ballot box to allow it to be reborn,2
And the highest inflation in years and the highest infiltration of illegal immigrants in years and the highest number of deaths Americans dead from fentanyl Yea Biden is a terrible president,2
Definitely And I believe that if JFK were alive today he would be a Republican The Democrat party is no longer the party of the working people MAGA,1
Theyre making her seem relatable but as the great norm Mac Donald said no one wants to have a beer with Hillary Clinton or Kamala Harris,2
Funny but it wasnt Baier it was their head pollster I remember him vividly calling my state for Joe Biden I was shocked,1
I voted in Kentucky this morning for Donald Trump and I didnt have any issues The other people that went with me had no issues voting for Donald either but they did give us a stylus to use so maybe that makes a difference I would double check and then triple check your ballots,1
How Harris and Trump Are Battling for Pennsylvania Pennsylvania is widely seen to be the tippingpoint state of the election Shane Goldmacher a national political correspondent for The New York Times explains what Vice President Kamala Harris a,1
Kamala Harris wants to destroy the filibuster so that she can pass leftwing legislation and speech restrictions,2
These people are more concerned with getting revenge against Biden who isnt running for president then doing whats best for the people they claim to care about It comes as no surprise that these people are progressive,2
Fuck off. Your entire Conservative party consists of nothing but traitors to Canada. Not one thing you attempt at this point is going to save your sorry seditious asses. We'll call you for any roles played in crimes when the time comes. Sit the fuck down.,0
How many are actually started You know like Bidens EV grid,1
how do you still have your bald baby picture up from years ago creeper much TRUMP,2
A voting machine in Laurel County Kentucky confirmed to have a glitch where selecting between candidate boxes could automatically choose Kamala Harris instead of allowing voters to select Donald Trump though the device confirmed votes with the voter before finalizing,1
Youre telling me that Biden called me a steadfast Trump supporter garbage Well I guess I wont be voting for Kamala Harris then Ha Take that liberals,2
Nobel Prize winning economists Kamala Harriss economic plan is vastly superior to Trumps,1
Joe Biden signed Secure Act which has auto enrollment and auto portability Its way more money than taxes and the money have in in SampP for a year old turns into K today and to keep up with inflation K was min K balance at end of employment,1
I wasnt going to vote for him too but I am really concerned about those Biden circles,1
The Devil has a hold on the GOP,2
Yes of Republican supported Iniatitives are going to fail and it wouldnt shock me if a GOP tried to slow that down by burning ballots in liberal areas But I also wouldnt doubt ANTIFA Ill wait for answers,1
Ummm Kamala Harris got more billionaires backing her than Trump lets see keep up now LeBron Diddy Taylor Swiftmark Cuban,1
Hahahaha thats where the price hikes are comming from what a joke you are The hikes come from your corporate friends unafraid of a frail old corrupt man Biden is He is weak and sold We will replace that broken filth Its ok dont worry,2
The Wets have had their day and have mucked it up in the last years Its time they receded into the background of the Conservative Party and let the more conservative wing run things from now on So no no James Cleverley,1
All of Donald Trumps grandparents were born in Britain or Bavaria after the Civil War His mother was a Scottish Gaelicspeaking immigrant who learned English as a second language in her youth Americans have decided to forget his rather recent immigrant heritage,1
IM A NAZI MAGA WHO LOVES AND,1
GOP Seeks Supreme Court Intervention in Pennsylvania Ballot Dispute,1
The city had an extension through the DNC and are just now soliciting RFPs Very inefficient,2
The Biden administration EXECUTIVE ORDER This was the beginning of Operation Chokepoint An executive order detailing the risks of crypto One of the first references to a Whole of government response to any particular industry or situation It was hailed by,1
New way forward According to Kamala she was the last person in the room the last four years with Biden part of each disastrous policy decision yeah we have to move forward and fast from BrandonKamala,2
Listen to her voters Listen to how she belittle you Right now she is talking You can bet if she gets put in office She will dictate how the American people lives their lives Donald Trump would never do that He proved that in his last presidency,2
Already voted for Kamala Harris,1
Go do your research and tell me how many people died under Trump and how many people died under Biden and get back to me,1
Isnt it nice by the way to have a president that doesnt need a Donald Trump,1
Seriously Biden was dragging his corpse around for the best part of his time in office,2
I am not a bot You all wish we were bots but were not We know what a disaster Kamala Harris is and were not just going to fall in line because the Democratic establishment says so Thats your choice if you want to follow them blindly,2
See that is what I was speaking of a bit earlier BidenHarris will pretend they work tirelessly for a ceasefire while at the same time arming and funding the entity that is committing unspeakable horrors How hard is it to stop sending them money and weapons How hard is it,2
These people MAGA just say Nobody believes it but they just throw it out there anyway,2
Madonna independent woman who made millions without a husband telling her how to VOTE Endorses Kamala Harris for POTUS It was hard to leave but I had to come home to VOTE she wrote in the caption For President,1
Trump said America is a garbage dump I think that means the people here are garbage Soooo both Biden and Trump,2
Does Joe Biden need exactly days or has he changed his word again,1
God Bless Donald Trump and Elon Musk,1
Tampa Bay Times Latest Publication to Decline Endorsing Kamala Harris,1
Profound Kamala Harris Quotes Russia,1
Because the Butcher of Tehran was given a Visa by the Biden Administration. You fucking retard. Fact check it,0
So its kind of funny to see that at least the republicans in Seattle can see she is a conservative,1
Watching Elon so immersed and engaged in MAGA movement and politics is a sight to behold,1
He says woke and woke virus like hes repeating it straight out of the far right loony handbook freshly arrived from MAGA central So embarrassing,2
JUST ANNOUNCED Kamala is BROKE Shes pulling ads buys in all swing states Where did all her money go If she cant manage her own finances she cant manage OURS The View Mark Cuban,2
Harry OHarris cofounder of Death Row Records delivers a powerful speech in support of Donald Trump at,1
This is exactly what the GOP does Hammers the same message with the same tactics until liberals are practically repeating their talking points Why reinvent the wheel,1
Its kind of ironic that this siren is going off while Kamala pedals her lies in front of the White House Its like a Freudian warning sign,2
I really hate the Donald Trump costed her her nad Is that slang for something Kids these days right,2
The see Hamas everywhere and Biden Austin and Blinken agree with them,2
How long after Donald Trump loses and goes to prison will it take before you switch back to the old JD Vance who called him Hitler,2
Close Race Polls Show Trump Closing in on Blue Virginia and Minnesota Former President Donald Trump could be closing in on Virginia and Minnesota recent surveys reveal The post Close Race Polls Show Trump Closing in on Blue,1
Its weird that they would be putting on MAGA gear before the Capitl was breached Maybe they shat themselves and had to change Well like I always say never trust a fart,2
Well normally when ppl literally relocate miles away bc the state youre fleeing is corrupt and failing bc of democrats policies and choose to go to an extremely conservative state Id say the vast majority checked the D card at the state line But there r those others,1
I was just informed that there is a sextape of Donald Trump with a pornstar,2
When Trump wins the election they should just inaugurate him right away Why wait until January Biden and Harris can do a lot of damage in those couple of months,2
Like am I going to commit bank fraud to make No Im not Would I accept a bit of counterparty risk on a Donald Trump PredictIt bet to help some poor Kenyan farmer make two months earnings on minutes of work And make some rich French dude pay for it You bet,1
youre crazy To make up stories that are not true If the government could control the weather Wouldnt it be sunny and beautiful always You and the MAGA idiots need to go back to school and read That is if you havent banned those books on science amp weather,2
How the future looks for Donald Trumps business empire in Scotland years on,1
Biden is literally a zombie,2
Shes running for president She doesnt have any of the power Biden is in charge What would you have her do This is just getting mad for the sake of madness,1
People lying about endorsements is hilarious Nick Minaj correcting the record and endorsing Kamala to dispel MAGA rumors in,1
Donald Trump defends his Madison Square Garden rally as love fest video,1
Zero Troops Too Isreal Send the War Monger Biden to fight with Gaza and Iran,2
It is time for those artists who have weathered the industrys stormsto rise No longer will they tolerate the evil cult like abuse of Hollywood now visibly collapsing under the weight of its own corruption As the old guard of the industry controlled by the DNC amp disgraced,2
Biden and Harris do what is right and good BUT Good deeds go unnoticed Lies sell Make a mistake and you are damned forever Welcome to Trumps MAGAworld,2
When I think about my kids and family and how they will grow up the choice is very clear to me VOTE DONALD TRUMP Otherwise this country is toast,1
Helene is Biden Harris Katrina Pathetic weak response million funneled from fema for illegal criminal invaders Disgusting Good riddance,0
We got the Green Party who forced VW into e car only focus Same Problems as in the US,1
PRESIDENT DONALD J TRUMP is the GOAT He is ready to take out the real trash starting in DC,2
"This from the man that has his entire line of shitty merch made outside of the USA. He is now, and always has been a hypocrite.",0
Nobody knows where Joe Biden is today,1
July Stop the genocide Biden must put arms embargo August Stop the genocide Biden must put arms embargo September Kamala said she will think about ending genocide once elected She is nicer October Trump has a good chance Think about the taxes we have to pay,1
Sorrybut that was the real BiDenhe wondered away from the WHlooking for the ice cream truck,2
i mean biden did call them garbage,1
They want to rub it in our faces that we cant do anything about Kamala Harris getting elected,2
I would suggest Mikey go home But its only the maga repulsive people saying this Mikey You are doing a great job I know you miss your wife and three kids But just think about the good people youre helping Forget this scum,2
Which Biden is that,1
Hahaha CNN forced to cover Donald Trump,2
I asked ONE QUESTION TRUMPs TALIBAN amp TROOP WITHDRAWAL AGREEMENT THAT HE SET FOR DURING BIDENS TERM dO yOu KnOw iT,1
We know this wasnt written by Biden himself because it doesnt include the phrase and by the way followed by incoherent mumbling,2
ILLEGAL ALIENS CANNOT VOTE Haitians who were given Temporary Protective Status TPS by BidenHARRIS ARE NOT CITIZENS amp CANNOT LEGALLY VOTE ENOUGH,0
Will he draw enough cult followers to fill up Madison Square Gardens I guess the question should be will his campaign have enough money and MAGA hats to pay passersby to fill up MSG,2
Look warmongers that are owned by the military industrial complex support Kamala Harris Is a super weird flex Jon,2
Was she asleep last night when Biden was talking,1
Its so easy They have the McConnell GOP colluding with them,2
Blue checkmark chucklefuck say what Musk gets no revenue from me Just doing my part to make sure all the MAGA lies dont go unchallenged,2
Citizens F President Biden President of the United States F the citizens Fixed it for you,2
You look stupid af Biden isnt even running its Kamala and how tf does Biden say yall r garbage bc yall r At least he didnt say it in a nazi rally stfu Like seriously you contradict urself Stfu,2
I really cant figure out whats wrong w AZ Dysgenic Anyone voting for a person who is IN THE DEM PARTY after seeing the JOE BIDEN messhow the hell do YOU AFFORD AMERICA UNDER THE DEMSand seeing this woman who insults your intelligence with her every nonanswer WTH,2
U know its not just an echo chamber when you have networks like CNN amp others calling out Kamala here amp there which they never did under Obama amp Biden,1
Dear American eligible voters its either Donald Trump or no one A vote for Kamala Harris is a vote for Obamas th term Its a vote for World War We want an America that focuses on itself and its citizens We want an America that encourages others to build their countries,2
Because its much more consistent with what everyone knows about the relationship between Donald Trump and John McCain,1
That is better than Bidens number,1
Anyone who cant see that Donald Trump is the best hope for America doesnt deserve to be an American,2
BIDEN OUT TRUMP IN,1
No you are missing the point Who is in control of foster care Government mostly state Who controls the public schools Again Government As the great grand niece of a woman forced from her family and tribe who was sent to Government schools for which Biden apologized,1
His agenda is Agenda not project Youve been fearmongered Nothing he did during his first presidency nor his campaign so far has indicated he would do much of the things in project Theres a lot of regular conservative concepts in there but a lot of extreme too,1
Donald Trump is not on that stage jazzhands,1
Beijing Cashes In On Sunset of Bidens Failed Presidency,2
American women removed from British Airways flight after fight over MAGA hat report DETAILS,1
Netanyahu and Galant fighting as Netanyahu claims he hasnt approved Galants meeting with Biden Obviously Biden is refusing to meet the batard,2
As a respectful fan I wouldnt agree to her terms We respect your podcast terms Donald Trump didnt request any conditions for an interview as far as I am concerned If there is nothing to hide or if she has an IQ to interviewshe doesnt need terms My opinion,2
Biden isnt running VPs dont make policy Try amp keep up with the rest of us Jeez Pense refused to break the law for Trump amp it nearly got him killed,1
Spot on Thank you LBD So many of us believed that Labour would immediately repeal the law but instead they are proving daily they are just as bad as the previous Conservative government Time for a real change and MPs who care about their constituents,1
Now that President Biden has called all the Puerto Rican Trump supporters garbage will you pull your endorsement for Harris also,2
when Donald Trump was president everyone was depressed,2
I dont think you realize how bad the Biden to Harris exchange is She is disliked immensely and has zero social skills and is way unqualified The argument for Biden is much different regardless Democrats chose DEI,2
Well I guess Biden is Maga now Good job,1
What would Putin prefer to go up against hard assDonald Trump or on your knees Kamala Harris,0
Kamala Harris Obsession With Abortion is Part of Her Population Control Agenda she just wants babies dead next it will be old people and disabled people,0
Yea Rick Weve reached the point where Women Seek MAGA Alphas You thought you were a real man but youve been reduced to a baffled middle ground floundering lb weakling in the New American Macho Metric Diminished by Little Steve,2
You Maga types sure love to defend rapists Keep that in mind next week when you wonder why women elected Kamala Harris as your president,0
Joe Biden showered with his Daughter Are you ok with that,2
Director Michael Moore goes full MAGA via Totally unexpected,1
finally you people understand Joe Rogan is far more important than Kamala Harris,1
America First America Strong Trump,1
Im wishing that she could say obviously Im not Joe Biden when ask about Israel She doesnt have to throw the whole thing into reverse before the election but she could plant the seed that shes not just a continuation of whats going on now,1
Did Donald Trump give Putin the go ahead to invade Ukraine The public needs answers,1
Dont take a shot every time she says Donald Trump You will not be ok,1
I dont know why no one talks about everybody amp their momma secretly recording Trump in order to protect themselves from future prosecution,2
Donald Trump refuses to acknowledge the pain and suffering he has caused so many women in America insisting that everyone wanted Roe to be overturned Kamala Harris wants to kll all unborn babies keep the room for illegal migrants,0
The Biden victory celebration was so nicely done too,1
Really Because I listened to a hour interview of Donald Trump and it was VERY EVIDENT he is just fine Im positive that Kamala couldnt do hours of talking off the cuff and make sense,1
Cuban has Trump over the line with a lot of women Thank you Between this clown corrupt Biden and the low IQ Cackler the choice is easy,2
He doesnt seem that weird to me The journalist seems like a racist weirdo to me Only illegal immigrants can work in construction These people are broken and they dont even know what theyre talking about anymore Just DNC talking points,0
At that time Trump said hes never sought forgiveness for his sins according to CNN He didnt say he has no need for it And again thats his business Alot has changed in his life since then If Christians are supposed to wait and vote for the perfect candidate who has done,1
Lolz How about hunter biden and Ukraine shell companies How about Joe Biden and the Ukraine How about Hunter Biden and the big guy in China,1
Biden didnt do the thing he is accused of But Trump did,1
Kamala Harris is truly retarded,0
Donald Trump is going to win the votes of all the little boys under the age of,1
How can we trust anything when nobody was supposed to see this showing a clip on election results for a test run How do we know fake results wont be used during election night showing Kamala Harris won,1
GOP lawmakers slam classless Trump rally Puerto Rico joke in rare break WTF Republicans are leaving the SS TRUMPTANIC before it sinks TOO LATE LOSERS Its going down with all of you on it,2
Byebye trump The next president of the United States will be Kamala Harris,1
CNN must be hurting for ratings and cah Maybe the DNC hasnt ponied up yet,2
Biden White House Halloween Remember when you were all ready to vote for this clown again the rest of the world was smart enough to realize Biden is in serious mental decline,2
No it was in response to Bidens comments about Trump supporters Trump never said anything about Puerto Rico,1
He rides with Biden,1
A LIVING LEGEND BABY I PROMISED ID BURY DEMENTIA JOE BIDEN amp Did It,2
Donald Trump and his puppets MAGA are a cult Kamala Harris will win this election Period,2
Marc is so jealous of Donald Trump,2
Dr Phil its time for you to get your head examined I think Ive only seen about four episodes of your show all together I cannot stand your uptight narcissistic teachings In other words I understand why you understand Donald Trump and his babbling b Youre the same,2
ExOverstock CEO says Hunter Bidens Iranian bribery plot defamation lawsuit should fail in its entirety cant prove he had doubts about his claims Source Law amp Crime BS,1
Biden and Harris fixed the McDonalds ice cream machines Remember that on Nov th,1
Bill Blair reminds me of Biden retire with all your government pensions,2
BidenHarris administration has created a remarkable economy,1
Bob Woodward is at it again Ex CIA Deep State Operative trying to take down another President Kamala Harris says Trump was played by Putin So Ridiculous,2
Shocker that is lying about the real cause of inflation which is her and Bidens policies,2
Do people who watch Game Of Thrones have no off switch If I wanted to watch amusing political based crap Id just watch videos of Biden doing the slipper shuffle when he tries absconding,2
Like said over the last week my guts been deadlocked Occasionally I felt like Trump had the edge but since yesterday Ive grown increasingly confident Harris will win Bidenstyle Now that the very accurate betting markets are tilting in her favor Im even more assured,1
Liz Cheney says Donald Trump has no conscience and that hes erratic chaotic and cruel UmLiz Cheneys father is Dick Cheney who is quite literally responsible for the needless deaths of millions of innocent people in multiple wars You really cant make this stuff up,2
This explains Trumps cult members,2
Kamala harris wont be a president for Americans because she hates the country,2
I admire Biden for retaliating against the coup by forcing them to appoint an impossible successor It was an excellent strategy,2
But your caption is authorized by Donald Trump thats misleading,2
After strong contemplation and watching the shenanigans start to play out I caved and Voted Early for and soon to be Donald Trump,1
No one has ever been as dangerous to this country as Donald Trump the general said Now I realize hes a total fascist He is the most dangerous person to this country Milley gets a barrage of death threats attributed to Trumpers,2
We knew it was coming Great work and amazing job at poking fun at the left Biden and Kamala They awakened a sleeping giant with that comment,1
The Democrat Party is sure treating Joe Biden like Garbage They just tossed him in the trash can and appointed Kamala Harris to be their nominee,2
Not a single speaker called him out and TrumpVance didnt apologize He was vetted by the Trump team Trump has insulted democrats hundreds of times Far more than Biden has and Harris hasnt insulted republicans at all,2
WE NEED DONALD TRUMP TO WIN,1
It is truly heartbreaking some of the people they are now getting it they were just pawns in a game of politics for Harris and others Biden says he is going to send the Haitians from last election backtoo bad no nothingmany of those in NYC will vote and be deported,2
Whats weird is how when this is all over theyll still be in charge of the party theyll still sneer at volunteers while crony hiring consultants It would be easier to overthrow the federal govt than it would be to get a leftmajority in the DNC,1
I love you twoGo Maga,1
When Kamala calls Donald Trump Hitler What she really means is Will somebody please shoot him,0
Lets hear straight from the source needs to happen needs to happen MAGA,1
Trump will win,1
If yall ever needed proof that is a joke here it is they invited a openly selfproclaimed fascist who literally goes by Big Papa Fascist online to argue that Donald Trump isnt a fascist Its beyond absurd,2
All that matters is beating Trump Nothing else,1
It isnt close at all Trumps gonna win in a landslide There should only be a limited number of mailin ballots and ZERO early voting Thats how we ended up with Biden in the first place,1
Lets keep the garbage narrative in the news to hurt Checks notes Biden,2
I didnt know Mark Cuban is older than Donald Trump Hes getting like Uncle Joe with his dementia Sad,2
The CHIPS Act is bringing back manufacturing driving innovation amp creating goodpaying jobs right here in AZ But now Donald Trump says he wants to get rid of it amp replace it with tariffs thatll jack up costs for American families Its a direct attack on Arizonas economy,1
Joe Biden isnt killing people with lemons,1
Elon MuskVladimir Putin is the biggest donor to the Republican Party,1
We should have done that with Biden,1
Why does he think Trump is a danger to the Democracy I mean the race was close between him and Biden so he had the right to double check it just as Gore with Bush Remember the chards But I truly the Dems did steal the election as there were lots of extra votes from them,2
You know damn well what Biden said,1
Tomorrows cover White House transcript attempts to alter Bidens garbage dig at Trump supporters in desperate bid to spin massive campaign blunder,2
I was not referring to what happened to Mar A Lago although I question how it was handled imo Biden on the other hand people will say he handed them over voluntarily As a senator amp VP he never should have had them in his possession Was he as sharp as a tack,2
When Elon Musk says Americans will face hardships if Donald Trump wins he means us not him In fact in the time it took you to read that last sentence Elon made and thatll only go up under Trump,2
Any account supporting Kamala Harris is either a Satanic pedophile blackmailed or bribed,0
We never lost our freedom when Donald Trump was our president from to Dont push it Kamala We had an excellent Trump administration We had no wars no high interest rates no inflation and even less money printing to create a trilliondollar internal debt Come,1
In Attendance now LIVE Also broadcasting on MSNBC and CNN VPpresidential nominee Kamala Harris Ellipse speech today Closing Arguments YES THE ORANGE MOBSTER MONSTER GOTTA GO USA,2
Trump shouldve won instead of Biden,1
Ahead of the start of Russias fullscale invasion US Vice President Kamala Harris urged President Volodymyr Zelensky to develop a succession plan in case he were to be killed or captured excerpts from the book War by journalist Bob Woodward revealed on Oct Zelensky has,1
biden is inciting violence why is he not arrested,2
One week out from the election and Kamala Harris isnt out talking to voters in swing states shes giving a speech in one of the most comfortable places in the world for her to give a speech Washington DC Some people feel more comfortable in the swamp Kamala sure does,1
Thats not what Biden said but if youre asking me Yes Id say that Trump supporters are nearly identical to garbage,2
Donald Trump doesnt even care about his relatives Sick man,2
KAMALA HARRIS dont have any plans to make America great and everything she is doing is copying every strategy Trump is doing on the road she is nothing but Jeopardy She is one big piece of damage goods for America She will say anything or do anything cause she does not care,2
Saw info about comedian comment He wasnt wrong Biden cut funding to Puerto Rico and now theyre drowning in trash,2
This is who and what Donald Trump and his Little MiniMe JV Vance are So sad and pathetic,2
Fascism is Here Its Looking for a Leader When the owners of Newspapers stop their editorial boards from endorsing Kamala Harris as Jeff Bezos Patrick SoonShiong and the nations largest newspaper chain which owns USA Today did that s Fascism,2
This rich have zero morals and zero national identity if they will sacrifice this country for their tax bill especially when GOP tanks the economy and stock market every time Selfish Unamerican,2
Biden is camping for trump,1
Why might this be Are you implying that Biden encouraged Hamas to launch a barbaric attack I know you want to blame Israel and Biden but Hamas has agency and responsibility for its own actions and the consequences they are reaping,1
Your swing state numbers are WRONG for BOTH and In difference was k votes over states In it was k votes over states Many people seriously doubt Basement Biden actually got million real votes Makes NO sense to realistic people,2
"""I'll have those n*ggers voting Democrat for 200 years.."" The racist of the old days built the foundation of the modern day Democratic Party and that's why I think people should be quiet. This party has played in our damn face for DECADES. and yall eat it up every time.",0
Absolutely no one with a pulse thought Donald Trump was gonna win including him Which meant once he did win there was initial hope he might be an independent moderate type which sank spectacularly once he got in and immediately closed the airports to Muslims,2
heres a hint its not biden even though hes in my pfp good luck,1
If you support Biden Harris you are part of the problem You are evil Hope you are proud of this,2
And Biden said she was a part of everything thats been done,1
Conspiracy theory Biden and Trump coordinated the garbage story He said what he said Garbage trucks and outfits were ready Its all in the game Change my mind Politics made strange bedfellows The enemy of my enemy is my friend Revenge Revenge for Wanda,2
An apology from Donald Trump would be a lie That who he is what he thinks Latinos are as he called us vermin trash garbage criminals in his mind,2
I knew he was going to do this just to save the election for right now He saidyou will strike when nothing about Kamala Harris If I was the Union members I would not because its their union not HIS He has like a million dollar House,2
I hope all Americans voting for Trump turn out next week wearing their garbage collectors day glo vests Do it America,1
What an election the conservative Republican candidate dances to THE gay anthem at ALL of his rallies the Cheneys support the Democrats and a Kennedy supports the MAGA candidate god help us in a week,2
WOW Millions of Voters WITHDRAWAL Support From Kamala After Bidens CRU via,1
deadass i think its million population the million votes for biden the rest of the million americans are trump supporters apparently,1
Ivanka Trump was once Donald Trumps biggest supporter Lately he has been absent,1
Its all A show There is no Labour conservative They are the same Its just an illusion that gets played out and into the tv The brain washing machine They just hand over the baton in parliament elections to continue the plan Look up Operation mockingbird,2
Huge How GOP can count on people without morals or ethics like trump and musk when they had a John McCains Incomprehensible,2
yea nothing like the biden years,1
Yes RFK Jr made the right decision Kerry Kennedy needs to put that aside and see the reasons why RFK Jr endorsed Trump We Americans all live and love this beautiful country that the BidenHarris administration is trying to destroy and is destroying,2
Were you this upset when the old Twitter censored everyone who opposed COVID lockdowns Or when they tried to scrub the Internet of the hunter Biden laptop story,1
The Harris Campaign should accuse Donald Trump of being a nuclear physicist or an astronaut Or a hostage negotiator Or an airline pilot,2
WHOA Bill Clinton Sabotages Kamala Harris AGAIN Admits The Economy Was Better Under President Trump VIDEO,1
Throwback to Dave Chappelle being real about why Trump became so popular with regular people hes real Not just another politician with an agenda DJT,1
Yeah Elon voted for Obama and Biden You cant get more far left than that,1
Biden bites babies visiting for White House Halloween trickortreat celebration Source Fox News,2
The Democrat elites are totally disconnected with the common people theyre tone deaf and dont care BidenHarris really dont care about the American people everywhere we turn theyve shown us over and over again The corporate people who run the media feel the same,2
This reporter is weird Was this his first day on the job Biden hasnt looked the same to me either Thats a standin The real Biden has been committed to an asylum most likely He eats his oatmeal gets a diaper change takes a nap plays with his legos another nap etc,2
Donald Trump Setting New Precedents For Voting Fraud via,1
So Ive decided to vote for Trump now,1
Only Biden he got enough of our money and did nothing for us increase in our social security and tax on top of that thank to Biden,2
Math is hard for the GOP Especially when you dont understand average vs median Whats the median Oh and whats the average of the Trump tax increase In this case average of an appropriate measure,2
The disinformation is out of control amp needs to be stopped Today the former chairman of the FL GOP endorsed Harris because of the lies being spewed by Trump amp his supporters over Helene relief efforts A Republican mayor amp governor begged Trump to stop lying about Springfield,1
Shut up I still cant stand you Youve been rooting for republicans since And every time democrats win you switch up You swear in democrats would face a red wave didnt happen That Trump would in and now that you know he wont you are back to your senses now,2
Why does Biden and Harris have to push us into war because the Dems are losing These people never have the best interest in humanity as a whole and when threatened with losing control would rather destroy everything then to admit defeat Instead their defeat is taken out on the,2
No Donald trump is,1
In Case she didnt know She isnt the current sitting president Biden is,2
I am a Mexican American Independent voter and the new Republicans the MAGA party is so welcoming All Democrats say is Trump will deport you and other made up fear mongering points Democrats are unhindged people,2
Fake Electors scheme only in the heads of those who were unloading truckloads pulling out suitcases of Ballots for Biden at and am the next morning and illegally legitimizing them,2
Covid cases are rising Joe Biden should make it mandatory for everyone to get boosters by the end of the year Anyone who refuses should be detained and arrested immediately I speak for all Americans,2
Had to check if this was a parody account Turns out the guys who wrote a book on how you shouldnt make everything about race is stretching to put on that bait she isnt black nor is Biden they were laughing at why no one wants to kill her or Biden,2
Start shredding the UN charter like your predecessor The only savages on this earth are Zionist baby killers and their supporters Biden in the US British government and Nato that condone genocide,0
PRESIDENT TRUMP Very simply Kamala Harris is the worst Vice President in history Her message to Americans is all division and hate,2
Elon Musk and his super PAC share violent and vulgar videos about Kamala Harris via,2
Yes I do since Trump left office the BidenHarris Administration has been distablizing America We will Have Trump back in office very soon to stop them,1
With how youve positioned yourself and your opinions on how the left is youre definitely a liberal conservative no matter if you deny it due to the aesthetics of admitting to such Youre right in that you dont reflect the majority of Americans most of who are not courted,1
A US official tells The Times of Israel that US President Joe Bidens administration is considering transferring Terminal High Altitude Area Defense THAAD air defense systems to Israel Why is Genocide Joe so eager to protect the apartheid genocidal regime Who is in charge,0
Who cares the conservatives are not conservative,1
He just played a compilation of Kamala saying Donald Trump in her speech amp he threw up his hands as Kamala shows how hes living rent free in her head I thought he was going to start conducting or something as she sang her Donald Trump song Hes so relaxed amp happy rn,1
Trump unveils his new policy amp Kamala Harris delivers her closing argument in Washington But Joe Bidens recent comments undercut her speech heres why,1
Donald Trump will terminate the constitution Says the women who plans to do just that Add Supreme Court Members until she controls it Stop Freedom of Speech and decide what is misinformation Stop the Second Amendment with Mandatory Confiscation of Guns Get rid,2
Donald Trump Con Don is a disgrace Akafacehots is a digrace and a MAGAt,2
The Biden administration has finalized a billion loan for Nevadas Thacker Pass lithium mine,1
I pretty much cite this as proof that Biden was operating on s s foreign policy decisions If theres one thing the US wanted to get rid of back then it was anything left of the old world order Any opportunity to shrink European empires was taken,1
This tells me all I need to know about Kamala Harris,1
ask Murphy about the money going to Ukraine in that terrible bill Ask why Biden reversed all Trump border restrictions Biden can shut border at any time,1
Dont worry youre definitely conservative garbage,2
Obama is the Antichrist of American politics He started the decline of America his first day in office continued it with Puppet Biden in his Shadow Third Term and is looking to end it with Puppet Harris in his Shadow Fourth Term Vote Trump or live through Americas end days,0
She is a very good choice for president Kamala Harris rallies in Harrisburg Pennsylvania days away from Electio via,1
Im calling on all of Donald Trumps nasty disgusting diseaseinfested Hitlerloving supporters to knock it off Biden Calls On Deplorable Garbage Nazis To Tone Down The Rhetoric via,0
Tweeets like these show me everyday how big MAGA got in the US Ya so easily triggered and controllable,2
Phones TV microchips Trump Bibles MAGA hats all are made overseas,1
Following the arc of Joe Bidens year political career its a smattering of both senility and bigotry,2
Thank you Tell to cut pushing the narrative like they did to get Biden out of the race They have spoken about and shown the clip more today than the candidates and the hurricane RNC surrogate want to do what she did in and get trump elected Divide us,2
Holy shit Its the same damn agency Youre making excuses If BidenHarris hadnt blown all that money on illegal immigrants are you seriously suggesting they couldnt touch all that money if they hadnt spent it,2
Good words for these guys bad words reserved for trump Now we know who has Biden in his pocket,2
Is Kamala Harris So Genuine or Fake AF,2
Donald Trump inadvertently admitted that he doesnt know the presidential line of succession which is among the questions on the US Citizenship and Immigration test required of all people attempting to become Americans Ive long known that that Trump eventhough he had,2
Actually youre incorrect Trump didnt lose those jobs the lost of those jobs came from Covid The trillion deficit is also not correct It was trillion and trillion was from covid in But BidenHarris has a trillion deficit and the year isnt,1
AmeriCorps and its partners have exceeded President Bidens ambitious recruitment target of tutors and mentors for schools a year ahead of the original deadline,1
Heres the important things to remember Project abortion access appointments to the Supreme Court We already knew Trump and MAGA were racists and fascistloving Its horrible but lets not forget the important stuff,2
He almost fell over getting into the truck If Biden did this Fox News would talk about it for the next decade,1
BREAKING Bidens Spooky Press Briefing Kamalas Detroit Nightmare Get ready for a wild ride as BAIJs Midnight News Madness dissects Bidens surprise press briefing that sent Kamala running for,2
Youre voting for Donald Trump the embodiment of hatred disdain and revenge given human form,2
Biden sniffs children and takes money from China Kommiela sucks dck to move up in life and Trump is WINNING,0
The executive order BIDEN signed was to prevent transgender discrimination and of course it was blown out of proportion,1
Lebron James has officially endorsed Kamala Harris today Does this change your vote,1
Uhhh he did take calls from the White House though Hes been communicating with Biden amp Biden not only confirmed this but also said DeSantis is doing a great job with this Sooooooo no,1
Well if you dont vote for Biden you aint black Im sure you are articulate and clean like Biden said You cant go into a Dunkin Donuts unless you have an Indian accent And he didnt want his kids growing up in a racial jungle Enough for you,0
He IS in the area The distance between St Pete Beach and where he just squawked about debris removal in Treasure Island is miles He is so fvcking petty that he cant be seen with Biden is just vulgar Talk about someone playing politics,2
You wore a K gold chain at the DNC Sit down and shut up,2
The Biden administrations new rules which require automatic cash refunds for canceled or significantly delayed flights took effect this week,1
The NBC woot track they played when she said obviously Im not Donald Trump Its all fake hate Donald Trump is good,1
If you ever find yourself even entertaining the question of Whos running the country youve lost the sauce This is how MAGAbrainwormed even centerleft spaces are,2
YES MAGA FIGHT FIGHT FIGHT MAGA,1
My Latino people voting is around the corner We have a lot of Christian and Catholic brothers and sisters who still believe and protecting our families especially our kids If you elect this woman Kamala Harris our kids will be in danger Trump will stand for our kids,2
Wowhes caught the Kamala Harris word salad virus If you cant answer the question even if its a long answer it means there is something not quite right,2
Kamala Harris Runs From Economic Reality by via,1
I dont wanna face the next four years without you Trump Im starting to get scared now if they cheat They are so bad and there doing it out in the open Trump There burning the paper ballot boxes hopefully all Kamala Harris voters You gotta win love you bro,1
Donald Trump whos never applied for a job amp owes EVERYTHING to his inheritance amp daddys connections has the nerve to call Kamala Harris Retarded,0
Thats funny because I thought he and Biden were on CNN and with Harris on ABC I never saw the Fox debate Will have to go on YouTube and check it out LOLgood thing you write fiction Stephen because you really suck at writing facts,2
Instead of working to convince voters Harris is unfit the Trump campaign has wasted too much time on stupid stuff amp bad stuff He must rise above partisanship with a pitch focused on the economy amp immigration amp hammering Harris for the Biden coverup,2
a bunch of people summarily deported by the Biden administration under the legal justification your diseased blood renders you unfit for even token human rights op title remarkably evil bit of policy but at least they died for a good cause,2
Whered he come from My family is from and what WE sacrificed were the lives of my Uncles in WWII You need to remember ALL of us have sacrificed A LOT amp NOT Donald Trump He was born with a silver spoon in his mouth,1
Poots is amazing Taking over Europe controlling US elections and still got time for fun This guy is unstoppable,1
Yes Please share your sources Oh and btw WE VOTED DONALD TRUMP BECAUSE HARRIS IS FUCKING UNFIT TO RUN OUR COUNTRY SO SIT DOWN AND SHUT THE FUCK UP,2
He called all of us garbage The total US but now he wont own it Biden finished it,2
Or getting around the US ban on the development of bioweapons Fauci wiping tears with his bare contaminated digits watching Biden inaug PBS cam a state shutdowning deep state Dems skirting states legislatures sole role j entrapmenta first ever All preplanned,1
Check this out Biden Harris looking for hotel rooms for illegals as homeless veterans late and sleep in the streets of New York Im Darren Aquino candidate for New York City Mayor Do I have your attention,0
Liar Shes a blatant liar Covering up the Biden shitshow,2
Trump dans un camion ordures au Wisconsin how do you like my garbage truck This truck is in honor of Kamala and Joe Biden,1
Were already there Kamalas been responsible for much of whats happened under the Biden admin due to his clear cognitive decline We are on track to hit C yet she defends fracking When asked if she supports trans rights she instead says she supports the law Blue fascism,2
Joe Biden swears he was confused and thought today was Garbage Day at The White House when he inadvertently referred to half the country as garbage Says he meant to say everyone should eat more cabbage,2
Why is DeSantis doing that except to be political Biden was finally able to reach him that day after he refused Harris call But he had also refused her calls following Helene along with Bidens But BidenHarris made sure DeSantis had everything he needed,1
and politicians like kamala harris also need to earn the votes of the US citizens and shouldnt get to hold it hostage for being the lesser of two evils im sure you know that,1
You are right last month aliens were no longer crossing the southern border because the BidenKamala regime put them on charters from Mexico to the US in the middle of the night Kamala Harris,0
The New York Times and The Atlantic reported that Donald Trumps former chief of staff John Kelly said Trump spoke positively about Adolf Hitler Those comments are real,2
Corrected headline Donald Trump lies and says his MSG rally was an absolute lovefest Do better,2
We the People pick KAMALA HARRIS as the next President of the United States of America Whether Trump likes it or not,1
Kamala Harris has a hard time convincing her own voters that were bus in to listen to her,2
When Kamala Harris will go to Joe Rogan USA will love see her there she is wasting free ads Lets go Kamala lets fill this fight,1
KARI LAKE IS A FREAKING LOSER MAGA SHOULD HAVE NEVER HITCHED UP TO THAT CABOOSE,2
This is an insanely dishonest thing to post Pres Biden claimed to believe his Inflation Reduction Act would reduce rather than exacerbate inflation but it would be dishonest to claim he INTENTIONALLY fed the economy He just was incompetent with no understanding of economics,2
Obama Biden gave Billion In cash to Iran Was there a small kick back Why not,1
To be fair I should answer your other question Biden won in we are just pretty sure he did not win fairly you know with the suppression of vital information for voters Tariffs are paid by the importer Trump is not going to tariff cheap holiday decorations His tariffs,2
Todays expected phone call between Biden and Netanyahu on the Iran issue will be decisive Barak Ravid Axios correspondent,1
Our civic duty is done more Votes for Kamala Harris and Tim Waltz Yes the Sun was bright hour and minutes in line,1
I love the Biden is purposefully sabotaging Kamalas campaign because hes absolutely livid that Nancy and obama kicked him off the ticket,2
Part Everything you said tonight is a total lie You are the one pointing fingers you amp Biden signed a document to use the military against us after the election Trump never sent armed people to the capitol nor did he say so what to people wanting to kill Pence,2
A proPalestine protestor interrupts a Kamala Harris rally in Harrisburg PA Rally attendees respond by forcefully shoving the man and repeatedly striking him on the head,1
If nonAmerican citizens were voting in Wisconsin they should have been already been charged amp prosecuted Zero charges Zero prosecutions So that is not the reason why Republicans are pushing to pass this constitutional amendment Whats the real reason MAGA wants a Yes vote,1
That would mean that there are things Israel wants to do but Biden is stopping them from doing What is Biden stopping Israel from doing and how is he stopping them,1
Agreed He can vote his conscience thats fine Its the fact that he is trying to influence others not to vote for Trump That is pathetic Or he is being paid to sabotage conservative unity,2
The QUEEN Kamala campaign has paid for her to be on the front cover airbrushed so she could look younger Its a PR SCAM QUEEN Kamala will never be president shes toobut she will be a STOOGE TELEPROMPTER READER like Biden was The OBAMA CABAL is running America in the,2
You can almost count the people at Kamalas rally What hasnt she stolen from Donald Trump now she takes the song YMCA She cannot even bring in of the crowd that Donald Trump brings in and he doesnt have to bus in his Patriots GO MAGA,2
Not an all About as bad as Biden calling us garbage,2
Kamala Harris is AFRAID of Voters Like This Black Woman MUST WATCH via,2
It z was All Incomprehensible to Biden,2
North Korea put a picture of a clown on the front page of their newspaper when Biden and you won,2
She and Biden back Israel the state that is mass murdering everyday women and children and Netanyahu which is one of the people that democrats and democrat leaning voters hate the mostBiden and Harris went along with Netanyahu and now they will lose the election because of it,2
Cool Im not a fan of Biden But Trump has taught me a lot about fascism,1
he definitely got robbed there is no way million Americans voted for Joe Biden mailin ballots and overnight dropboxes leaves a lot of opportunity for cheating facts,2
Americans cant afford Kamala Harris READ HERE,1
Kamala cant think of anything he would change during BidenHarris Admin Time to turn the page alright MISSING CHILDREN,2
We respect our garbage workers Also Biden amp Harris called you all White supremacist dont forget,2
Well it looks like I pissed a few cult members off I had several new lists Im on today including Cnts amp Trafficking sympathizers I must have nicked a few MAGA snowflakes Good Cry more cult members cry more,2
Please tell us what the c word is I have not heard one of you say what it is You mean kamala Harris saying that everyone who doesnt support her is a communist,2
The very sad part of the GOP deceitful racist and hate attacks against DEI is how easily Pres Biden VP Harris and Democrats gave in to GOP racism blackmail about DEI When DEI is gone A look at the fallout at one Texas university ABC News via,2
I believed that years ago and voted for Biden Worst mistake of my life Im voting for Trump for the first time,1
Hey MAGA Arent you going to dispute the results,2
Are You SERIOUS Not Just No A Huge Fat No HELL No stop ASKING STUPID QUESTIONS this is insulting to America The Citizens are being SHOWN WeThey arent worthy of The Biden Harris Administrations Support Use your Head And Yes I support Trump,2
Joe Biden called millions of women garbage,2
Nope Trumps ego betrayed him and the people who blindly worship the orange god followed suit Im a conservative but the way people idolize this man at the ruins of truth and decency is reprehensible We need to hold the same standards to all of our leaders,2
Never forget how Joe Biden Kamala Harris and the democrats feel about Trump supporters Vote for TrumpVance and end the hatred,1
How so Do all the wars make you happy inflation invasion at the border adding more criminals and terrorists to the country amp censoring speech etc Remember the last years were under Biden amp Harris so if you are unhappy blame them dont vote for the same people who,2
MAGA will loose MAGA will eat crow MAGA will cry We will laugh,2
There is so much more at stake Vote on policy and record regardless of party Remember Harris never received one primary vote admitted she would change nothing from the BidenHarris administration,2
John Legend Don Cheadle Mark Ruffalo and friends came to support Kamala Harris at her rally in Philadelphia,1
Yes thats how he thinks of us as garbage Biden is so angry that he and Hunter couldnt sell secrets to other countrys for CASH anymore Hunter is facing criminal charges Biden has been kicked to the curb by the Dems GARBAGE thats what we are according to Joe amp Kamala,2
We are in the end of America right now And what a sick corrupt Family Joe Biden Family is,2
I think Tim Walz and Kamala Harris are serial liars Do you,2
And Biden actually accomplished environmentally progressive legislation,1
Donald Trump wins Everything Love that its my hometown of Green Bay one of the most American places in the country,1
I am aware and that is one of many reasons I support Harris over him That does not mean I will pretend Bidens approach has been good,1
We vote by secret ballot in the United States There is no record of who you vote for No one will know Defeat fascism vote for Kamala Harris amp a straight democratic ticket to save American Freedom,1
Imagine another airborne pathogen ravaging the globe with RFK JR and Donald Trump in charge of the WHO CDC and every other Governmental agency Were looking at a LAURA LOOMER cabinet position This is the abyss were heading for in six short days,2
Trump did not divide us Obama did Hillary started the deplorable rant and Biden called supporters of Trump garbage The mockingbird press bantered everyday on the horribleness of Trump and a Russian colluder which was a lie The vileness comes from the left hands down,2
Senate GOPs Scheme To Let Trump SelfPolice Ethics Trumps Senate ally is blocking the appointment of the governments top ethics chief which could let Trump pick his own crony and deliver huge gifts to Elon Musk and others,2
TRUMP IS A FASCIST Says Four Decade FourStar General who served as Donald Trumps Chief of Staff He knows Trump like a book,2
Same physician that did Biden was in perfect health,1
Its called cheating and the Biden regime is going to try to hold on to power like a Marxist party in a countrys first free election,2
Former President Donald Trump was in Delaware County Tuesday for a community roundtable at the Drexelbrook Event Center and many attendees showed their support for him,1
I voted yesterday in New Jersey for Danald Trump Here is why I can only speak for myself amp my inner circle My wife amp I were financially better off when Trump was in office then BidenHarris My wife amp I make more money today then back then but had more then than now,1
I am a strong independent woman with her own business raising too strong independent women Donald Trump for us,1
Kamala Harris WILL EXPAND THE AFFORDABLE CARE ACT SHE will LOWER COSTS for prescription drugs Trump has No plan Vote now HarrisWalz,1
And turnbull is a conservative politician too,1
I keep saying this but here it is explained very very clearly for those not getting the point Trump and MAGA are textbook Fascists,2
Havent you ever missed a door handle and misstepped He did not fall upstairs three times like Biden trying to get on Air Force One Or yawning continuously on the plane like Kamala,2
Joe Biden says hes built most extensive voter fraud org in history via,2
Donald Trump and RFK Jr have promised to roll back FDA regulations on food and drugs potentially risking public health by easing safety standards and reducing inspections Critics say this will only lead to more contamination incidents,1
It looks like any news platform will be shutdown by Donald Trump if elected,2
The unscientific pandemic lockdown set in motion a United America against these tyrannical monsters that gave us the pandemic Democratic party world economic forum can shove it up where the sun dont shine And Id love to go after them they sit on trillions and reimbursement,2
Theres nothing you could say or do to change my mind Im voting for the man that didnt let in millions and millions of illegal aliens perv rapits mur The list goes on and on Its over for Kamala,2
Tell me how many times trump makes blunders compared to Biden Biden made a minute clip of just blundering Kamala is just word salad dont act like you know what Today is today And yesterday was today yesterday Tomorrow will be today tomorrow Means,2
Indeed VP Kamala Harris is on,1
We are ALL DEPLORABLE GARBAGE according to Biden Harris et al Get OUT AND VOTE you Deplorable Garbage TRUMP Vote wait on line vote early vote NOV JUST VOTE,2
Thank Biden Harris for letting the low life scum in And this treasonous traitor Harris wants a promotion Cant make this shit up,0
or maybe the situation is ten X worse Ill tell you what he knows and is not saying After million unvetted immigrants shipped to a town near you Imagine an October th event where s will be dead before Biden gets out of bed Be scared BC I am It has already started,2
Because Kamala Harris is Hitler,2
How bout nooooooo Kamala Harris is unfit At this very moment shes popping Xanax and drinking box wine I guarantee it I wouldnt trust her with a potato gun,2
Chuck did the two of you share a hearttoheart about what you most enjoy about the piquant taste of legally adjudicated sexual assaulter serial tax cheat and parttime luxury watch and Bible salesman Donald Trumps sweaty orange rectum,0
BREAKING Donald Trump accuses Taiwan of stealing US chip industry Source CNBC Follow,1
Its unbelievable that Harris is talking to k tonight on the ellipse and Biden was giving speeches at drivein movie theaters And now hes on the sidelines despite landing a nosediving economy on a bed of feathers and giving VP the opportunity It is insane how,2
NOT JOE BIDEN Kamala Harris again attempts to define herself as different from Joe Biden Her message My presidency will be different because the challenges we face are different In other words effectively theyre the same Shes finally acknowledging inflation is a,1
So is this not admitting MAGA followers are in fact garbage I really dont get these cornball antics The party of Cosplay,2
Or rather I dislike how this is reading Trumps specific coalition backwards onto ClintonBushObama eras Its not like saw the GOP embrace a specifically EC optimizing strategy if anyone did that it was Obama the raw vote totals were just too low,1
Have you ever worked hard Maybe even had a couple of physically demanding days in a row And you end up tired right Why does Donald Trump think being tired is something to criticize Is it because he doesnt know what hard work feels like,2
Kamala Harris doesnt want to confiscate the firearms of Americans because she wants to protect the children The totalitarian Democrats plan in doing things to us that they know we will not like and will resist them doing it to us Thats why Americans have the nd Amendment,2
hunter bidens laptop was real and this is how you admit it,1
Seeing so many more signs in folks yards in than I did back in with BidenHarris Very proud of this city We wont flip the state but every vote counts,1
Biden gave the okay for more protection,1
"You stood with Donald Trump, so that makes you a rapist pedophile.",0
Breaking Biden was just run over by a garbage truck,2
Kamala Harris lying about listening to Trump supporters Sorry but nothing in her history indicates that she would have any intention of listening to anybody from the other side,2
Kamala Harris is a danger to this country she is incapable of leading and should not hold any public office,2
Another EPIC Kamala Harris fail,2
Yeah you had Hamas supporters at your rally and Communist Party members of America and we know that you support that and Biden calls republicans garbage like you,2
Trump doesnt do anything unless it benefits him Trumps insulin plan was voluntary and lies like literally everything he is and does unless it goes bankrupt His drug cap plan was NEVER implemented Biden made it mandatory He now has a concept of economic plan Hes a con,2
Lying Thats all she learned from Joe Biden When your policies suck Just Lie and call the other side names,2
We didnt hear what we just heard Just like we didnt see all those clips of Biden being senile Its all deepfake right,2
Is Biden and Obama War war,1
Harris and Biden hate being called out for incompetence,2
Trump is my president,1
watching your interview with Bret Bair You condemn Trump give excuses to Biden and say nothing about calling Trump supporters nazis facists and Hitler The condemnation has to go in all directions for you to be believable,2
Biden May Have Voted for Harris but Dont Expect Him to Attend Her Closing Argument Speech,1
Megyn Kelly Brings Receipts on Kamala Harris Lies About Her Fracking Po via,2
Google does not want you to listen to the Joe Rogan interview with Donald Trump In Elons famous words Google can f off,1
Xs current political project is clear Musk his PAC and his legion of acolytes are creating the conditions necessary to claim that the election is stolen should Kamala Harris be declared the winner Charlie Warzel writes,2
Raheem Kassam just said Kamala Harris will lose many more Muslim voters in Michigan than she realizes Muslim women might be telling pollsters XYZ but on the day as Muslim men go Muslim women will go at the polling booth Get on the phone right now and get your friends to,1
So Democrats think we should believe a joke from a comedian represents exactly how Trump feels but should not for a second believe Bidens comments represent Harris feelings Even though hes her mentor and she cant think of a thing she would do differently,1
I love Joe and Jill,1
What M A G A means to me M Make A America G Go A Away Trump and his people can call people names but have a damn fit when you call them their worth President Biden dont apologize,1
I think hes brilliant TRUMP,1
Trump allowed more illegal immigrants than Biden THEY COME IN FROM OTHER PLACES OTHER THAN MEXICO The MAGA world is just brainwashed into thinking its the Mexican border only,0
Lol Sure NO one trusts Kamala Harris on the economy NO ONE,2
You Democrats will do and say anything to stay in power Biden and Harris are the ones that is dangerous to our country you people are listening to the wrong networks watch and see if Harris wins we will be in war war and the US is to poor to fight it,2
Biden DOJ fights for noncitizens to vote,2
Am I the only one to see and enjoy the fact that Donald Trumps own campaign is falling apart from the inside because they cant even manage the people they hire to represent them,2
President Biden flies to Florida after hurricanes in bipartisan visit,1
Shit what else is new House Republicans accuse White House of releasing false transcript of Bidens garbage remarks,2
Kamalas comment about the campaign not being typical says a lot Just ask Joe Biden With GREAT presale live lets reach that M goal to back leadership thats clear and focused going into,1
WTH We are living in a clown world DNC crime family commits treason to put this clown in office and another committing treason to put another even worse clown in office Third World country,2
HouseSenatePresident of the same party since Signature priorities George W tax cuts including big capital gains cuts Obama Obamacare Trump repeal Obamacare tax cuts heavy the wealthy Biden Infrastructure see next tweet,1
Muh all bleed red muh Black MAGA muh told ya trump isnt racist muh black people agree with us that means our viewpoint is valid Theyre positively orgasmic over the thought of black acceptance,2
US President Joe Biden has said he is absolutely positively urging Israel to stop firing at UN peacekeepers during its conflict with Hezbollah in Lebanon following two incidents in hours,1
I wonder if Kamala Harris understands these facts,1
A Holocaust survivor was mad as hell over Kamala Harris calling Trump one name Renewed Right,1
Biden has said he was not referring to all Trump supporters just the racists on stage at MSG You know it we know it Biden has a year career working across the aisle for all Americans,1
Jill Biden needs to be arrested for covering up for her Alzheimers pos husband Shadow government,0
SHE IS THE SICKEST MOST EVIL MOST HATEFUL DIVISIVE SATAN TO EVER TO HOLD OFFICE BIDEN IS EQUALLY ABYSMAL AS IS HIS WIFE OBAMAS WELL THEY ARE THE ICING ON THE CAKE WHAT A BUNCH OF HORRIFIC COMMUNIST stains ON OUR COUNTRY,0
Ever just need minutes to NOT think about how fkt we are and how WHO were trying to MAGA for really doesnt deserve it This is NOT that WOW,2
Have you heard Donald Trump speak He calls any noncultists the enemy within,2
This is Brad Pitts throw away wife Jennifer Aniston is one of those throwaway socalled celebrities trying to protect herself from Epstein and P Diddys list by supporting Kamala Harris,2
I didnt disavow anything Could care less about it And he didnt force anyone to take an unsafe ineffective mRNA shot for a flu Biden Harris did Thats literal facism But you do you,2
Donald Trump doesnt deserve to be president He deserves to be a federal prisoner And thats what hes running from,2
You say that like its better I hate that someone like you is teaching young kids and arguing with a kid online I voted for Kamala Harris because thats what I feel is needed for me to live a safe life and have my siblings survive in school Guns are a serious problem,1
BidenHarris are useless Hillary was a better candidate even if she would have started ww by now Trump has used the military as a scalpel instead of a sledgehammer If a business fails the workers are the ones paying he goes after management not the workers,2
And yet the working class knows that Kamala Harris will do nothing for them Whos really the educated one,2
My brother died in combat in Iraq during Bidens disastrous withdrawal He was also a Trump supporter He was not garbage,1
Always ad hominem with you lot She wasnt democratically elected as the nominee Biden was Your masters then chose her like they did with Hilary over Bernie because Dem elites know better than to accept the democratic outcome of democratic primary elections,1
Man theyve been serving your nutz at MAGA tea parties for how long Oh you hadnt noticed Hmmm,2
No she was never in charge of the boarder Never was the boarder czar no one is You said you was going to show me where Biden made her such you failed in that Why cant you admit it,2
This election is not close Donald Trump is very much leading,1
YOU LIE TOO I happened to hear him when he said that You only took what you wanted from the statement What you failed to say ALSO he said he would undo ALL of Bidens Executive Orders that stopped the Keystone Pipeline and THE OPEN BORDER Plus more Lies is all you are,2
No it is NOT President Trump fanning the division of hatethat is YOU and the Biden administration,2
Dem Senate candidate Jackie Rosen is up avg against GOP Senate candidate Sam Brown Split ticket voting is very rare so its doubtful a ton of voters will vote Dem for Senate and Trump for President Lots of Independents in NV too But yeah still nervewracking,1
Joe Biden is a racist segregationist Always has been always will be,2
the left doesnt mind biden angrily trashing americans but they are aghast that a roastcomedian said something derogatory about puerto ricoin a joke once again the lefts americaamericans deadlast program is on full display,2
After he Minutes interview I would say she is clueless Even heard Biden hates her I would be too if someone like her snubbed me too Lets bring it home Don,2
kamala Harris must have the Diddy tapes,2
A vote for Kamala is blind trust based on hope amp joy amp Kamalas no specifics web site plagiarized from Biden AG Kamala gave Prop a false crime fighting title fooling voters which raised crime in CA As Kamala fails to admit she admitted million,2
Biden Changes Immigration Policy with Executive Actions Congress cannot fix as Kamala and the radical left claim It was all on PURPOSE Wake up via,2
Kamala has pointed the fingerat teump her whole time campaigning She blames him for everything She says he works with billionaire donors Kamalas best friend is billionaire Laurene Powell Jobs who was part of the Biden ouster team amp who Kamala has promised a post,2
Na If that were the case the Russians would want him elected They want Kamalas weak ass They would have loved more years of Biden,2
Putin has already endorsed Kamala Harris,1
Yeah we knew that when she got cozy with the Cheneys Shes trying to form a coalition with the Never Trumper GOP while leaving the Left and Palestine yet again hanging out to dry,2
I disagree The BidenHarris Regime released BILLIONS to the leading sponsor of terrorism at the end of Sept amp told it not to use the to finance terror Iran told BidenHarris to feck off amp Oct th happened I do not support any taxpayer money going to Israel or Gaza or,2
Proudly voted for Donald Trump for the third time,1
Donald Trump used someone elses money to file a ridiculous lawsuit he has no chance of ever winning Whaaaaaaaaaaaattttt,2
How many times in years have other people had to try and tell us what Biden was saying after he clearly said something else,2
Iran Plans Retaliation for Israeli Strikes Before US Election President Trump cant get voted in soon enough BidenHarris regime has been a disaster not only for us but the entire world,2
Jokes on Biden We all having too much fun with this,1
Besides doing much better in the polls this year Trump is also running even with Coconut Queen with the ad blitz in all the swing states In he was outspent by Biden in every swing states by a large margin in October,1
I did Mostly happy tears Some were tears of exhaustion Its hard seeing so much hatred and ignorance day after day since the rise of the biggest loser walking the earth Donald Trump,2
As a gamer this has to be the most ridiculous shenanigans Ive EVER HEARD from a candidate plus it violates Terms Of Service Kamala Harriss Idiotic FORTNITE Debacle via,2
Biden calling Republicans garbage was just locked room talk Why do Republicans have a hard time understanding that,2
Yeah because that happened last time While Biden Cabinet endorses war left right and centre,2
Very amusing But predictable and par for the course as well as completely Trumpian to respond to a simple request for evidence with insults and projection Enjoy losing The majority is sick and tired of MAGA toxicity,2
Kamala Harris stole everyones money and gave it to illegal aliens,2
He caught himself Biden would have bounced off the concrete,2
It's funny but not🤦🏼 I can't believe in 2024 we have to PROVE so much stupid shit that comes from maga trump idiots🤬,0
The Vigilant Fox Oct at PM Byron Donalds Shuts Down Joe Bidens Attempt to Backtrack on Garbage Remark Donalds nailed it Follow X Rumble IG YT,1
Dr Jill hates Kamala Harris Im not Ssure Joe remembers who she is most of the time,2
Who is watching Kamala Harris closing argument at the Ellipse As she often says It is time to turn the page We have week left to ensure this happens Get out and vote,1
Undermining in this context means asking questions about Keir Starmer has warned the two Conservative leadership candidates Robert Jenrick and Kemi Badenoch against undermining police efforts in the investigation into the Southport attack,1
False allegations Dems and are panicking All my friends Puerto Ricans forecast to vote Trump because Trump want to save America from Bideninflation Border Tzar Kamalainvasion,1
No one can EVER again doubt the power and brilliance of President Joe Biden He cunningly pulled off a scheme to get Trumps to wear garbage bags in public strikes again Garbage Force One Projection and,1
And Joe Biden is perfectly fine,1
Agreed and the same goes for maga,1
If Kamala Harris wouldnt do anything different than Joe Biden then why replace Joe Biden Why all of the charades,1
Yall really trying to hype up that dogshit score like we shouldnt be up by scores but yalls OC is conservative af Shut up,2
The recent attempts on the life of former President Donald Trump represent not just a security failure but a profound disgrace to our nations values Regardless of ones political stance the sanctity of human life and the rule of law should be paramount Its alarming to see,1
Cant say Im thrilled about the idea of talking to a MAGA guy in a undershirt with a bag of chips on the back seat of his cheap car,1
Kamala Harris loves this Im speaking thingbut who exactly does it resonate with Its like she thinks its some positive calling card for her but it really just makes her look like an insolent Karen,2
Kamala Harris is running her own campaign No help needed from MAGA Republicans like Charlie Kirk,1
gtHarris lies saying she worked at McDonalds gthe works a McDonalds gtBiden calls his supporters garbage gthe does a ride along with garbage workers Thats genius campaigning I dont care who you are,2
By all accounts it sure doesnt look positive for FEMA or Kamala wow that ObamaBidenClintonBush DEI stuff is killing America,2
All the undocumented immigrants I know are illegally voting for Kamala Harris this election Literally every single one of them Not exaggerating,0
The guy who helped deny poor people Welfare funds destroyed Biden Is this person on drugs,2
President Biden your administration can use your influence and pressure to attempt to stall the escalation between Israel and Lebanon Please do whatever you can to stop this dangerous spiral of violence,1
And its only going to get much worse It could be anyones daughter or granddaughter the next We need TrumpVance to win and activate ICE They MUST round up ALL of the criminals that BidenHarrisMayorkas allowed into this country to prey on innocent women and children What,2
I love if you GoogleDoes Kamala Harris crowds really exist at her ralliesAll they say is yes theyre not AI generated yetThey give you no photographic proof There is one picture of her crowd from far away at an airport That someone with low technology already disproved,2
Former Democrat voter here We need to return to prosperity affordability and freedom Vote Trump and Larry Hogan Kamala and Biden sunk us,1
When you see polls like this remember that Biden barely won most swing states He won MI by That was his largest margin of victory He won PA by only He won WI by only He won AZ and GA by and Trump took NC Harris has less support Just do the math,1
How many passports does Kamala Harris have,2
Already been done with President Biden standing on the picket line for UNION WORKERS,1
In the closing days before the fractious US election Kamala Harris doesnt need to reinforce that shes putting country above party whereas her opponent Trump clearly puts himself above both the party and the nation,1
I was burdened by what has been but I was told by CNN that it wasnt the BidenHarris administrations fault because DJT must have been at fault My burden is still the burden I have but burdened by my vote as I think it might burden me Just kidding Trump,1
Donald Trump is a shallow man Putin will manipulate him by flattery Vote BLUE,2
I hope that innocent sweet child grows up to prosecute someone in the corrupt Biden clan,1
"This Big Hypocrite Liar Garbage Loser Racist Punc Bich rejected by his own Party is on Laura Ingraham Garbage Lying Show, lying to USA & the Ignorant Uneducated Garbage MAGA people that watch Fox News, spreading lies about Harris and Kissing Trump's behind!",0
The problem is that Bibi for some reason decided he has to speak to Biden,1
Gosh why dont feel like were in the matrix Im literally dead for the fact that Biden called million American garbage and Trump takes a ride in a garbage truck I cant,1
With our dollar debasement PSST ITS NOT INFLATION who can afford for twenty minis I gotta show up at Target open tomorrow to afford off anything And single ply is fine Thx for the free toilet paper also BidenHarris for Communism and Illegals,2
Heartbreaking that BidenHarris medical policies killed this woman,2
The difference between a Biden Kamla and a Kamla Walz is pretty much the same Its important that we not emphasize that downgrading is happening I completely understand this WOW,1
You can thank and Joe Biden for this,1
I knew he would do something like that Trump is the garbage man GO TRUMP,1
To anyone who says that Kamala Harris has policy ideas workingclass Americans still say that long diatribes about humble beginnings of coming from a working family of mixed marriage and understanding the needs and wants of the American public and fighting for the little guy and,1
BREAKING Voting machines in Kentucky are not allowing voters to select Trumpbut as usual theres no issue selecting Kamala Harris Voting machines NEED TO GO,1
I just listened to the Howard Stern tongue bath of Kamala Harris It was not an interview It was just Trump and Trump supporter bashing They both love to listen to Joe Scarborough and think hes the best guy out there Also she wants to put a republican in the cabinet and then,2
"The gay pig Biden, the child killer, the enemy of humanity, is a war criminal. The Zionist Emirates is the first partner and supporter in the annihilation of the people of Palestine. Curse the hypocritical Arab rulers",0
Is anyone really surprised that The United States of Americas enemies support Kamala Harris,2
Always welcome at the MAGA table,1
"WHY ARE PEOPLE STILL SUPPORTING THIS CRIMINAL? WHY IS HE STILL THE PUPPETMASTER controlling biden/harris BY soros, following the WHO, NWO and all the elite eugenicist nonelected committee trying to control the world? soros with the radio stations? Um, we can evidently be bought😡",0
Youd think the MAGA Alpha Male could open a truck door Or even find the handle,2
If you claim to love God and you are voting for Donald Trump then you do not love God,1
cant think of thing she or Joe couldve done better in years because shes spent the last years studying Nazis and obsessing over Donald Trump,2
Because were taking a derogatory comment that Biden made about Trumps supporters being garbage and owning that shit Right now being a Deplorable racist piece of garbage is like a badge of honor We know who we are and dont care about words Grow up Mooch,2
Gee Doctor Nick that sounds like crazy talk from some ass sniffing Trump cult member to me But as they say you do you,0
The biden harris administration called hispanics tacos Stop whining amp decide if you want socialism with camela or a better economy with President Trump,2
Bill Maher Annihilates Gen Z and Concedes That Kamala Harris Could Be in Serious Trouble,1
What a great clip Trump is so relaxed and personable in this sitdown Its unfortunate most of the media pushes such a negative agenda on a great man so most of America never gets to see the real Trump,1
Donald Trump Mistakenly Introduces Male Latin Singer Nicky Jam at Rally as a Woman Do You Know Nicky Shes Hot Nicky Jam,1
Clue me in here Trump calls America a garbage can and theres no special attention to it briefly mentioned Biden calls Trump supporters garbage which he clarified to just those of Puerto Rico and the airwaves are filled with what wrong doing and shame Biden could do SPIN,2
You are so fucking dumb We really dont care At least I dont Fuck Joe Biden and Kamala Harris I call him a piece of shit all day All good Fuck your feelings and go fuck yourself while youre at it Its to prove how fucking stupid it is Now Trump out here trolling again,0
Biden is on a different plateau,2
While presiding over the US Senate as VP Kamala has cast the most tiebreaking votes in history These votes are not just politically polarizing but show how damaging a Kamala Harris White House would be Its all her fault,2
I can remember during the lead up to the last POTUS election how it was gonna be a red wave and no way was Biden winning by hiding in his basement Same kinda vibes now I dont want to believe its rigged but wont surprise me Its almost like they want people to revolt,2
Joe Biden What is all that malarkey with lights and speakers outside cant be another protest can it Im trying to sleep Joe Bidens Handler,1
Because the Biden clown show of an Administration doesnt fire anybody,2
Damn it I knew all my cold McDonalds fries were because Donald Trump personally made them and they wanted to share his art with everyone,1
As bad as biden calling OVER half of the USA garbage,2
In Tennesseewe were instructed to not press on the box but on the actual name It worked for us and was flawless Pressed on Donald Trump and the printed ballot afterwards recorded Donald Trump,1
Princess Kitana will personally ass!nate Donald Trump,0
What happened to the donations made by Bidens donors,1
The Harris Biden Administration has destroyed our country Its as bad as it looks must win,2
Kamala Harris is an educated lady who will unite our divided America and is a patriotic American she will be a history making lady,1
Biden and Kamala are worthless,2
Not sure who these morons are if you say you're a republican and voting democrat then that makes you a democrat. No one believes a conservative would vote away their rights with what has happened these last 4 years. No ones buying these paid propagandists.,0
Massie agrees with JFK about the food and RDS wanted JFK as head of the FDA This is the most comical part the leaders of the conservative movement are voting for Trump and MAHA while their fans whine and whine Arrogance unmatched,2
Exclusive Vivek Ramaswamy rode in garbage truck to turn Bidens comment about Trump supporters into positive,1
Why would anyone vote for Donald Trump The serial lying along should make you think again The many scams he has been involved in should make you think The theft from a Cancer charity and the fake College The way he treats women,2
Former Jill Biden staffer torches White Houses bonehead attempt to transcribe Bidens garbage comment,1
I am proud to say that I have left it on the field for President Kamala Harris,1
Biden and Kamala as well as the democrats have disrespected PR by not fixing the garbage problems there,2
I dont think Biden ever actually qualified as a President even in appearance but yes he does indeed hold that position,2
Its beyond time to introduce articles of impeachment against all members of the Biden administration for their ongoing violations of the Genocide Convention and US Code,2
LeBron James endorses Kamala Harris The choice is clear to me via,1
Actually its Trump whos trying to cheat and hell still lose youll learn to accept Kamala Harris as your next president or youll move to Russia for being a traitor,2
When Donald Trump held a rally at the Ellipse he told a violent mob to storm the Capitol When Kamala Harris held a rally at the Ellipse she preached joy and hope Vote accordingly,2
If youre Puerto Rican and dont understand that they have a trash problem then you are the problem What has BidenHarris done about the trash Nothing Tony pointed that out and now everyone with an actual brain is doing their own research and finding the truth Your welcome,0
What has that got to do with adverts being run in under the BidenHarris administration,1
Hes brilliant What a way to put Biden in his place after yesterdays comments,1
Something to do with the US elections,1
We all need to come together and unite to save Poppy Lets vote Blue all the way down ballot and after we take over the House increase hold in the Senate and swear in Kamala Harris we make Puerto Rico amp DC the st amp nd States,1
Fake Kamalas campaign motto is A New Way Forward New poll finds while of Americans want Harris to diverge from Biden think shell continue Bidens policies Theyre right she said theres nothing shed do different than Biden,2
I hear Kamala Harris is busing thousands of people in from all over to buy Kamala cookies so shell win the Cookie Poll in a LANDSLIDE Curiously her boss President Biden has always been stridently against busing,2
Have you ever wondered what Donald Trump is like when out of the public eye Watch him interact with his top advisors Elon Musk and the media Episode Four Theres Somethings Wrong There also captures Trump responding to Kamala Harris in real time,1
just rolled up Green Bay WI wearing an orange workers vest and IN A DAMN GARBAGE TRUCK to take unscripted questions from the press on the way to his rally This comes as Biden called ALL MAGA supporters Garbage last night I couldnt love,1
Biden just got back at Kamala Obama Clooney and the DNC lol,1
But it has Hes talking about MAGA cheating and there have already been plenty successfully sued or in prison as a consequence,1
Joe Biden Bites Babies During Halloween Event at White House EVOL,2
President Donald Trump Swears At Rally Accusing Democrats Of Ridiculou via He should be admonished for this,2
Hes taking out the trash hint Biden,2
Better get use to seeing that baby short amount of time before Donald J Trump is back in office again,1
JUST IN Biden bites a baby during a trickortreaters celebration for Halloween at the White House in Washington Reuters,2
And MSNBC acts like because Biden issued a littlenoticed regulation deep in the Federal Register somewhere authorizing this which journalists didnt cover precisely because they knew the public wouldnt approve its entirely legitimate in the eyes of the public,1
Theyre using a Biden number for the poll which is absurd If they used theyd still be wrong but a case could be made PA is not Biden,1
put harris and biden and the lying media in the back take out the trash,2
Closing pitches With only five days until Vice President and former President Donald Trump are both in the pivotal battleground states of and today,1
Im sure will be all over that since he lied about a Dr going to the White House and diagnosed Biden with Parkinsons basically,2
Alec a Trump supporter in PA talks about how hard its been under BidenHarris to achieve the American dream reporting,1
Trump is a drama queenie Now he is in his garbage truck in his GIANT GARBAGE CAN country learning a new skill for prison Trump rides in garbage truck in effort to seize on Biden comment,0
I hope he does like Sam BankmanFried and donates million to a super PAC thats backing Donald Trump Grease both sides,1
People have no idea the far reaching consequences of crooked politicians until it affects you personally Because of the BidenHarris vaccine mandate I lost my job in healthcare after slaving short staffed for years through the pandemic,2
Same could be said RIGHT NOW with the Biden administration sending billions of dollars to foreign countries as storms savage and kill AmericansON AMERICA SOIL Keep that same energy champ,2
The View hosts VP Harris would you do anything different from Joe Biden the last four years Harris no we both grew up in middle class families,1
Daughter of California man executed by Iran slams incompetent BidenHarris admin You left him to die New York Post,2
That is outright untrue unless youre talking about Joe Biden,1
No its been in the news for days now BEFORE Trump ever mentioned it,1
Biden This came back on Us Russian arms dealer Viktor Bout who was traded for Brittney Griner to sell weapons to Iranbacked Houthis,2
Hes so proud of his sticker hes voted for Donald Trump,1
Too bad Bidens not running You know who is running Trump and he specifically called Harris supporters garbage,2
When I think about my daughter I think about the inflation crisis The debt crisis The outrageous withdrawal in Afghanistan The fact that Russia invaded because Harris and Biden are weak The possibility of nuclear war The lies they told us for years about Bidens health,2
Kamala said its half of what it was when it had quadrupled in the Biden Harris admin,1
What a disaster the BidenHarris response has been to this,2
Well we agree on Biden but if you replace Hamas with Israel wed be all set,1
Sure nothing to worry about this was a success for MAGA,1
The difference is Biden called PEOPLE garbage,1
Trump did all that and still drastically outperformed the BidenHarris regime That speaks volumes You are right the decision is clear,1
Not much to see here just the nd President of the United States campaigning for VP Kamala Harris,1
Dude BY LAWS PASSED BY THE GOP mailin votes can NOT be counted until after election day in many States That you dont understand distribution is not my fucking problem And you lost in Court cases trying to prove fraud In front of Trump judges as well Because even,2
They NEVER produced Any EVIDENCE Are trump maga kag Incompetent or LIARS Millennials Swifties Tay Tay GenZ Boomers Friends Latina Mother Daughter Women Read YOU are The CANCER Swing state election official admits having PTSD from MAGA threats,2
Wife of Pedo Pete showing her true colors Keep children away from the perverted Biden Crime Family,0
Yes absolutely and at this present time is still pulling the strings for the democrats ie BidenHarris,1
Youre a woman and these things like having late abortions means men lose respect for us Or else WHY has Kamala Harris not told the truth Late term abortions is inhumane We women are being treated like and shes in charge now It will get WORSE,2
Camelugh is just droning on making shit up about what Trump will do Is she as delusional as Biden,2
You miss of the door handles you dont awkwardly try to open wayne gretsky Michael Scott DONALD TRUMP,1
Excerpts from journalist Bob Woodwards upcoming book War say that US President Joe Biden described Netanyahu as a fucking liar and accused him of having no war strategy,2
I feel like when he gets real close like that Biden is sniffing his beard oil,2
Im sorry Maga has destroyed so many families,2
Scary stuff brother We need President Trump,1
Itd be weird if after a historic billion of our tax dollars going to be overseen by the Israeli version of Donald Trump for a year with OG Trump having been out of office for four years if you havent had anything to say about THAT right,1
This coming from the woman who said Joe Biden was vibrant and on the ball until the debate proved her to be a liar,2
It was like the time when Biden went to Florida to meet up with DeSantis after a hurricane He was overheard saying dont fuck with a Biden,2
I didnt pop my champagne last time until Biden was officially declared the winner,1
Donald Trump Wears a Garbage Vest at rally He is The Real MF Deal Trump,1
After all said and done Its really not surprising why the libs tried their best to keep Joe Biden and Kamala Harris out of interviews,1
Fascist Trump says he wants to use Penn State MAGA moron wrestlers as vigilantes,0
Here it is folks Kamala Harris faking a crowd in Washington DC because no one showed up,2
Even if this shit doesnt work Biden is such a dumb incompetent fuck to hand this to them on a silver platter after they were going backwards,0
Why on earth does the MSM focus on Bidens gaffe when Trump says awful things at every rally Even the BBC News at is commenting on something that has no newsworthy value except in the minds of editors and journalists,2
Donald Trump wants to go on Rogan AGAIN via,1
You misspelled genius You do realize him doing this will shed light on what Biden said to tens of millions of people who otherwise would not have heard this from the mainstream media Youre playing checkers while us garbage people are playing chess,1
Shes far more intelligent amp articulate than Donald Trump amp his weave will ever be She makes Sarah Palin look like a stateswoman of worldwide renown,2
Video Highlights Deteroration of Woke Miltary Under BidenHarris Regime Gateway Pundit,2
BREAKING Netanyahu ordered the Israeli army last Thursday to stop bombing Beirut after the phone call with Biden,1
Being Gay doesnt make anybody stupid This idea that MAGA hate any group is absurd Gender affirming care for example if it was a magic wand that changed your gender nobody would care but it doesnt do that It mutilates people We shouldnt propagandize children to do that,0
Time for the EUWEFNATOWHOWTOUNUS BIDEN ADMING TO GO,1
Kim is a democrat for Kamala Harris The kid obviously has a mind of his own This is actually a good thing,1
Good for you Bill The tariffs on Chinese imports the deportation of million illegal aliens dismantling the Affordable CareAct politicizing federal disaster assistance supporting Russian territorial gains in Ukraine and emphasizing the debt will MAGA,1
Its sad to see how ill informed you are Trump did more for the lower income and middle class than Obama and Biden did Deporting illegal immigrants isnt racist they broke the law by entering illegally which per the law is deportation,2
Biden Bibi Discuss Israels Retaliation Plan Against Iran Over Phone Call Watch video,1
Here we go Putting this in the mail on Tuesday In I secretly voted for Trump and only told a couple of people Now Im posting my vote on X Trump MAGA,1
This idea is definitely not trumps hes too stupid to figure it out Its the Vances Johnsons and McConnells of the Republican Party that are thinking this up Maybe Bannon Miller etc,2
Theres no evidence that rapper Nicki Minaj has publicly endorsed Donald Trump over Kamala Harris for president Some social users making the claim shared a yearold video of Minaj in which she didnt endorse Trump,1
Catherine we still cant get the video of Biden speaking at his handling of classified information,1
vote kamala harris for president keep the rich out from taking over America,1
Funny they fought against dictators Biden Harris walz r authoritarian dictator fascist administration already,2
Did Kamala just steal another idea from Trump She just said Medicare will pay for home health care Donald Trump said he would give a break to people at home taking care of a loved one Doesnt the Manchurian candidate Have any ideas of her own,2
Just more lying We have the best economy in the world right now Biden got us out of the mess Trump created with his failed Covid response Corporations have been gouging consumers under the guise of inflation But you know all of this and still lie,2
Biden is being naughty he does everything he can to destroy Kamalas campaign,2
Take on the companies jacking up rents Go Kamala Harris I understand this as the senior living space i live in and currently on NY Stock exchange have raised my rent nearly in just two years,1
So the joke was TRUE just not funny Democratic politicians like AOC Kathy Hochul and Kamala Harris are pretending to not know what the joke was about,1
I saw that today Lol jokes made by the stupid stuff they say Biden is paying back kalmala She is a mess,2
Nicky Jam is still supporting Trump In a Spanish channel video a liberal media company translated it saying Puerto Rico needs to be respected Thats not saying that he is taking away his support The media lies about everything,1
Wena wa lwala Joe Biden against apartheid the American Jews funded the Apartheid and Ukraine was formed during apartheid they were a baby still learning how to crawl they couldnt even help themselves,1
The Republican Party Is the Party of Women,1
Kamala Harris Faces Hostile Crowd Again in Two Days,1
How do you like my garbage truck This truck is in honor of Kamala and Joe Biden Only our favorite president can talk trash from a Garbage Truck,1
So why is everyone upset about Bidens comments,1
Bidens Word Reaction To Reporters Question About Trump Has People Howling HuffPost,1
Its weird Did he catch a case of the Biden I think hes more frightened that he and the others will be exposed for the evil theyve been involved with for decades Diddy,2
Youre claiming youre not MAGA Hilarious,2
BIDEN IS A DISGRACE THE WORST PRESIDENT EVER BIDEN SOLD OUR COUNTRY OUT TO KLAUS SCHWAB AND THE WORLD ECONOMIC FORUM,2
Speak for yourself MAGA,1
What the hell is Fuck Every Maga American doing I bet they are stopping citizens helping with supplies because NC is turning republican,2
not taking advice from the diddy crowd hard pass Trump,1
Go Donald Trump We love you amp how you handle Binden amp Harriss dishonest amp rudeness,2
This isnt an AIgenerated image This is your next President MAGA,1
Trump now wants to remove taxes on overseas voters so basically lets explode the deficit even more because those people arent contributing to local US economies at all Plus billionaires will move to avoid all taxes Lets make it a trillion deficit yay fiscally conservative,1
see how they lie even when people know Biden did say it,2
Phil McGraw better known as Dr Phil is being widely criticized for his speech at a rally for Donald Trump at Madison Square Garden on Sunday Oct,1
Illegal immigrants because its not applicable to US elections Common sense,2
DID YOU VOTE YET ITS TIME TO GET OUT TODAY AND VOTE FOR DONALD TRUMP AND ALL THE REPUBLICANS RUNNING IN THIS ELECTION THE FUTURE OF OUR COUNTRY IS AT STAKE AND IF WE DONT VOTE WE WILL LOSE IT ITS THAT SIMPLE YOUR VOTE WILL DECIDE THIS ELECTION SO GET OUT AND VOTE TRUMP,1
Apparently Jo Biden was instrumental in getting the democrats to support the Iraq invasion,1
Donald Trump is not afraid to speak is mind and tell people what is true he us NOT FAKE he want to make sure your taxes are used for you,1
The hatred between Obama and Biden is so great Biden installed Kamala as a big FY and there wasnt a thing Obama could do Biden is so egotistical to not see ahead to what a disaster Kamala would be Bottom line Politicians use this country and its people like game pieces,2
Joe Bidens garbage comments about former President Donald Trumps supporters may have cost Kamala Harris her election campaign,2
Michelle Williams Reveals Why She Missed Kamala Harris Rally With Beyonc amp Kelly Rowland I was so happy for Beyonce and Kelly Williams said confirming that she had originally wanted to join her group mates to reunite on the Houston stage,1
It appears more people at are exasperated about Bidens comment than Democrats and most Americans are,1
A Comedian Tells More Truth About the Removal of Joe Biden From the Camp via,1
BREAKING NEWS Trump riding in a garbage truck at Rally with less than a day after Joe Biden called his supporters garbage,1
Pretty MAGA here Sis My pronouns are FAFO,1
Why did Facebook stop the Hunter Biden laptop story from being shared,1
Garland has been a huge disappointment also How fucking long does Biden need to see him suck at his job to know he needs to replace him,2
Clearly Kamala is responsible for the Hurricanes The insurance companies will put up their premiums because of them amp the home insurance premiums rises in Florida are the fault of Kamala Ergo Hurricanes Helene amp Milton must be the fault of Kamala MAGA logic,2
Wildly successful lol Kamala Harris interview hasnt even touched million views Trumps Joe Rogan interview is at million,1
If I remember right wasnt it Biden that threatened us with fs,2
Theres more evidence Biden said Trump supporters are trash than there is trump calling soldiers losers and suckers,2
Wow First Joe Biden and now Mark Cuban they really dont want Kamala to get elected,2
Nothing to see here just the current President stating hed like to drown the previous President Guess the killing Donald Trump rhetoric is n full swing for the foreseeable future,2
VOTE BLUE for the future of America Vote for a womans right to choose Vote for sensible gun laws Vote for civility and inclusion VOTE FOR SANITY IF FOR NOTHING ELSE Lets ride a Blue Tsunami and put Kamala Harris and Tim Walz in the White House,1
Im tired of stupid analogies Did Sistani issue the religious verdict to stop violence against Jews If you arent laughing now you are probably sleeping No then He is complicit Same as Pop would be if he represented ideology that calls Biden to genocide Jews,0
Its hard to imagine a bigger Arnold than the Palmer Penis that got Donald Trump choked up But theres The Terminator And hes voting for Kamala,2
Biden Signs Executive Orders Reversing Trump Immigration Policies,1
What a creep A European maga,2
Kamala Harris and tampon Tim are nothing but liars no one needs to lie about or for them because they do that all by themselves just ask tampon Tim oh I forgot he does nothing but lie and call himself a knucklehead They are PATHETIC Trump will win,2
Biden I love you POLL ROLL WITH ME THE PILL KICK BACKS TIME TO SHINE JOSH STEINS PILL HEAL SHOW RAP TAP LAUGHING ALL THE WAY HEY,1
This is what an idiot sounds like and this is what hid followers do cheers and yells fucking racist asshole Boycot wmfz for allowing this shit and ppl center for allowing this rapist felon in LIVE Donald Trump rally in Allentown via,0
I dont want my children growing up in a racial jungle Joe Biden Also Joe Biden,2
The socalled Time for change was when her and Joe Biden took office four years ago Did it happen No Are we a more unified country now No Is the border open Yes is crime high yes is inflation high yes What the fuck has she done Oh I know demonize Trump Thats it,2
Musks canvassers were flown to Michigan driven in the back of a UHaul and told theyd have to pay hotel bills unless they met unrealistic quotas One was surprised they were working to elect Donald Trump,1
Nikki Haley is an undercover Democrat,1
Kamalas closing argument No policy No record No accomplishments Nothing Just Trump Bad Wake up people Kamala Harris is just another stooge working for the Democrat Machine Time to break up the Machine,2
Yes I believe that Donald Trump Dream Team God will Make America Great and Godly Again MAGGA,1
A reminder Kamala Harris hasnt have any of her money the hurricane relief either,1
Yes but they didnt cheat like hell for her like they did for Biden,2
No because then Biden will get brought up with all the documents he had at U Pen Thats why Fanni Willis had to follow her because that one fell through Then that case went sideways because she likely lied about her man And then Jack Smith gets a call out of the bullpen,1
The cheating started long ago The democrats knew Joe wasnt able to do more years But they didnt want open campaigns to interfere with the control they currently enjoy with a muppet like biden or harris,2
All these Lonely Triggered Maga boys in this thread HAHAHA Theyre pissed they had to buy some stupid grifter shit to get a Trump Autograph TFF,2
We sure are it will be THE th PRESIDENT OF THE USA IS PRESIDENT DONALD J TRUMP Because us women want to be safe NOT MURDERED amp RAPED BY THE ILLEGALS KAMALA HARRIS LET IN,0
Biden and Kamala need to stop leading us,2
The apostrophe implies ownership so it would literally mean that the only garbage Biden sees is the garbage owned by Trump supporters which is ludicrous because garbage in this context is metaphorical there is no physical garbage to see Worst save ever,2
These idiots really said Trump hasn't done an interview of substance in months He does one every day!Fake News DNC strikes again Whoa this Cat lady looking bitch? When you think of MSNbC these are the ppl that pop into your head,0
What do you want the news to say Lol Trump is an amazing troll bro The fact that you think this is negative coverage is astounding It shouldnt have even been a story considering Biden doesnt know what hes saying Hes not even the candidate,1
Nevertheless MAGA were drinking bleach lol,2
Hey Nikki Kamala Harris has made some really bad decisions as VP and now shes being rude to Gold Star families I dont think we need another years of that kind of leadership,2
This is a terrible ad that mainly highlights how Neoconservatism has fully resurfaced in the DNC fusing the immensely unpopular amp failed BushCheney Republicans w the clueless open borderBig Pharma BidenHarrisClinton Democrats into a unified war party US foreign policy has,1
As a foreigner I think that Donald Trump perfectly embodies America I dont mean that as a compliment,2
Cant wait for the maga garbage dream team to get to DC youre rocking that vest This is a wonderful campaign strategy,1
Yes absolutely President Biden has a stellar staff too who are also public servants at heart,1
Have you conveniently forgotten that BidenHarris decimated Title IX and instead of safeguarding women and femaleonly spaces the administrations rule redefines sex to include gender identity effectively forcing women to share bathrooms locker rooms and other private,2
It is amazing what can be done when hes himself and not pandering to the MAGA mouthbreathers Wish hed stopped the schtick sooner It never fit him and he knows it,2
Well God bless you and your kids Why Donald Trump though Hes a convicted felon adjudicated rapist sexual predator and conman Theres better people out thereseriously there really are,0
Should be in jail Pennsylvania did not vote for this little vermin he was installed just like Biden I believe the message from PA voters is being heard loud and clear Enough of the,2
A Kamala Harris rally,1
WATCH Its hypocritical how Kamala Harris calls Donald Trump a threat to democracy The reality is Kamala and all elected Democrats have shown us that they want to rig the rules to be forever in their favor Court Packing is the main way they,2
Donald Trumps trading cards wont save NFTs from the digital graveyard Donald Trumps trading cards wont save NFTs from the digital graveyard,1
Biden literally called half the country garbage humans and u didnt deny it Kinda sounds like u think we are the enemy,2
Senator Menendez is a convicted felon and resigned but Trump is running to be the most powerful person in the world and hes the best the Republicans can offer Both parties are not the same,1
President Trump Just Announced in Green Bay Wisconsin Kamala and Joe call you garbage I call you the HEART AND SOUL of America You built our country Far more than they built it,1
He needs to follow President Bidens lead and step down as play caller for the benefit of the team Geez,1
WOW Linemen Strike in North Carolina Nobodys working So sorry Asheville We are not getting paid It has been weeks We have not gotten a single penny Kamala Harris left Hurricane Helene victims AND workers with nothing Reminder she just sent over m to Ukraine,2
Why is he helping Biden deal with the garbage Hahaha,2
We survived it isnt a ringing endorsement Biden had an incredible mess to clean up and we have done well since then And dont go starting on inflation That was a global problem and we did substantially better than anywhere else in weathering that storm,1
My poor autumnal shirt gets no love I didnt realize I would be getting a MAGA hat that day and ended up taking a bunch of pics with the mismatch aesthetics But now its a Look,1
You were not there for them in the immediate aftermath Both you and Biden were away from the WH It took days and public outrage for your Administration to act,1
Look up europa the last battle dot net They wont let me give it to you It will make you understand how a minority makes up of Biden cabinet,1
why is chrysler in ohio and michigan doing fucking awful under biden then,2
Charlie Kirk went on the Young Turks before Kamala Harris did,1
They think trump isnt conservative enough,1
You are confused We cant do another Term of Trump when literally everything was better than the BidenKamala regime the last years but we have to fix the border Trump was the only recent president when we were not at war You dems have zero logical arguments,2
Perhaps Biden may not be as dementiated as we thought,2
Had they not done this would have been President instead of Biden Let that sink in,1
Biden censored those questioning election safety of vaccines COVID Hunters laptop etc Used DOJ to prosecute opponents and court system to prevent primary challengers get on ballot forced vaccines closed businesses threatened citizens etc you elected Hitler,2
As in G string Joe Biden You obviously have a mental illness with all those emojis in your name but thats fine,2
This fact combined with his grooming of his own daughter grabbing women by their privates one proven sexual assault and more than a dozen accusations of sexual assault confirm that the GOP wants a sexual predator in our Whitehouse for political advantage Vote Blue,0
The only outrage is when Republicans say something We remember also You aint black if you dont vote for me Biden said that Jill Biden says Texas Hispanics as unique as breakfast tacos during San Antonio speech First ladys remarks came during speech to progressive,2
If you took an oath to defend the constitution which you did and you ACTUALLY believed that Joe Biden is an illegitimate and treasonous president you would not have retired and would not be collecting a pension sitting on your ass But here you are alive and whining on X,2
Trump in Henderson NV in response to Bidens garbage comment You cant lead America if you dont love Americans,1
Biden has had dementia for the last years and you considered him to be sharp and coherent Stop projecting Trump doesnt have dementia at all He doesnt choose who speaks at his rallies Also the comedian is awesome and youre offended by jokes,2
You didnt vote in the primary for Kamala because she wasnt on the ballot She was installed by the people behind the scenes who are running the country right now and denied Bidens mental decline for three years Thats who you are voting for,2
I saw Joe Biden on tv once,1
There wasnt much good news for Dems in but they faced minimal drama holding their seats in CA CT DE though the GOP had an interesting primary here HI MD NY both seats OR VT amp WV The WV seat had some drama but ended up being a comfortable win in the end,1
"He is a goofy ass pussy, dudes this weak disgust me, my grandma worked in the coal mines and this bitch can't wipe his own fatass",0
This wouldve never happened if pre Trump had won amp been president Biden administration is either complicit or completely toothless amp WEAK to stop israel,2
There Tony Your idols own words Before Biden Where was your outrage then,1
Garbage Something like of extraction is privately owned Back your claim Also What Biden did with the oil supply was sell a bunch of oil at an inflated price then buy back at a much lower price I asked you to back your claim so Ill gladly do so for mine if you like,2
Ok what is going on Biden Trump voters a Clinton The economy was better under TRUMP Cuban Women Trump voters are dumb and weak Who loosed the beast Obama,2
Iran is coming to realize that Trump is going to become the th President and Trump is not going to be doing like BidenHarris administration when it comes to US dollars going to terrorist countries,2
Prices have been falling steadily all this year Thanks to President Biden and VP Kamala Harris,1
Shut up you maga fucking clown What about Trump being a legit rapist and best friends with Epstein,2
american oomfs if kamala harris OR trump wins ill annex then invade all of america then become your new president and make ketamine n drunk driving legal vote springtrap everyone,2
Yes because Kamala Harris is treating it that way by bringing in the words garbage convicted rapists felons murders etc Context matters Going to be quite ironic if you or someone you love becomes a victim,2
I thought he was running against Kamala Harris,1
Steve Garvey just straight told Adam Schiff that hes obsessed with going after Donald Trump and also that Schiff has been made a proxy by Democrat puppet masters to attack Trump gay PT AB VXBeethoson,2
Bidens costume for the last years,1
Whose fbi and doj has arrested American citizens who are Trump supporters BidenHarris,2
You want the truth one of the MAGA say even if dt rape my daughter I would still vote for him,2
Not to mention trying to extort the president of an allied country to announce a phony criminal investigation of Joe Biden his election opponent Are you kidding me,2
A vote for Donald Trump is a vote for school shootings and measles,2
So she simultaneously has nothing to do with Bidens garbage policies but is also somehow too busy to do a campaign event for half the day on Americas podcast,1
Biden has Muslims working on his staff including his deputy Chiefxof Staff Im attaching two articles one from Muslim Mirroe and one from CNN TO PROVE IT I wonder how Bidens administration accidentally sent to the Taliban,0
Revenge Is a Dish Best Served Cold The Political Fallout of Attacks on Trump After years of relentless legal and political assaults on Donald Trump by farleft media Democrats and even the DOJ the tables may be turning Those who sought to dismantle Trumps influence now,2
The word Biden doesnt appear in the article at all Not even once,1
Isnt it funny they spent months saying Biden was old and couldnt form a sentence and now they think hes has gotten better They cant make up their minds Biden was talking about the garbage on the stage in MSG and I agree Btw why does Dons kids call people Guys,2
Haaaa Joe Biden and sealed the deal for Trump this week The left has buried themselves and its so poetic,2
If Donald Trump isnt a fascist by a million miles Im legitimately confused about who you think qualifies,2
Kamala Harris says Trumps comments on women are offensive to everybody,1
Musk is lying Hes been contributing exclusively to Republicans since Previously it was to both parties So the catalyst was Trump taking over the GOP,2
I tried explaining this to my best friend almost word for word like you just did and he just got pissed off I give Biden credit for lifting the lockdown even though covid was still rampant,1
Ang you wanted Joe Biden to stop that I mean i want that but Im a Democrat If youre a republican who wanted joe Biden to put price controls on private forprofit business Id love to hear how that squares w small government amp unfettered free markets GOP wants,1
Harris is but also is not the incumbent Bidens not running Harris change,1
It was a great move it was funny and it was throwing it back in Bidens face Steve why dont you talk about how the sitting President if the United States called more than half the country garbage,2
Lmao Probably staged by MAGA for the video,1
having a conniption over Biden trash talk which I believe was taken out of context but bc this nation on both sides have stopped so low bshit reigns more and more everyday its all kids play children play temper tantrums by fkg grown men and Im so fed THE WORSE PART OF IT IS,2
Arnoldsounds good but what chapter are you referring to Weve had a Dem Pres for of last yrs and Trump years pre Covid were the most prosperous We need to turn the chapter on Dem Pres Obama Biden Harris who are marching our country toward socialism Wake up,2
yes Biden too plus all the Dems and half of Republicans,1
Lot of lies disinformation and BS there LeBron You dont understand how the Biden Harris policies hurt the everyday Americans You know us horrible people the watch you and go to your games when we can Youre isolated because youre wealthy like all the Hollywood elite TRUMP,2
Puerto Ricos Republican Shadow US Senator Zoraida Buxo will endorse Trump She touts Trumps commitment to Puerto Rico says the comments made by a comedian at his rally do not represent Donald Trump,1
Read Marc Anthony Joins Ex JLo In Calling Out Donald Trump For Puerto Rico Comment At Rally on SmartNews,1
Bidens in sniff heaven,2
Did sleepy Joe just hand the election to,2
As Kamala Harris takes center stage tonight remember that this is how we create a safer country for all Americans Do your part and VOTE,1
Please tell me this isnt just another GOP Cheerleading session where allegations fly but punches never land BIDEN CRIME FAMILY indictments convictions,2
If anything would you have done something differently than President Biden during the past four years KAMALA There is not a thing that comes to mind,1
Would ANY of the people who are voting for Trump give ANY other time felon a get out of jail free card Thats what a vote for Donald Trump is Hes a convicted felon awaiting sentencing Its POTUS or prison and its about to be decided by the biggest jury ever,2
I agree Remember how Biden cancels starlink contract with space x based on politics Things happen based on politics more often than we think,1
Now on Amazon Garbage for Trump Funny Time To Take Out Garbage Biden TShirt ad,1
After this it is confirm that Donald Trump will be the president again,1
Kamala Harris is a busy person She has a day job She is VP of the United States and is also a candidate crisis crossing the country An hour is more than enough for an interview,1
Another reason we need the MAGA movement to die a horrid death is to keep shit like this from being normalized Only an idiot would think this is a good idea,2
Ahhhhhh Trump is a pedophile but the documented pedophile in the White House who abused his own daughter Joe Biden isnt Wake up,2
Lets go Pedal to the floor VOTE VOTE VOTE MAGA Myrtle for Trump,1
Typical MAGA bs promoting violence when you dont like what others state facts about Trump youd rather live in a dystopian reality created for you by an extremely corrupt man,2
Cant wait for the meltdown in days gonna be awesome MAGA,1
Plus it was becoming increasingly obvious by that Biden was going to drop by that point Too many big names were speaking out Things were kind of past the point of no return,1
One of the many irritating aspects of the Biden admin is the relentless failure,2
Inflation is compounded my dude Cutting taxes doesnt add spending does How much money has Bidenharris spent on overseas wars They have placed this country in danger and you are still screaming about Trump,2
And the Biden regime is in office and no one fears them Paper tiger,2
Should of said shes voting for Kamala Harris and they let her skip the line and get quick access to the voting booth,1
This is Im sure just story of how inhumane HARRIS was and is We see the suffering allowed due to the border She has no business being anywhere near the White House TRUMP,2
Did the GOP say that Actually Or was it a comedian who said it Dont label all for the actions of one You people will lie and say anything to get your ways Its pathetic really,2
Biden is as bad as Homer assuming to understand the city sanitation industry,2
The difference is Biden call Trump supports garbage Trump didnt call anyone garbage a comedian at his rally did and he is a comedian he makes fun of people and that means all nationalities If you get offended then thats your own doing,1
With the evidence weve seen if Kamala Harris wins the election MAGA mustnt concede if you allow these people to steal a nd election then there is no hope for the movement of the ordinary American,1
He started it though Biden continued it,1
Yes Also had that the refugees from Ukraine that came to america Harris has decided to give them Social Security payments She says that will probably cut American seniors so Security payments We need to stop this Vote for Donald Trump,2
I need to see more of BIDEN,1
They started firing on Oct last year Hamas started firing on Oct of last year Gaza we heard about but Lebanon actually innated this on Oct Wasnt that when the concert was attacked On the other hand Joe Biden gave the Green light to Afghan refugees,2
Because she is as guilty as he is So is kamala Harris,2
"You think it's okay for men to sexually assault women, get away with it, and run for president. Shut the fuck up on you pretending to care about women.",0
Fact check Trump had huge rally crowds in and waaaay more legal votes than Biden Same thing happening again RNC was egregiously negligent in preventing it from recurring in and has done very little since,2
Where the fuk is Bidens medical records,2
The more times the word Fascist or Fascism is used to describe Republicans the higher the polls rise for Trump in the Swing States Keep it going pal The Democrat Blue Wall across America is crumbling Even more so now that Joe Biden has called all Republicans GARBAGE,2
Thank you Donald Trump for representing the American people,1
days Kamala Harris has yet to do formal press conference since emerging as Democratic nominee,1
Donald Trump a Republican will beat you,1
Breaking What is stunning is that Donald Trump can still climb into the CAB of a large Truck on his own He even made fun of himself afterwards at the rally You are humorless and incapable of self depreciation He is mentally and physically more fit than you are,2
MAGA is trash,2
Would have a huge impact on conservative academics seeking tenure,1
He really stepped in a bag of Mark President Trumps gonna destroy Kamala Harris on Tuesday and youre gonna have to live with it,2
And Intelligence Officers said Hunter Bidens laptop was Russian Lol What nonsense,2
Do you know familly Bush Family biden Family clinton Who are them Origin From where If you know you know Otherwise you disappoint us,1
Kamala Harris just made the WORST DECISION of this election cycle via,2
Trump spread so many lies about the federal response that several GOP governors had to publicly correct him In what way is this possibly becoming of a man who could be president,2
the Conservative government Oops,1
Exactly my thoughts Hes already talked to Biden and Fema what use is she,2
I look forward to your posts gives me something to laugh at Theres no joy in my life thanks to Kamala Harris,2
Let Donald trump just assume office hes already won,1
Biden is sharper than Mark Cuban What a disaster,2
Shes lying But speaking of rape how about those illegals coming over here and raping American women Biden and Harris dont care yet they said theyre for women theyre not,2
Leave it up to the last person in the room Border Czar Kamala Harris,1
Another fraud The Tories have repeatedly shown they will promise conservatives conservative stuff and then go and do the complete opposite Blu Labour in all but name Just let them slide into obscurity Its the least they deserve for foisting Starmers Uniparty faction on us,2
U know what it means It means they can get the f out MAGA,2
What lies trump hasnt been in office for years,1
Biden should use the kinglike powers granted him by the Supreme Court to declare Musk an enemy of the State arrest him and seize his businesses especially Starlink and SpaceX,2
That because there is no difference Walz Voters Shouldnt Worry About the Difference Between Biden Harris,1
Is Euro your favourite word You must really love money How is the deindustrialisation of Germany going Was that a deliberate strategy or just collateral damage due to EU support for the tyrant Zelensky Biden must be loving thisThe EU flushes itself down the pan US collects,2
Hating Donald Trump That is it The only thing Which isnt even a policy or initiative that would help the country,2
You and Biden completely destroyed the middle class you cant run from the last years and act like it didnt happen,2
Definitely do more of this also show how she covered up for Biden for years,2
Seems like Ana felt included in the group of people Biden called garbage,1
Where did you stand yrs ago with Biden Seriously,1
I love how their posts begin with BREAKING end with This is HUGE and everything in between is propaganda and lies BREAKING Donald Trump just announced that when hes elected no one will ever pay taxes again and the he will give everyone a free house and make Mexico,1
Amazingly Trump made it work with his insane schedule He even managed to hold rallies people actually show up for,1
Yes Vote Kamala Harris for PresidentTim Waltz for President and Democrats all down the ballot,1
Whatever her proposals Ms Harriss overriding problem is that she cant run away from Bidens record Her campaigns closing message is that Mr Trump is a fascist which you use when you cant defend what your administration has been doing for the past four years about,2
I can see the leftist media headlines now TRUMP THREATENS TO PUT BIDEN HARRIS INTO GARBAGE TRUCK,1
"WE NEED A NEW …….. PM Starmer is No Donald Trump. Starmer is weak, pathetic,Bully and a Traitor to the British people. We NEED A NEW LEADER HE'S A SCAM",0
You serve under joe biden So excuse me if I dont give a mother fuck about this and voters likely wont either,2
I personally know of ONLY GenX who distrusted lockdowns vaccine mandates social distancing masking Trumps Russia Collusion charge the ICs Hunter Biden Laptop Russian disinformation letter The remaining ALL totally fell for all the propaganda,1
Kamala Harris might be seeing her a big influencer to ja,1
They have been drooling over dreaming about using their Samson Option They are all about world dominance Palestine Lebanon Syria Iraq Egypt Saudi Arabia Turkey Biden is responsible for this Genocide Israel is US military base Sick sadistic vile barbaric evil,0
While You continue to LIE to the People Donald Trump is not Fascist Racist Garbage nor Hitler He will Not make an National Ban on Abortion because He cant That is a Congressional Vote to Amend the Constitution that will never be a LAW,2
This is an absolutely superb thread Read every word And vote for Kamala Harris,1
Prayers are great But they did not work for Lucifer before he was thrown out of even Donald Trump like Saul may have long lost the glory of God America is now waiting to welcome her first female presidentMadam Kamala Harris in the way Israel welcomed King David After,1
What madness consumed Joe to claim This is the best Biden ever What madness consumed Joe to believe Bidenomics was working or the border was secured What madness consumed Joe to never do one positive story about something good Trump did,2
I had Niall s a professor I was very underwhelmed then I remain so Israel has changed a lot since Biden met Meir What has changed is that Netanyahu who grew up a Republican in the US takes sides in American elections unlike any other Israeli PM Sad very sad,2
Wanna bet Pres Biden is still in charge Lmmfao,1
Yeah so shut the hell up MAGA and the media,2
Hey Kamala Screw You and Biden,2
Go DONALD TRUMP GO,1
Okay liberals and coconut emojis you should advocate invading Isntreal for the glorious Kamala Harris and US hegemony after all shes the lesser evil and Isntreal wants Adonald Trumpler commander of the burgereich win,2
Yet shes not even half a competent as Biden,2
Problem is it wasnt a joke If you want your country and your life destroyed vote for Donald Trump,2
Remember where Kamala is going to be standing tonight that is where Donald Trump said go peacefully to the Let us not forget that,1
I bet Kamala is ticked off that Biden called Trump supporters garbage because his comment totally backfired,2
Without more information to glean on this graph states that the Biden Administration has been doing a good job at apprehending terrorists You can add any context into it depending on your agenda Flawed and dishonest post from Elon and rabbit,2
Total killer Donald Trump praises PM Modi for strongly dealing with Pakistan threat It is true that our PM Ji is a strong leader You are right Sir,1
She said she didnt agree with it What more do you want Trump says stupid shit all the time and you never hold him accountable So youre holding Kamala accountable for something Biden said You sound stupid,2
In the recent years its because you need senators and we absolutely have not had that Why Obama didnt do it Different times More closed minded people But during Biden we havent had the amount of senators required,1
Ready for Kamala Harris to be the first ever female president Madam President just sounds right,1
Im confident in USD just based on chartsbut I am like Brad I think Im being conservative,1
is the MAGA symbol,1
Biden lost this district by and won the state,1
Kamala Harris had to be dragged kicking and screaming to her first interview as the nominee And the journos wouldve been fine with her staying in the basement for the whole campaign Now its Rogans fault she keeps embarrassing herself Maybe enough suckers will fall for it,2
generals are pet dogs of USA That fears me as Its Bidens imposed government We share Baluchistan border ChinaRussia NorthKorea,2
Republicans are always least concerned about polls And polls put DNC ahead In Hilary was ahead by by and in Biden Trump was consistently behind in Pennsylvania Wisconsin and Michigan in Yet he won He was behind in and he lost Republicans,1
Now Im not going to sit here and defend Biden I didnt vote for him however older people tend to be more touchy do yall not remember your grandmas friends grabbing your cheeks and kissing your heads Idk maybe that was me but it was apart of their culture,1
Feel sorry for North Carolina TRUMP,1
Joe Biden well Joe Bidens government is calling all the shots to Israel Theyre running the show No they dont want you to know that but theyre running the show and theyre getting other countries peoples to die for the American agenda,2
Dreadful isnt it having to deal with narrowminded unthinking individual MAGA Trumpers,2
Biden and Scholz are allowing the war in Ukraine to be escalated By russia,2
The Washington Post pierde suscriptores por no apoyar a Kamala Harris,1
Victims of Donald Trump,2
So Biden is your point person to rail against for stopping weapons appropriation abroad until Harris swears in Then you rail against her new admin,1
KAMALA HARRIS Approves this up until birth,1
Dah Biden is the President,1
Kamala Harriss campaign strategy has revealed itself as nothing more than antiTrump talking points ignoring every issue Americans care about While focus groups and polls consistently show that voters want to hear her take on the economy and the border crisis Harris continues,1
Tonight will Kamala Harris be under the influence of,1
Steph vocally supported Kamala and no one cares Bosa reps a MAGA hat and people lose their minds,1
Michelle Obama LOSES IT Over Abortion and Kamala Harris via,2
Shame on the NGOs and the leftist like Soros who fund this manufactured crisis Shame on Alejandro Mayorkas for his treasonous border mismanagement And Shame on the Biden Harris administration for being spineless tools Jocelyn should be here today,2
Things must get worse before they get better thats how it is Believe me I do not want to hear Donald Trump everyday for years again Its nauseating But the only thing we have over them is our vote and yall give it away for a crumble cookie and some stale chips,2
OMG Look At Them People In Support Of Kamala Harris Washington DC Said The Numbers Were Up To Thousand People The American People Definitely Loves Harris,1
Jalen vbucks went up while biden and kamala were in office im sorry but the fact is they were lower when trump was in office,1
Bidens economy is so bad Trump has to work multiple jobs,2
Im diehard conservative to the core but damn if isnt the most articulate non combative liberal Ive ever witnessed I hope he doesnt decide to run Like him so much better than awful,1
Nikki Haley We stopped giving UNRWA money BidenHarris gave it back Former US Ambassador to the UN says UNRWAs antiIsrael activities were known long before October America and Israel will suffer the consequences if Kamala Harris is ArutzSheva,2
years under red and blue governments of defunding education Here is the result the Mayor of Know Nothing MAGA town,2
Show his true colours like Biden,2
There were NOT two assassination attempts Biden gave up his run for president because he KNEW he wasnt going to win trump served fries at McDonalds to his own supporters when the restaurant was CLOSED Biden does NOT bite babies but trump RAPES women Morgan go to hell,2
OmfgIm an inschool tutor former teacher Ive shut down a few student grade conversations regarding Trump MAGA and racist remarks and informed their teachers,1
Hes a pathological liar Hes left of Kamala who is left of Biden,2
Kamala Harris Causes Confusion with Her Most Bizarre Accent Yet During Stephen Colbert Interview via,2
I havent been able to afford a flight because of you this must be more Biden rich people stuff,2
It sucks to see the early parts of his disease showing Hes right tho we are not garbage and we all know that Biden doesnt even know what the fuck hes saying anymore,2
Yes it is Sounds great Trump Garvey,1
Mike are you worried at all about Donald Trumps nword tape from THE APPRENTICE leaking prior to the November election Im hearing things,2
"Governor Patterson is black. I understand that when you're not from New York, you don't know the people. You know like Donald Trump, who is a liar, cheater, narcissist, psychopath, cheater, convicted, felon, twice impeached, ex-president just think about it, please.",0
klook ticket secured AHHHH next to secure permission from my conservative asian parentszzzz,1
Yes Wearing a MAGA hat is the same as calling police pigs and saying all of them of racist But Go On,2
So must not support Kamala harris because she never answers questions,2
Its way down See link And its been every year under Biden Harris Funny how that works out when economy goes crime Duhhhh No college huh,2
Biden created a scapegoat Harris misstepped a dozen times before this The dems will blame Biden bc theyre incapable of ever admitting they were wrong about anything which is a main reason theyll lose this,2
Would love Joe Biden to come out against Kamala Harris about now Maybe hes got just a tiny bit of American left in him,1
How many Biden administration officials are there Hundreds This is less than meaningless,2
And they better not prop her up for giving us yrs total of the Biden administration ghouls,2
Garbage Vest that say MAGA I bet they will not make me take off my McDonalds uniform with my garbage vest on to voteTRUMP,2
Minutes gets sued for billions for editing and falsifying an interview with Kamala Harris ABC News was caught colluding in the one Presidential debate CNN lost million last year and was kept alive by billionaire donors These arent media outlets Theyre propaganda,2
the docs must save the baby even if the baby is extremely premature The baby must die Naturaly during the attempt to save them Jesus requests that Joe Biden makes an executive order today that would prevent another death like Amber Thurman,1
Deep state Google needs to stop censoring Joe Rogans podcast of Donald Trump,1
Oh wow Biden cursed Mileikowski in private That totally changes my opinion of Genocide Joe,2
Its a shame the women of New York that Donald Trump has raped Have to look up at a foot sign that reminds them of who raped them Donald Trump is a rapist,2
YES AMERICA DOESNT EVEN TRUST BIDEN HARRIS WE WANT THEM GONE NOW,2
Are they really THIS stupid to think auto loan changes affect the rich most Funny it wasnt the same discussion guidelines every time Biden wrote off some more student loans huh,2
President Trump likes and supports people of all colors Democrats started the civil war segregation the KKK separated but equal approved by Joe Biden,1
Her and Biden been in the white house for years and they still calling it the Trump Era,1
And yes FEMA will be proving the costs for the use of the system amp had paid Starlink for the terminals amp service Biden did not cancel any funding to Starlink,1
Republican presidential candidate Donald Trump repeated his hardline immigration position in an hourlong appearance Tuesday from his Florida country club,1
Biden has garbage in his own family Crackhead Hunter is nothing but garbage Anyone seen his laptop thats garbage,2
Imagine supporting the majority of billionaires and corruption in the US along with all mainstream media and most spending ever on campaign spendingThe danger of having wars and much less immigrant issues Its easy to see yrs of Trump is safer than yrs of KamalaBiden,1
So when Trump does it its okay But anyone else nogot it Both engage in divisionBiden and Trump,1
Another liberlcrat who has no idea what fascism is or he wouldnt be posting Read up lib and then compare it to what Biden Harris have done,2
Just saw a post where theyre hiring conservative writers Gotta love it,1
I'm excited for an unhinge democratic party that does not give a fuck on DEI or what ever ideal puritist they've been running on. Time to be pragmatic and go full batshit right and win.,0
its already too late they live here I will never forgive Kamala and Biden for allowing this,2
I was going to vote for Kamala but after I saw that Biden called half the country garbage I just voted for trump,2
Who were the ones keeping black down in the south Guys like Robert Byrd Democeat and lifelomg friend of Joe Biden Its crazy how well the democrats have gaslit black people for all these years,0
Everything was better under Trump The records speak for themselves The failures and lies of the Biden Harris administration are historical and documented,2
Everything Biden has done has come with Harris full support Shes gone on record to say she wouldnt change a single thing hes done She fully supported these decisions and participated in spreading Zionist propaganda about Right to defend itself against babies The elderly,2
To any one who would say that kamala harris is anything but a tyrant I would urge you to go and listen to this Donald Trump may not be perfect He may not even be a tried and true firearms supporter but hes not saying this SHE WANTS TO BAN ALL GUNS,2
JD Vance combines the articulate politeness of Mitt Romney and the pugilism of Donald Trump His takedown of Lulu Garcia Navarro DNYT is just epic,1
This is what MAGA thinks of Black voters This is how you will be treated in a Trump Musk ran government Like worst than dogs in a hot truck back with no seat belt for any safety cuz they dont value your lives,2
Letters For Olaf Scholz Joe Bidens Alliance Has Proved Unholy via,2
Geez sure seems to be in the tank for Trump based on their coverage of Trump and how critical they are of and and remarks made against poor Trumpy the Clown Come on DO BETTER The stakes this year are too critical,2
Comparative Analysis of Key Economic Indicators Trump vs Biden Administrations,1
Oh stop Do really fucking think someone who had planned on voting for Harris is now voting for Trump bc Biden said something offensive So theyre now going to vote for the guy who says offensive stuff every time he opens his mouth Ok Mooch Tell me how that makes sense,2
Hmm I just remember BidenHarris calling half the country a threat to democracy and Hitler Just like you do,2
She cast the tie breaking vote for bidenomics,1
No idea why he did it No faith in Americans Biden is still President What made him flop Dont understand why entrepreneurs become so frightened As if trump is ever gonna let you slide Bezos You waffled he saw it youre toast Because you wouldnt stand for Democracy,2
Bannon should sue Harris and Biden and all democrats who did this to him It was unfair And think of all the corrupt things that democrats did,2
After Elon helps us win he has to help us clean out the GOP ENT,2
TRUMP IN A GARBAGE TRUCK It comes after Bidens viral statement last night calling Trump supporters garbage He is taking questions from reporters on the tarmac in Green Bay Wisconsin,1
Pls lets laugh at Donald trump,1
Answer pretty much As evidenced by the fact that they identify as MAGA,1
Yes Really Your outdated misleading absolute crap is worse than my boomer uncles MAGA memes Bernie CHAMPIONED the crime bill Biden GOT KIDS OUT OF cages Biggest SS increase since gutted Social Security Dems didnt rig anything You live in a fantasy world,2
When Trump loses lets all kvell together Well all kvell over Kamala Harriss victory,1
His religious followers are all in Just like MAGA,1
Kamala Harris will unite the country and put Racists and Fascists to the Rail Behold the Dawn of Equity and enlightenment Behold Zealots and despair,1
Are you sure Bret A Florida man is in jail this morning after threatening Kamala Harris supporters with a machete outside a polling place Police say Caleb Williams a Trump supporter aggressively brandished the weapon toward two women ages and outside the Jacksonville,1
Does this ding dong think only women are voting for Kamala Harris,2
Elon did you see that President Trump gave Dark MAGA a shoutout today,1
Nobody saying he said supporters genius That was Biden calling us garbage What Cuban said was that Trump doesnt work with strong intelligent woman There has been and are many strong intelligent women that work with Trump,1
God Bless Donald Trump,1
Are you talking about Hunter Biden or yourself,1
TRUMP you never stop amazing me with your wit TRUMP NATION how do you feel now about being called garbage Hey Biden and Harris the garbage is going to take over the White House TRUMP NATIONtheres cleanup in Aisle Biden and Harris MAKE AMERICA GREAT AGAIN,2
Was this just before Biden and his son made all the trips to Ukraine to bolster their bank accounts,2
Uncle Joe Biden born during the Cretaceous Period meets a classmate from the same year,2
WOW LATEST Polls in Presidential Election Donald Trump vs Kamala Could be Close Maybe not What do you think via,1
Mark Cuban thinks women are stupid Joe Biden thinks half the country are garbage and Kamala Harris think theyre nazis A lot of joy in the final days,2
Humpty Dumpty better get checked and release medical and cognitive test results Biden knew Grump knows but doesnt listen,2
Clarifying Karines clarification Biden did indeed call Trump supporters Garbage,2
This post is annoying me and I cant quite put my finger on why Maybe the mansplaining or maybe because Biden and RDS were used in the same sentence,1
It was really terrible He said he lives close to NJ and his Republican neighbors houses down had a Republicans for Biden sign up a few months ago Whats wrong with them he asked me Theyre smart people but theyre voting blue We talked about how they werent,1
Agreed Ive seen conservative sports media people address it but she is the first WBB media personality Ive seen point it out The fact that it has been largely ignored increases the divisiveness because the laypeople all know its true,1
Which particular article of the Constitution do you believe is being violated or is likely to be violated by Donald Trump,1
I wouldnt necessarily call her conservative shes a Democrat without the crazy They did exist once,2
Wonderful what will uncle joe tell starmer to do next check that Biden doesnt have an earpiece connected to ant an dec,1
MAGA Mulder The XFiles compiled every conspiracy theory into one grand overarching tale but this is before the black helicopter militias morphed into and before two competing rightwing Deep State tales that are far less entertaining or plausible,1
Civilians can be tried and presumably executed as enemy combatants under military law which we have been under since Biden s faked Inauguration Proof then SCOTUS nominee Brett Kavanagh stated this to Lindsey Graham at a senate hearing Its on YouTube,2
Theyre coming after you Trump says But who are they Nobody knows They are faceless They are implied They are the amorphous core of TikTok conspiracy theories They are to blame for almost everything according to Donald Trump,2
It was caused by the American Rescue and Inflation Reduction Acts since both spent money we didnt have Economist warned Biden Adminstration and they still pushed it through with Kamala being the tie breaking vote to get them passed,1
Biden is rootless and soul less sociopath He is a lying grifting thief who serves only self interest He is as Irish as he is Chinese,0
This was REAL amp JoeKamala did it Blood on their hands Despicable Kam deserves unemployment line,2
No BidenHarris caused the Inflation the high interest rates and this terrible economy,2
Can you imagine president Biden or Kamala inviting a friend over to chat and broadcasting it on a Democratic network,1
You guys Im starting to think Kamala Harris really wants us to know she comes from a middle class family,1
The way I see immediate they go to vote Kamala Harris as POTUS,1
Girl you have made my day I needed a good laugh after seeing the WSJ print JD opinion piece which is almost a full page of lies about BidenHarris handling of Helene This is civil war,2
You talk like the American people dont remember the border under the Trump administration Well we doand weve also lived the last years under Biden On day the illegals came with biden t shirts onhowd that happen and the invasion continued for years Trump,1
Chyle please I remember that mess you tried to pull in in amplifying Tara Reades lies against Biden I see RIGHT THROUGH your concern trolling gaslighting bullshgtt,2
Suspect in Chicago shooting of Jewish man is a Joe Biden CatchampRelease illegal alien Muslim invader from Africa,0
JUST IN Actor Chris Evans Slams President Donald Trump as a Reckless Moron How do you respond to Chris,2
Kamala Harris where are the missing children under your Administration Kamala Harris what are you doing to bring our Hostages in Gaza home Kamala Harris what are you doing about adverse Americans suffering from inflation,2
Na If the minority of them want to fuck themselves over I just send them this MAGA LOVES EVERYBODY except those darkies,0
RAMP UP TENSIONS It was infantile yes But he threw a hat Someone assemble another J committee For Pete sake TRUMP,1
trump didnt back off he handled the negotiations and set the conditions the biden administration ignored what was discussed and withdrew in a reckless manner that got several people killed youre ignoring the facts because you dont want to give trump any credit,2
Why bother social security healthcare Medicare Medicaid and banks along with all infrastructure in the USA has been breached under Biden Harris this administration doesnt have cyber security and our election is not secure,2
You could not define fascism if you tried By the definition the GOP is the party of fascism They are the party trying to take away your rights and to stop you from exercising your first amendment rights You are absolutely a fascist,2
So what was the definition of a fascist again Joe Biden Kameltoe Harris Tampon Tim Susan Rice Hitlery Klington Barry Obama John Kelly Gen Milly Nancy palosi Adam shit And I dont care if I misspelled anyones name they are all I could go on for at least three days,2
Guess who the biggest donor for Kamala Harris is GOOGLE,1
What would that say about Trump if he let a DEI hire beat him for the presidency He called Kamala Harris low IQ and stupid but in the debate he fell for every trap she laid out for him Trump and MAGA are very good at projecting,2
They had no other choice A new candidate would forfeit the M war chest of Biden Harris donations under election law,1
Donald J Trump is going to do extra ordinary things You probably cant even fathom whats going to happen,1
Biggest lying denying hypocrites in America Bidens past comments about MAGA Republicans come back to haunt him as White House spins garbage remarks,2
Yes Mr President Donald Trump was the winner and always will be,1
If you hate Zionists you hate Jews and you're a hateful miserable repressed scumbag.,0
I was not a member then and read it occasionally for US elections But I do remember not seeing regular faces suddenly and then altogether,1
Lol Biden has broken them and theyre too dumb to know it,2
Kamala Harris doesnt even want to be seen next to trans people,2
Suppression of free speech is anti American If you love America you must respect the constitutional rights of all Americans Not just the voices you favor Bidens funding of this war is offensive to taxpayers who oppose this Suppressing our voice insults even more,2
We have been warned shit will happen if Dumpster loses this election President Biden please take the precautions necessary to ensure ALL Americans can vote without the fear of being hurt VOTERS Dumpster uses fear as a tactic to keep people from voting Dont Let Him Win,2
Just wait till Bidens gone and we have some sanity in the realm,2
Justin where do you get information Name some sites or sources All of this is GOPMaga gossip It is not supported by real world data The border is one of the highest commercial borders in the world tourism and border city commerce are big deals Tell us what wide open means,1
bros during our indian elections i come across some rule or practice election commission puts in place and im like yeah it make sense wow i didnt even think about this etc etc US elections on the other hand are so fucked like everything about it sounds so crazy how are,2
But she was appointed as the border czar by Biden There is press reports about it She can definitely do a lot more as VP Shes just failed miserably AND purely lazy,2
Political campaigns are bloodless wars Resources matter With m less in GOTV for Democrats will way underperform Between his b and the m Bidens spend was x Trumps m campaign Its nowhere near that lopsided this year,1
TPMs Ari Hoffman The entire BidenHarris administration has been a colossal disaster so trying to frame this as turning the page on anything what To doubling down on those failed policies,2
Remember boys and girls Anne Frank happens when dictators like Mother Brain Trump and Ridley Vance are given absolute power For Anne Franks memory Vote Blue Vote for Kamala Harris aka Samus Aran Save Democracy Stop TrumpVance Stop Trumps Project,2
Biden gave iran billion who armed hamas to attack isreal oct th harris vows lebsnon millionbut we fighting through another hurrivane youd stupid b,2
Biden and Harris want illegals voting in our election ACLJ is suing Sign the petition,2
I feel for the TENS OF THOUSANDS who shed their blood on the plains amp steppes of Eurasia for American men amp women who helped take down their own incumbent President amp then doubled down on the most liberal candidate in US Senate Border Czar Kamala Harris,2
"This smear from the Biden Harris administration is a gross lie, and embarrassing they resort to clown shit to invalidate one of the globe's fiercest human rights defenders, and avoid responsibility/culpability for their own role in war crimes, terror, & genocide",0
BREAKING Elon Musk say he will leave the United States if Kamala Harris becomes President in,1
You have my Vote The only brave man in the western world and in the history of world to raise his voice against massacre of Hindus Thank you President Donald Trump May you have a Happy Diwali and Prosperous New Year Jai Shree Ram Jai Ho Trump,1
millions of fans have made Beyonce very rich Now she is voting against those fans safety by choosing Kamala Harris Is that what is known as gratitude I THINK NOT,2
We know that the dubiously elected regime of Joe Biden is essentially Obamas third term because virtually the entire current regime are former Obama appointees or retreads With Kamala Harris it will be Obamas fourth term of destruction A possible fifth term if Democrats are,2
MANIACS AGAINST GREAT AMERICANS Thats who trump and his cult are,2
Donald Trump is a racist a RAPIST and an adulterer who has children from different women Is this a candidate that upholds traditional Christian values Or do you only push that when trying to suppress women,0
Mr Mayor I am a big fan of your body of work as the other guy amp in public service I disagree with support of Donald Trump He is exactly the antithesis of what a public servant is what you have done in Knox County and your philanthropy throughout your career,1
MAGA folks cant even answer that question They bitch and complain about the economy now Wait until all these immigrants are gone and Trump throws tariffs all over the place But hey Make America Great Again Right,2
Campaigning as an outsider in politics assisted both Barack Obama and Donald Trump and interestingly enough Trump is still using this claim despite having already been president Experience may matter truly less than ever this Story,1
President Joe Biden on Friday did what no president has ever done He apologized for the harm done to generations of Native American children who were taken from their homes and forced to attend federal boarding schools,1
When your narrative falls flat Kamala Harris Hillary Clinton Whoppie Goldberg,2
Donald Trump Roasted for Stumbling and Glitching During Rally Speech Fumbles Over Words and Pretends He Sticks the Landing,1
So President Trump can climb into a garbage truck but Biden cant climb stairs,2
Vote conservative or have open drug use in grocery stores next,2
White amp Gold MAGA,1
Ive been a member of mug club for two years Comedy plus conservative values,1
"Too funny…blame yourselves and no one else… …calling 72 million plus, Hitler loving, Fascist Nazi pieces of garbage also picking for VP after he let his state burn instead of is way.",0
Not one gun among the protesters Yet BLM riots were allowed and encouraged by Kamala,2
Vote rd party Im going with Jill Stein but I heard Oliver is also against war havent looked into him but that would be the right leaning rd party vote incase thats ur flavor But vote for an antiwar candidate to show numbers of rd parties getting the votes,1
Hey fucking maga asshole Biden is not running and harris said it is not how she thinks at all So go fuck yourself you maga asshole,0
DNC said the same thing but then they looked at that wad of money Biden raised just sitting there,2
You have Iran the power to make nuclear weapons in half the time when you refused to sign the Iran nuclear deal YOU met Taliban at the Camp David to make a deal behind the Afghanisback handing their country to the terrorists Joe Biden runs our country not the middle east,2
Because Biden and Harris will refuse to certify the election to Trump and they are baiting us into armed conflict at the White House,2
Its such an awesome feeling knowing that this time next week Kamala Harris is going to be our next President And we wont EVER have to put up with trumps bullshit ever again,2
You cant be that fucking stupid to post this literally the day after Biden called republicans garbage,2
Exactly That rally wasnt to get new voters at all That Nazi rally was to incite and rile up his base Trump will use MAGA violence again when he loses,2
The DNC plantation is being decimated by the winds of the karma of slavery Bout time Replying to,2
Its still nothing compared to the number of jews and zionists I mean Biden and kamala are hardcore Zionists and the secretary of state Antony Blinken is Jewish so what else do you want bro Were not even supposed to give them money at all They can fight their own wars,0
Kamala Harris is the typical Democrat no self awareness at all,2
Trump left Obamas great economy in a mess and Presidente Biden and VP Kamala fixed it and will keep fixing it We have the best economy in the world right now and great job numbers Youre the one thats a LIAR Lying to the American people,2
Over at President Kamala Harris rally,1
I used to consider myself apolitical lately liberals have been too conservative for me,1
Why is it always MAGA people that dont understandtry to break the election laws then claim election fraud,1
Why are we Upset Difference between Trump Rally comic vs Joe Bidens quote Joe Biden is president Represents Leader of the party Was Serious Making a statement on behalf Dem party The comic on Sunday was A Comedian who Made bad Jokes Not a politician NO,1
Biden misspoke and clarified it The real problem is that Latinos were referred to as garbage at Trumps NYC rally,1
Biden had to show ID,1
The BidenHarris administration is so messed up that Americans have to take two jobs,2
There are none BidenHarris has the lowest unemployment in over years Your lies dont work anymore Youre full of shit,2
Watch Kamala Harris disappear after Election Day Even Democrats will be glad her career is over What a terrible terrible candidate she has been,2
I sure hope so Ameshia I will be voting for Dem US Pres Kamala Harris on Nov thElection Day,1
Again still doesnt change the fact that she is the incompetent Imbecile Joe Bidens proven Incompetent Idiot,2
You know that X has a timeline that you can scroll back and see old posts You defended ice cream brain Biden nonstop He couldnt walk or talk but missing the handle thats were oh high and mighty Rex Chapman oh tolerant one draws the line Careful Your desperation is showing,2
I dont think it matters who gets elected billionaires control the government not the American people Im just glad Hillary Clinton will never be president Donald Trump has already proved hes a failure at the job im not voting at all I dont see any point,2
This comes from the same people who told us that Biden was as sharp as a tack so everything the say and post is suspect,2
we start a new chapter with out you amp kamala harris it was youre campaign that was pointing at the right campaign amp voters,1
Oh the maga cult world,2
Its interesting to find out that Kamala Harriss stepfather is Jamaican while her biological father is White Irish who owned slaves Her mother is an Indian lady,1
Donald Trump last night A Big Fat Orange Baffoon,2
Once again communists proving and stating their true intentions Wake up America Vote MAGA,2
What about the that the Biden Harris Administration is funding through the American taxpayer Shameful continual US funding of Genocide in Gaza will be the undoing of Democrats campaign,2
I always tell liberals a lot of MAGA are good people Many just love our country and just have no idea what Donald Trump really is about This is what a principled person looks like Unfortunately there are plenty more who will stop at nothing to win amp will run with any lie,1
Real men respect strong women they dont live in fear of them WWE Hall of Famer Mick Foley shared his support for Kamala Harris criticizing Trumps divisive rhetoric while highlighting Harris competence and optimism,1
Genius level Trump trolls Biden in a GARBAGE TRUCK at his Wisconsin rally via,1
Show Summary Caller Guy who despises GOP Caller Haitian with TDS Caller Black guy from MS with TDS Vid Clip Harris with TDS Caller Another Black guy says he love Big Govt Caller A Republican,1
And this is Bidens fault Ok I hope they are all ok,1
This is perplexing the Biden administration was able to apprehend more terrorist than the Trump administration and that makes the Biden administration a failure Is it at all possible that the Trump administration missed a bunch of terrorists at the border,2
Yes and prosecute Joe biden Joe is the one being bribed,2
cheating maga couple and sucks at football no thanks,2
I would hope but I never underestimate the power of MAGA to not gi e a shit They know what they signed up for and yesterday was it,2
Donald Trump is launching a Token Sale at on Tuesday October th What Blockchain do you think he choose for it,1
And you think that DT and his family are better Dont disagree about the Biden debacle but corrupt democracy vs corrupt dictatorship accepted as second best option,2
Hell Russia may not have invaded Ukraine were they not flush with petrodollars from your disastrous OPEC deal Biden actually got a lot accomplished despite the minefield you left behind And Donald youre the worst president in history,2
Diddy is a good friend of mine I love Diddy Donald Trump,1
That is how you know Shannon Sharpe folded like a cheap suit Entire interview was scripted Everything Kamala Harris does is scripted Its all an act She is a puppet,2
Thanks to Biden,1
Hell became a nice option for me when all the maga Christians took over heaven,2
Uh oh Whats going to happen to Kamala when Tim Walz has to drop out because hes a pedophile,0
Cocaine is a hell of a drug Kamala Harris plagiarized of course as she only knows how to do,2
Then why didnt Biden call Where is ourcalleged President,2
how when all she talked about was Donald Trump,1
I broke down and finally put some money on options contracts for Kamala Harris to be the candidate that is certified on Jan Notice they didnt say the candidate that wins the election Either way its an easy bet Either I more than double my money or USD doesnt matter,1
Donald Trump Delivers a StuntFilled Entrance on a Garbage Truck in Green Bay Wisconsin Taking a Swipe at Joe Biden and Kamala Harris,1
Anyone who is ripping Donald Trump sign down charge them to the full extent of the law These guys have no love in their heart They only wanted to destroy the United States Us true Americans make this country run not them We do the hard work,2
Kamala agrees with Joe Biden and shes bored stiff with the topic,1
Its better to be a convicted felon of financial crimes than being complicit in genocide like Biden and Harris,2
Editorial Kamala Harris foreign collusion,2
People write about their interests and everyone is free to scroll past For example some might find it irrelevant and infantile to attach a hitler moustache to Kamala Harris but youll post that anyway because its of interest to you See how social media works,2
I dont think anyone wants to pick Hunter Biden,1
As my grandma would sayit takes one to know one so if Biden wants to call us garbage hmmmm,2
Guy made multiple claims Venezuela intentionally released criminals and sent them here Venezuela admits this that should be easy to source Biden let them in Articles on your screenshot support maybe one of those claims Heres what I got,2
Keep her away from Biden,2
Where resides TRUMP,1
If there is a video that the media is withholding shouldnt the Harris campaign be talking about it It seems they dont want to go there and the GOP would absolutely go there if the situation was reversed As would the media,1
Ok some one please make a meme with Donald Trump in that Garbage truck with MAGA people in the back where the garbage goes This is so GREAT MAGA FJB and FKH,2
WHY would any muslim trust corrupt biden or harris,0
I see a lot of teeth but no women Whats up with the MAGA men,1
Were you this concerned when Biden kept falling over those steps to board his plane Or when he couldnt put a cohesive sentence together,2
Commie Commie Kamala Underperforming RESIDENT Biden in Key New York Districts Breitbart,2
JUST LOVE IT Go Donald Trump we LOVE you,1
Supreme Court to weigh legality of Biden administrations ghost guns rule via,1
Actually they dont trust the Biden administration because yall are weak,2
Donald Trump America First Rap Song by HiRezTV,1
Youre shocked that providing Americans a fair wage is a good thing Well you must be a conservative,2
Bidens not running sweetie Catch up,2
she said biden wrong,1
Remember Donald Trump can only be in office for years but MSNBC will be known as a lying sack of shit network FOREVER,2
Why didnt you have a to do list on day one of Bidens term,1
Biden can easily stop arms sales Hes done it in the past Multiple Presidents have also done it,1
We dont need Beyonc All you have is me and I dont play the guitar Donald Trump the man is freaking hilarious and he is the best president USA has had in a century,1
Kamala Harris wins this will be daily news Venezuelan gang trashes stunning Colorado Airbnb for a huge party,1
That is a clip from Pence trying to talk up a crowd in the Georgia senate race a race the GOP lost because of Trumps actions cost the GOP the Senate Here is what people close to Trump think of him,1
Umm sir the Packers are the only publicly owned team you express that to MAGA in any other situation theyd call the Packers organization Communist,2
Thanks BidenHarris and team Brilliant management of the economy Tamed inflation without recession The perfect soft landing,1
Inside Donald Trumps Rallies We explain the nine main things that happen at each rally,1
I thought Biden dropped out of the election,1
Ask Jill Biden prob the same reason,1
No but it is rightwing to only see the part of reality you like By the time Biden dropped out of the race there was no time to set up a new primary election If Biden had resigned from office Harris wouldve become president Is THAT undemocratic too,2
Youre kidding right The only clear proven leader is Governor Ron DeSantis,1
Kamala says theres not a thing that comes to mind that she would do differently than President Biden She also admits to taking part in most of the decision making,1
What have republicans accomplished McCarthy rolls out House GOP Commitment to America ahead of midterms ABC News,1
I love how Donald Trump just lives rent free in your head,2
libs wouldnt last an hour in the asylum where they raised me a traditional conservative living in a culture dominated by postmodern liberalism,2
why wouldnt you dare Biden to use his powers of droning to make sure I mean if this guy wins hes going to jail you all with the same powers,2
You must be one of the BidenHarris illegals,0
Top Top Border Patrol Agent Reveals Biden Harris Told Him To Hide Number Of Terrorists Crossing Border Censorship thank a Democrat,2
This is the guy that is supposedly weird Supremely rational Kamala Harris has not given a shred of evidence that she is remotely capable of discourse approaching Vances level,2
Please vote for Hovde When you call Tammy and ask about issues and help for Veterans not illegals they scoff She never has anybody from staff contact you back She is the rd Senator from NY not representing WI She supported all the energy killing bills of Harris amp Biden,2
Yeah she looks extremely sorry. Sorry ass liberal,0
And they should all be thrown in jail every single one of them including Biden and the cackler,2
Goldberg Donald Trump or Kamala Harris Heres how Im going to vote in this election and why Los Angeles Times he has always been a voice on the Right Opinion Piece in the era of nonendorsement Surprise Surprise Read all about it,1
The rapid response director for team Turn The PageNever AgainMiddle Class KidUnburdened By What Has BeenBiden Redux is declaring someone else a disaster,2
No Momo hell be reversing all the damage that you and Biden did to this country and getting people back on track so they can afford to live again Why dont you quit lying about everything You havent done anything in years to deserve being president,2
saying she wouldnt do anything different from calling Trump supporters garbage now this Dems making ALOT of mistakes Bill Clinton says its OK to vote for Harris even though Trumps economy was better,1
Americans are over him done with the lies Check this out One guy says Kamala Harris has overcome so much to get where shes at Donald Trump has overcome or come over was Stormy Daniels LMAO,2
AOC has gained a lot of weight And lets not forget She did NOT Awant Kamala to take Bidens place,1
You mean the woman who suggested Trump supporters vote times under different names at different polling stations while MAGA accuses the left of cheating that woman,2
Yes We will probably be asked to donate to build more prisons for those perverted criminals and traitors in the BidenKamala admin but I will cooperate,0
Biden wasnt accountable so why should Trump,2
AMERICA TRULY CANT AFFORD ANYMORE LIEING KAMALA HARRIS AND ADMINISTRATION AND THATS JUST TRULY A FACT,2
Whos the President exactly No COVID or Monkey Pox this Election Bidens taking a nap he helping MAGA now,2
You believe whatever you want I liked life better before the endless failures of the past years and the historic backbreaking inflation of the degenerate progressive BidenHarris administration MAGA out,2
So the Biden admin talks about transparency yet theyre censoring anyone who disagrees News flash truth doesnt need a muzzle Only lies do,1
The head of the FBI Christopher Wray chosen by former President Donald Trump has on many occasions including testifying before Congress that our elections were safe secure amp very rare I trust the Republican appointed director of the FBI,1
Democrats have lost nearly registered voters in Pennsylvania since while Republicans have gained about new voters With Bidens margin at just votes Trump has the edge to flip the state Nationwide GOP registration is outpacing Dems in,1
This is like oil prices going down immediately when Reagan got elected Funny how democrats Carter Biden Kamala just ruin everything but when Reagan and Trump come to town things right themselves,2
A lot of maga shoes coming off Wait until they realize there arent enough fingers amp toes to finish,2
Some accuse President Biden is guilty of genocide denial for doubting the accuracy of the Palestinian death toll He would actually be guiltyof sponsoring it if he was cognizant of his surroundings and hisposition in the nation,2
Personable and loving side I bet she will show it to Putin Xi or to Iran when they walk all over her She is about as weak as BidenDont and they go ahead and do it anyway because they know there will be no consequences America is ready for change and Harris is not it,2
Donald Trump calls out Lancaster York counties over alleged voter registration fraud,1
It is very likely that Mr Musk will arrive as President of the Great American Nation to the White House once the term of the current patriotic candidate Donald Trump ends America has already lost faith in the Democrats who opened the doors to socialism and communism,1
Biden and Harris pillaging the treasury before they leave,2
Garbage in garbage out Donald Trump called America a garbage can x in the last days,1
The DNC was at Madison Square Garden,1
They mad cause now they can't fuck their raggedy neighbors and just kill the baby after Trump2024,0
Are smart cars the next big threat The Biden admin is investigating security risks tied to Chinesemade vehicles collecting driver data How might this shape our roads,1
Weird I was told that Helene was sent by Democrats to suppress the Republican vote in GOP strongholds,2
How many people on an airplane Does she get napkins slipped to her saying Trump Math is not the strong suit of maga pukes,2
The Dems rightward shift on immigration personifies this contradictory role of liberals Biden deports more ppl than Trump ends asylum shutsdown the border But bc its election time libs come out with tears for immigrants saying how worried they are for them if Trump wins,1
Ask a Biden supporter whats hes passed Biden doesnt even know,2
Sam Stein and Marc Caputo talk the much worse jokes Donald Trumps shock comic at his Madison Square Garden rally that were cut and Michelle Obama directly calls out Trump while campaigning with Kamala Harris,1
Good for Biden Always be prepared for the Domestic Terrorist sometimes referred to as Trump Supporters,0
MAGA Polititians are interfering on the election with youth miss information,2
Trump said he will not sign an abortion ban and Kamala Harris knows this but she keeps lying to the voters,2
why didnt Walz say anything when Biden fell up the steps or toppled over or got lost,1
The One That Got Away Biden Looks Completely Dejected After Young Girl Flees His Pawing Hands at White House Party via,2
Quit talking aboutyour daddy You turned your back on his good friend Joe Biden,2
Corruption right out in the open is sadly the new normal for the GOP,2
The joke was in poor taste but the rally itself made a powerful statement about the unifying power of Trumps platform A lot of people want to see America recover from the Biden years,1
Ueah Maybe hell go after the corruption between Ukraine and US politicians like biden,1
Biden and Kamala You dont deserve to live in this country You are pathetic and a disgrace to the Whitehouse and this nation,2
TRUMP LONG LIVE THE REPUBLIC MAKE AMERICA GREAT AGAIN TRUMP COUNTRY USA,1
I would rather listen to all his detailed policies as to how he will change the disaster that was the BidenHarris regime Listening to Kamala all she talks about is hate for Trump and growing up in a middle class family She is an empty vessel sad,2
"Anyhow MTs vote did not surprise me given that it seems to be a change election. ""Protect our rights"" is compatible with ""throw the bastards out""",0
If she can help the economy with executive action on day why wouldnt she or Joe Biden take that executive action now She doesnt have to wait which is how we know shes lying through her teeth,2
Having personal opinions is fine But he keeps claiming that all Donald Trump does is lie but I would like to know about what Its funny that you think Im unemployable,2
Putin is raising the stakes and trying to intimidate the West as much as possible before the US elections and possible negotiations The video shows todays drills of Russias nuclear forces the launch of a Yars intercontinental ballistic missile,1
So who made his money for him And of your list Carter is the only one Ill agree with you on to any extent The Clintons were exposed repeatedly but theyre Dems The Biden family grift was infamous in DC amp everyone knew it It wasnt until everyone pretended otherwise,2
lets not pretend Biden dropped out like it was his choice He was forced out because the Dem machine elites knew he was in trouble at election time Harris had access to the BidenHarris so they gave her a quick makeover and let the media do the rest Zero to hero overnight,2
"Harris billionaire surrogate's suggestion Trump women are dumb comes on heels of Biden's 'garbage' comment Harris campaign surrogate Mark Cuban's suggestion that women in Donald Trump's orbit are ""weak"" and ""dumb"" is blowing up o…",0
Trump Too big to rig Sport,1
GOP The party FOR lead poisoning,2
The way biden admin opposes Israel is a painful reminder how biden admin opposes Ukraine Means words and acts may differ but the sabotaging mentality from biden admin is still here,2
You forgot to mention a couple of things First he does not single race out evidently Biden and Harris did when choosing who to let in Second under any normal standards they are illegal aliens breaking the law each minute they are here,0
Donald Trump in a garbage truck riding to the rally in Green Bay This man is a marketing genius,1
I mean they had Biden winning by in there,1
Trumps huge rally at the Madison Square Garden was strategic He wants to do away with the twoparty system He wants to do away with the Democratic Party And he started right there where Martin Van Buren of New York did the work of organizing to establish the Democratic Party,1
Havent seen the Joe Clark conservative in a long time,1
Theyve failed ever since the gold escalator Garbage is just how they spoke nonstop re Bidens agephysical amp cognitive abilities but from what Ive read barely mention anything re Trumps I stopped watching CNN this summer after being their most devout viewer for yrs,2
"Of course voters don't hand them another victory after that. The President might get reelected because they can often semi-plausibly blame Congress, but we cycle between the GOP doing bad shit and the Dems promising to prevent the bad shit and then refusing to prevent bad shit.",0
Joe Biden and Kamala Harris have taken fewer questions than any administration in history and it isnt remotely close They do not talk to the press unless its scripted Absolutely incredible gaslighting,2
EXACTLY Trump was devastated amp truly despondent when Biden stepped down He wanted to face Biden Poilievre needs the PM to step down Yes hes attempting to force elections but thats because his bot campaign has peaked amp falling His best chance is now before bot BS exposed,2
MAGA Biden is senile old goes to bed at pm doesnt know where he is stutters He ABSOLUTELY meant to say that Were Appalled Also MAGA How dare they play a SUPERCUT of Trump purposely being a garbage human,0
And just like that Mark Cuban was no longer stumping for Kamala Harris,1
The trash they are the trash they are the trash are the people who defend Donald Trump Long live Puerto Rico Libre Pueta,2
Fuck off you hypocrite You all said Fuck Biden for years You wore it on shorts and on your truck It was a joke Get over it,0
Of course this was planned otherwise Obama would have Vince Fostered Biden by now,2
TRUMPS SUPPORTERS LIES TO GET VOTES FOR A CRIMINAL OF FELONIES OUR GREATEST PRESIDENT BIDEN NEVER WENT TO JAIL BUT TRUMP WILL GO AFTER KAMALA HARRIS GET THE PRESIDENCY,2
GOP Congress voted against the Inflation Act Without their help the Biden admin was still able to reduce Trumpflation down to,1
The Ukrainians defenses are buckling under the intense pressure from the seemingly unstoppable Russian onslaught that was always coming for Ukraine honestly they would have been better off welcoming the Russians into their country day Biden admin fail,2
She already did it Trump will restore education Hes only got years Vance will have to continue the efforts on restoring education Vote like your future depends on it Trump MAGA,1
Associating Jews with Israel and Israel with Judaism is like associating Trump and Biden with Christianity,1
I would bring back waterboarding And Id bring back a hell of a lot worse than waterboarding Donald Trump at a Republicanprimary debate,1
Has Biden sent us to die in foreign nations Biden got us out of Afghanistan Something trump tried and failed to do And youre not suggesting Bidenstarted wars are u,1
Donald trump never said that You can not hold all Republicans responsible for one As all democrats are not knuckle heads that lie about their military service,2
Good Shes a hot mess Vote for America MAGA,2
A lot going on with the IRS whistleblower cases an appeal of our motion to intervene in Biden v IRS our defamation lawsuit ShapleyZiegler v Abbe Lowell and our new FOIA lawsuit against DOJ is raising money for this defamation suit and others like,1
Harris had the least support of any democrat candidate in after years of failure she doesnt automatically get loved by all democrat voters just because Biden threw his DEI hire on the ticketwhat a clown you are,2
Crypto analyst Egrag Crypto has predicted that the XRP price will rise to Interestingly the analyst suggested that the crypto could still reach a higher price target calling the price level conservative,1
Biden trying to roast the biggest roast comic in the world,2
I understand the comment was definitely offensive But I can almost guarantee youll never say your comment was offensive too WHY Because you and Kamala Harris actually believe that Trump and his millions of supporters are Nazis,2
Kamala Harris says Trumps comment on women is offensive to everybody from He simply does not respect the freedom of women or the intelligence of women to know whats in their own best interests and make decisions accordingly But we trust women,1
If Biden was able to make years Trump sure as well can,1
Then You aint black Joe Biden,2
JUST IN Lebron James endorses Kamala Harris for President Are you surprised,1
How can Biden amp Harris continue to support Israel,2
Unless youre pro life youre actively fighting AGAINST me I consider you an evil accessory to millions of murders I hate you And Im voting for Donald Trump,0
LeBron James Endorses Kamala Harris for President Vote November th,1
Biden alarmed at Georgias disputed election and Russian laws,1
IRS Whistleblowers Involved in Hunter Biden Tax Case Reveal IRS DOJ and FBI Knew Laptop Was Real Immediately There were a lot of overt investigative steps that we were not allowed to take because we had an upcoming election The prosecutorstold us that they didnt,1
God says what they are doing is an abomination to Him Deuteronomy Angels are recording all this And they are recording Biden and Harris parading these abominations before the nation We are fast wearing out Gods forbearance Our leaders are wicked,2
Good work thats happened Name one good thing BidenHarris have done for Americans,2
Sorry but this is President Joe Biden account He is the President of the United States But dont feel awkward hes abandoned us too,2
If Trump wins Alito and Thomas retire then Trump appoints young SC Justices For pretty much the rest of their life theyll have a Conservative SC fucking over any Progressive policy Genius,2
Them White woman said Whites would rather be on the ship commanded by Donald Trump to have the same whiteness advantage as their parents amp grandparents knowing eventually Trump will have everyone on board killed when the food runs low The alternative is harder,2
People on stage at a rally actually know how to say si se puede properly Looking at you Jill Biden,2
This wasnt on the news Bill Clinton captured performing the Nazi salute at the DNC convention at Madison Square Garden The event echoed a Nazi rally held at the same venue years earlier,1
Racist remarks are all he and MAGA know,2
Biden and Harris caused this inflation On day one Biden stopped the pipeline and thousand of jobs were lost for the pipeline employees and businesses built around the pipeline They gave our money to foreigners They abandoned the the hurricane and flood victims,2
Please Vote Donald Trump hereditary dont demonstrate be leader and vote against Kamala Harris laughing jackass Please look sully attacks on our loving kind hearted president Trump In contemplating the weight of our words and actions it is wise to remember the,2
Kamala Harris targets married women,2
C U Next Tuesday Trump is winning Nobody gives a damn what you think,2
Faith leaders react to Kamala Harris comments about her prayer life What do you do with your faith,1
Another example of lies and cheating by the Kamala Harris campaign Blocking people from going in and voting as long as theres lines that poll should not be closing,2
GOP Comedian Puerto Rico is a corrupt crappy place Joe Biden You America people are garbage Not the same,2
I personally wonder how much money they spend knowing that they are paying these people to show up She was able to circumvent the coffers from Joe Biden And I heard they spent a billion dollars already if thats true that is insane because its only been a couple of months,2
I didnt say you were genius Im saying that youre implying that Bidens spending was the problem that caused inflation but that makes no sense because Trump spent over trillion more Inflation is up everywhere the US has one of the best inflation numbers globally,1
This masterclass brought to you by Donald Trump,1
Ron DeSantis is a fine Governor and a straight shooter Kamala tried to make him look bad and failed miserably,2
Aint no way in hell Biden got million votes Thats more than Obama got the second term,1
That the same intel officials that said the Hunter Biden laptop was fake,1
Kamala cleaned it up perfect today you could almost make a case that Biden offered her up a layup with six days to go and she executed brilliantly,1
The Telegraph Joe Biden could station combat troops in Israel for first time,1
Obviously Biden and Harris couldnt unite us What makes you think just Harris alone will Never gonna happen,2
Say the word MAGA in this room and watch them all turn into slobbering monsters,2
Donald Trump faces Puerto Rican fury in Pennsylvania,2
Trump is right again… the biggest threat to democracy is stupid people…,0
Then dont be made about inflation Joe Biden cant control global prices and global supply chain shortages,1
the former president didnt say what you think he said Harris literally works for Biden he speaks for her,1
The stimulus checks that didnt matter to me at all but helped intensify the recession you dummies blamed on Biden despite the fastest recovery of any developed nation on the planet Those ones And explain how Trump didnt inherit Obamas economy Be specific,2
PIS Biden should know all about garbage,2
It is so sad to see how many Black people especially Black men giving extreme White racists conspiracy theorists like Donald Trump Tucker Carlson Alex Jones Joe Rogan and before his death Rush Limbaugh so much lovevalidation,2
Huh team Kamala just pulled out of NC Paul Ryan,1
For the first time in my entire voting life I was excited to vote for someone Donald Trumpalong w JD Vance and the team theyve built gives us a lot to be hopeful for,1
Kamala Harris says Trump will cut health programs if reelected Source Reuters,1
Biden warned Iran that US would consider assassination attempt against Trump as declaration of war,1
This is so rich Look at this news article from The Daily Caller Hard To Be Lectured By MSNBC On Disinformation WSJ Editor Reminds Viewers Scarborough Vouched For Bidens Fitness,1
Kamala Harris WILL WIN the US Presidency and be fully supportive,1
Thats awesome love my MAGA family We definitely have a sense of humor and Im lovin it,1
Every State every school district needs to do the same as Oklahoma schools chief bills Kamala Harris M for education costs citing illegal immigration,1
Why Because it legitimizes the illegal Democrat collusion that took place to censor American citizens and the media which absolutely allowed Biden to win The facts and evidence absolutely support this for sane and rational policies that actually protect women amp,1
Bitch FEMA aint God they cant be everywhere all at once Biden did his job FEMA is doing their job and the states are doing theirs Biden asked the Governors What else do you need The Governors are all happy with the response,2
Oh Donald Trumps bibles were made in China,1
Is there genuinely any reason why every single celebrity associated with P Diddy or Jeffrey Epstein and suspected to be guests at their weird parties are all collectively speaking at Kamala Harris rallies Cos I can recount six separate instances now and its suss af sorry,2
I messed up with the clip of Mark Cuban I didnt mean to leave in the part of Joe Biden calling Trump supporters garbage But it fits All of Kamalas surrogates are coming out with some of the most divisive rhetoric Ive heard for a while now Its deplorable,2
years a Dem all my life I never voted for Biden and definitely not her Alan it is not just Israel its taking away our Freedom Just do it right thing to do,2
Trump targets character of Kamala Harris sharing story of migrant crime victim,1
It seems isnt the type who understands macroeconomic stats or contextual comparisons Performance of the USeconomy beat almost all economists postpandemic predictions Bidens natl debt record is better than Trumps too predicted for Harris also,1
who have used their leverage of aid that exists due to the culture of dependancy to compel the Govt into continued subervience That is precisely why PTI lobby in the US because that is where the source of power truly lies And it is why the Biden administration continue to,1
I prefer the lets not nuke each other relationship to the HarrisBiden strategy of provoking WWIII But thats just me,2
This month the BidenHarris Administration approved NCs Internet for All and allocated NC over Billion to upgrade internet The BEAD program is a billion state grant program authorized by President Bidens Bipartisan Infrastructure Law,1
if it was a Kamala hat bosa would be the darling of the media get tf outta here with this BS censorship in America is alive and real under the BidenHarris administration,2
Donald Trump fumded the Rev Jessie Jacksons run for President back in the s What have you done for black men,1
All of Congress had to approve the Supreme Court judges so it wasnt just Donald Trump,1
I think you meant to say Kamala tied to Obama Hillary Biden etc etc etc,1
Donald Trump instruct his people to move they asset into QFS for maximum safety And also request for QFS credit card and Qphone so that we will be able to receive k NESARA GESARA payout funds,1
She has the same fucking community manager as Biden years of blatantly telling we should do this and doing the exact same opposite,2
You fail to mention all the deep red rural uneducated as hell states that are shitty too The murder rate in the states that voted for Donald Trump has exceeded the murder rate in the states that voted for Joe Biden in every year from to,2
Biden calls all trump supporters garbage and now this happens This election tho,2
Shut up Liar You are the person divided America You are the longest war President in history and Commala or sleepy Biden are your puppets,0
The police who were defunded from Kamala Biden and Obama are not allowing voters into the voting booth before closing time They need to be held accountable and report to election integrity,1
Has he or Trump have membership status with the NWO like clinton Obama amp Biden Globalist Govt of World not Nationalist USA Govt Harris has passed laws to set the Army on USA Citizens but u want to Vote for her,2
Eric Adams is kissing every square inch of Donald Trumps ass He needs a refuge when Trump is elected and the Feds come after Adams,2
Am I crazy for really liking Biden recently,1
Biden was a ventriloquist dummy,2
Yeah its because Trump had such a great economy it carried over to Biden Or at least thats what Barrack Hussein Obama would like you to believe about his presidency,2
MAGA lost their over being called a deplorable,2
reason people get offended at a lot of the things MAGA people do is because its deeply offensive to a normal persons sense of what right and wrong is Like yeah I am offended Trump said immigrants are poisoning the blood of America because that is an insane thing to say,1
Courtesy of the BidenHarris Administrator,1
Biden called me garbage Fuck you,0
i am such an influential figure that maga hulk blocked my primary and backup account o dear,1
how does it feel to single handedly tank Trumps chances of winning the election Who would have guessed The FBI DOJ Biden The House tried their best heck even a few random wackjobs took at shot at him All failed but youyou just did what no one could,2
When has she told the truth about Donald Trump She loves to steal his policies positions,2
Its a testament to the US economys resilience that it continues to chug along despite the Biden Administrations regulatory burdens and higher interest rates via,1
This is world we are in right now Vote Trump,1
Remember when Biden said the same thing in the election,1
so she doesnt like Biden he had many deferments too,2
DONALD TRUMP CRESCE MAS KAMALA HARRIS SEGUE NA LIDERANA EM NOVA PESQUISA CBS NewsYouGov eleitores provveis NACIONAL Harris Trump BATTLEGROUND STATES Harris Trump margem de erro pontos,1
Opinion Elon Musk and Donald Trump are trying to buy up our democracy at a time That sbe illegal,2
million people are not garbage but who voted Kamala Harris are Take a shower x per day to clean yourself from lies,2
BidenHarris did not remove the tariffs lol More people died from Covid under BidenHarris Liberals did lockdowns We got inflation from the inflation reduction act that Harris was the deciding vote on The feds printed more money to pay for it Obama Give me a break,2
You would have voted for the inept vegetable morally bankrupt Biden if given the chance As far as narcissist Obama tops them all When he met the queen of England he presented her with a CD of all his speeches Incredible gauche classless narcissistic YOU voted for him,0
No She went through all that shite while running for every office in Cali that she held went thru that when she was named as Bidens choice for VP amp went thru it again when she said she was running for President Shes already been vetted amp still u lot have NOTHING on her,1
Biden had been President for almost years and he couldnt even get rid of Louis DeJoy the US postmaster general What makes you think he can abolish the Electoral College,2
THE MENTALLY ILL CORRUPT DEMOCRAT COMMUNIST PARTY,0
Guessing you did not see Biden biting a baby last night,1
Iran Has Good Understanding with Qatar on Access to Billion Biden Windfall via,1
Funny Did Biden release his cognitive test Not a Johnson fan but enjoyed watching shut this talking head hack down,2
If I loved every Single Thing About the BidenHarris ticket I would STILL not vote for them because of what they did during COVID Totally evil,2
The garbage man needs to clean up america Take out the trash maga,2
BREAKING NEWS Trump epically trolls Harris and Biden by riding a GARBAGE TRUCK to his Wisconsin rally,1
So the people on stage acknowledging they were asked to speak at a Nazi Rally for Donald Trump were suddenly mistaken,2
Kristen is consistently shilling for the DNC,2
What in the AF Why on earth are parents still taking their kids anywhere near Biden,2
Kamala Harris is a pathetic liar and never answers any questions asked if her She is so incompetent Jesse Watters Kamala Harris couldnt even survive The View via,2
Keep that beautiful baby away from Joe Biden and any and all Harris supporters,2
Theres no way in hell Joe Biden was able to write this,2
Kamala can you collect my trash please Trump Ill collect Joe Biden first and put him in Nursing home,2
Wednesday Briefing Russia has stolen over tons of Ukrainian grain from occupied Mariupol Hungary wont agree to change sanctions on Russian frozen assets until US elections Ukraine Energy Rescue Plan EIB backs emergency heating and power projects,1
Donald Trump is so funny How do you like my garbage truck,1
But nothing is said about the biden executive order which allows for use of the military on citizens The dems are all about division and hate,2
One day after President Joe Biden referred to Trump supporters as garbage he shows up in Wisconsin in a wrapped garbage truck amp asks how do you like my garbage truck Whatever you think of the man its a nimble move,1
Funny thing that today Donald Trump in phihiwas really calm and quiet thats how I like to see himall because his speakers decided to offend humans that Donald trump just lost their votes,2
Kamala Harris Tells The View She Wouldnt Have Done Anything Differently Than Biden Over the Last Years,1
Makes sense Biden has no idea he is the President,2
Is it true that Donald Trump has opened the doors to Mara lago for free lodging to Maga affected by the hurricanes in Florida and N Carolina for as long as they need it,1
Couldnt be more excited MAGA,1
A Laura looker and Donald trump fan whining about name calling is the funniest thing Ive seen in a while,2
Well if one agrees with masses of MAGAs,1
Enraged Biden called greatest ally Netanyahu a fking liar over Rafah invasion told him he had no strategy new book,2
No one cares about Hunter Biden dumb dumb,2
Biden deserved a nd term provided he dumped Merrick Garland who truly can GFH,2
Kamala Harris is winning by a landslide,1
One of the most absurd failures of the media to inform America is that the economykiller Donald Trump is able to go out in public without having rotten fruit thrown at him,2
Ultimate troll job by both men Trump adds Biden to his Cabinet,1
I heard the Biden administration asked him not to do it until after election day he could crash the market and ruin Kamalas chances,1
Harris pledges to fight for hostages as hecklers raise Gaza concerns United States Vice President Kamala Harris faced hecklers during a rally where attendees questioned her about the situation in Gaza The presidential hopeful responded directly to,1
Bill Maher trashes Kamala Harris for being full of s on Israel Middle East Just shut up WE ALL KNOW BILL,2
Trump supporters outside Green Bay rally shrug off Bidens garbage comment,1
Exciting times in the crypto market Here are the top trending coins today that are capturing the attention of investors and enthusiasts alike CAT MAGA AIC SPX SUI MOG RETARDIO APT POPCAT EIGEN SOL FWOG TAO WIF SEI Stay i,1
You voted for Kamala Harris Her and the Democrats are destroying this country You bought into all the Anti Trump rhetoric pushed by left wing News corporations to brainwash gullible people Kamala was not elected by the people that should be a red flag to every American,2
President Trump amp JD Vance will Stop Taxing Social Security,1
Biden needs to be careful with his depends full of crap he will sink as fast as his presidency,2
Somewhat MAGA found it and there were definitely bots there But all the notifications were keeping me from being able to interact with other posts in any genuine way I was overwhelmed with replies and quote retweets And MAGA was gettinggraphic,1
Biden changed the law to use the military against citizens Wonder if he plans on stopping Trump from ta j ing office,2
It was a strategic mistake from Biden,2
Or she was illegally electioneering You scum are trying so hard to act like there is election fraud when the only instances Ive seen are from MAGA freaks like you,2
You think Biden is calling the shots You must be extra special How about her role as border czar,2
Ken Griffin expects Donald Trump to win the White House,1
Not true Kremlin reacts to allegations of Trumps secret calls with Putin after leaving presidency The Kremlin has denied claims that former US President Donald Trump communicated multiple times with Russian President Vladimir Putin after leaving office The allegations ma,1
Sure Paul The only thing of biblical proportions r the amount of ppl supporting Kamala Harris at the Ellipse tonight,1
Fema is on the ground in Florida and is providing monetary assistance Biden and fema director have personnel there Vp Harris made a bogus phone call to pretend like she had some role Her childish ploy backfired,2
He Joe Biden ABSOLUTELY was calling Supporters garbage Its time to take the trash OUT November th Christina McBride,2
Makes Biden look even more ineffectual and weak,2
Who is the first foreign country to HELP AMERICA WEATHER BE WAR OR A DESATER THE QUESTION GOES TO THE SMARTEST PEOPLE IN WASHINGTON KAMALA HARRIS AND JOE BIDEN I THINK UKRAINE OWES AMERICA A FAVOR JUST KIDDING ABOUT THE TWO SMARTEST PEOPLE IN WASHINGTON FCDS,1
Black voters I expect that motto is Never forget and never forgive when it comes to Que Mala Kamala used the race card Remember once said No one fks with a Biden mentions,2
More people died because of Covid under Kamala and Biden than under Trump,2
"U-Turn Starmer! Calling out P&O for the way they operate their hire and fire.. Now hypocritical Starmer is kissing arse blaming other's. He's no leader, he's weak and needs to resign!",0
Donald Trump hates the First Amendment and freedom of speech,2
Lets see Biden get up in that truck Id enjoy the laugh,2
The story of George Washington and Donald Trump is the sad tale of a country once led by a Cincinnatus but now being duped by a grifter Yet Washingtons example is alive to us if we choose to pay attention,1
Are you talking about Biden Harris who shut the country down destroying small businesses and setting school kids back so far never will recover,2
Kamala Harris is being endorsed by a lot Alist celebrities and athletes She just got more biggest endorsements by the entire Avengers and LeBron James Meanwhile Donald Trump is only getting endorse by Dlist celebrities and racist comedians,2
its not enough to give ppl reasons to not vote for trump give them some reasons to vote for Harris her government has supported genocidal Israel more than any other US government b even more than If u dont believe me ask,2
Youre on the losing team woman All Kamala Harris has is J and abortion up to a babys due date and beyond to talk about Its all vile Shes not giving us solutions to her and Joes inflation that they created,2
Harris isnt president Biden is DeSantis spoke to Biden There is no reason to speak to Harris especially when you are in a time crunch trying to save the lives of your citizens because a CAT is about to wipe out the center of your state,1
Stepdad conservative Dad conservative in my life Brothers conservative straight Grandparents conservative All love me no matter we what,1
duffy and trump were buds i find that interesting,1
Uh they chose Kamala Harris Thats pretty funny They are laughing at her at their Adrenochrome parties,2
Over a phone call Trump tried to withhold aid from Ukraine to get info on Hunter Biden The other time was when Trump tried to overturn a US election Bad news Paul Those are impeachable offenses,2
Its actually symbolic since President Trump will be taking out the trash which includes Biden and Harris,2
Alert notice sent to Commonlatte Meghan McCain calls out Kamala Harris over remarks about late Arizona senator Dont make me start,1
Looks like the Trumpie slug fucked around and found out,0
This would have ended Bidens campaign,1
I guess the Biden comment wasnt a gaffe afterall,1
What would law enforcement reaction be if I knowingly and recklessly invited murderers rapists and terrorists to stay at my house so they could use it as a home base to commit their atrocities Thats what Kamala Harris has done,0
You and Biden has had guardrails from day one Can imagine where you two would be with no guardrails,1
Because Biden isnt in charge Others run things while he isnt competent,2
Biden Kamala and their whole administration ought to be impeached and imprisoned for what they have done to the people of this country,2
I cant because im Canadian but i love this President i love this man MAGA from Montreal,1
Look at the faces of everyone on CNN and make us believe that They know They have the look of accepting the fact that Donald Trump is destroying Kamala and will be their next POTUS Theyre hating life right now,2
Why hasnt the Political News Media had stories questioning GOP US Pres Nominee Donald Trumps Memory Lapses Dementia amp not qualified or capable of being or serving as President His language amp forgetting peoples names cities were after Pres Biden everyday in the Media,2
A MAGA who doesnt know what a woman is,2
Oh allowing to stay in the country was a policy change Biden made that was contested as noted in this article Trumps prior EO was that they had to stay in Mexico Biden undid that EO,1
First of all FEMA has not failed in Helene Ask the governors the Republican governors you can find their responses online Trump and his cult are spreading disinformation and ignorance that is going to cost lives He WANTS Americans to suffer so he can run on it,2
The Only Garbage I See Floating Out There Are His Supporters Biden Goes Even Further Than Deplorables,2
Okay Well if KAP got a problem with that post then he can go take it up with Bosa then Bosa will snap KAP like a twig and put a MAGA hat on himfk kneebenders,2
Who can beat him at marketing How do you like my garbage truck This truck is in honor of Kamala and Joe Biden Brilliant move,1
Tesla investors dont seem to trust Elon Musk like they used to Is that because of Twitter via Dont seem to trust Elon Two words Donald Trump OK two more Free speech,1
Dude I like you but if your reason to vote for Harris is Trump gonna do worse then you dont deserve any vote You know it better than anyone You elected Biden to avoid genocide and still got genocide Its the lowest bar you could have and still cant pass it Fuck off we dying,2
Open WARFARE between amp LOL Trump was right again During his debate with Kamala he said that Biden disliked her intensely DJT said Ill give you a little secret He hates her He cant stand her You nailed it Mr President,2
I certainly didnt speak for MAGA,1
No Buses No Conspiracy Hes done this multiple times at multiple different rallies Trump never has nor will he ever give two shits about anyone but himself Yall MAGA are just too fucking stupid to put Two amp Two together,2
Im loving it Anyone who supports the MAGA fascsist Nazi movement will be remembered as garbage Theyve been chanting F Joe Biden for years and cant take him calling it like it is Trumps entire campaign for the next week will be Im not Nazi Garbage,2
I trust Trump because the economy was better preCOVID than under Biden Also I believe government is inherently inefficient and wasteful,1
Bexar County Sheriff is going down He spoke at the DNC lied Bigtime,2
Because while biden has been in office covid hasnt been as bad We where heading towards the end of it when his presidency began,1
Human beings can be horrible It takes just one Donald Trump to prove the case for AI Covid million dead,0
Biden thinks Im garbage Mark Cuban thinks Im weak and dumb All because I am a woman who supports Trump Both could never survive the shit Ive been thru in life Think of me as you will even if it means youre wrong about me,2
Her economy is Bidens economy Inflation,1
Tonights job Distributed sets of yard signs to my neighbors for Kamala Harris Sherrod Brown Yes on Issue Ive been trying to get my hands on these for weeks we have to make sure folks know to vote Neighbor One week,1
Calling Politicians garbage is what Trump doesBiden called the American people GARBAGEBIG DIFFERENCE dont ya think,2
Says the guy who voted for a rapist pedophile so shut up Do you think there are none in the Democratic Party What do you think Weinstein Epstein and Diddy are Democrats,0
Check out MAGA Trump s video,1
JUST IN Kamala just blamed FEMAs failure on Hurricane Helene on Trump Donald Trump is NOT in office Kamala Harris IS Harris and this entire administration BOASTS about absurdities like climate equity How is she blaming someone else for her massive and critical failures,2
Ukraines interest was to shut it down but they couldnt because Biden was Obamas Ukraine pointman amp facilitating selling Putins gas to Europe to build up Russias military simultaneously Everything Biden said Trump was Biden himself is in Putins back pocket on the payroll,2
That poor man needs something to keep him going He probably hasnt slept in a couple of months Trump,2
Hahaha minutes has been doing these interviews of both parties candidates for yearsguess who the only people that have ever accused Minutes of being biased towards one candidate DingDingDingMAGA OF COURSE,2
fear and hate all the GOP Has,2
Biden Trump supporters are garbage Cuban Hold my beer nuff said,2
WIDE OPEN BORDERSBIOLOGICAL MEN IN WOMEN SPORTS MAJOR INFLATION ENERGY POLICY DESTROYED ILLEGAL ALIENS GET MEDICALHOUSINGSS PAYMENTSFBI AT PTA MEETINGSUKRAINE LAUNDERING WARHIGH INTEREST RATES FOR HOUSINGWOKE Famp CRAP SHE HAS TAKEN OWNERSHIP FOR THE BIDEN YRS,0
BOB Donald Trump is selling fear and mistrust We are all immigrants We started somewhere Thats what these people are doing Give me your huddled masses yearning to breathe free We still believe that most of us do anyway As far as the border is concerned we had the perfect,1
Looks like you are getting more and more upset now that a black womans about to kick the shit out of Donald Trump But its OK you know its coming,2
Biden DOJ Anything goes as long as its aimed at Trump,1
Sort of like how it all came to a screeching halt when Biden was elected The death ticker on the news the wall to wall coverage It all just sort of stopped,2
Honey honey honey He has been speaking with the President Everything Ron DeSantis has asked for has been approved Kamala in not relevant right now Joe is the one that signs the orders Stay strong please be safe,1
SORRY MAGA BIGOTS You cant take back all the racial shit last night What a fn circus Cringing to watch So many racists took the Trump stage including Trump,2
Thats being disingenuous Its not Conservatives its people Joe Biden is the presidentnot Democrats president and he is the president of the United States If you call any group of citizens anything as the president you deserve every bit of scrutiny,1
Voted today for Kamala Harris It felt good Please dont get complacent,1
Nice try KH but your word salads r epic amp without equal Trump may ramble fun but runs circles around u Biden amp knucklehead on policy You r a liar bigot powerhungry fascist divisive nasty US citizen hating selfish immoral terrorist amp sad being,0
I already voted for Kamala Harris,1
This is what we get with more Kamala Harris,1
Nothing Jill Biden is dressed up as a panda for Halloween because its Halloween and the cult are trying to connect dots that dont exist,2
There is no joy when babies are murdered in the womb You dont give a crap about Americans You had years And you did nothing And when you were asked what you would do differently than Biden you said there is nothing you would change BYE,2
And dont really care what you know about Trump Perception overrules reality Never forget that Biden screwed up so bad people are actually speculating hes deliberately sabotaging Kamala out of revenge Perception Yep And it will bury any contrary truth,1
GoodIts important for us to have a strong AmericaTrump,1
So its ok what Cuban said Or Biden said when calling half the country garbage Its called sticking up for you and your constituents,2
and you are using offensive and outdated terminology while complaining about what Biden said Your hypocrisy is showing,2
Kamala blames Trump for mass amounts of people dying from Covid More people died under Biden with the vaccines and mandates,2
kamala harris is taking over my timeline vote blue chat,1
Thats right I have always believed that Donald Trump was going to win from the Court House to the White House MAGA Trump,1
Give me a break Hes a GOP candidate If he took sides against Israel in any way his base would turn on him in a second Thats the surest way for him to lose I get it but this is an election One hopes his actions in office will defy expectations,1
It is very important for Donald Trump to win the election to establish peace in the world,1
He forgot to mention the people who died because of TFG mishandling of COVID That mishandling is what destroyed the economy and BidenHarris has spent the last years building the US economy back up,2
Weekly news quiz Bidens garbage gaffe Elons latest lawsuit and Brisbanes bridge bash,1
Truth is Black people that support Donald Trump are ignorant bootlicking cowards who are afraid of these degenerates. I'm built to battle them bitches.🇺🇸,0
The MAGA cult,2
Bitch none of your old administration backs you They all say youre unfit What happened to your VP Pence They have endorsed Kamala Harris They know you shouldnt even be running for this position again You are trash garbage an ungrateful hateful little weak man,0
Candace Owens exposed Kamala Harris big secret Shes not at all who she says,2
I honestly see Kamala and Walz being much stricter towards Israel when it comes to its needs with Biden being out of the way and no puppet master will control control either Kamala and Walz,2
Yeah not about that Give me an acceptable GOP alternative because I will not vote MAGA,1
Surprised how many comments like this Ive seen Trump just did a hour podcast and each sentence seemed perfectly coherent to me Meanwhile Biden has been incoherent for a while and Kamala just isnt a very good public speaker imo,2
How is that democracy Then we were lied about Bidens cognitive ability for two years when many were questioning it Legacy media said he was sharp as a tack Remember Harris knew They all were in on it So that saves democracy No way,2
Kamala Harris is Fighting for Puerto Ricans Donald Trump is Mocking Them,1
We love him here with MAGA This is exactly where he needs to be The Democrat party is corrupt This new coalition is the best of the best,1
KAMALA repeating the leftist cabal hoaxes is the kicks of a dying hoarse She has no policies she wont do anything different from Biden she fears podcasts she fears interviews she cant speak off teleprompters oh my we all cant wait for her to get sent packing,2
he did it before too bad Harris couldnt do it or Biden or any of the Democrats and you shouldnt be commenting about American situations because youre not Americans,2
NYTimes now has Trump leading in Arizona by,1
Nice to know the Democratic Party embraces an abuser of woman and blatant misogynist,2
You dont need a border bill The border can be secured the same way Biden violated his oath of office and opened it up With executive orders,1
In your Google Search bar Type JRE Podcast Donald Trump it should pop up,1
Can you imagine Obama Harris and Biden having a pow wow over this I can imagine Obamas face both hands over his face looking tired and exasperated,2
No no no You dont get to have false outrage about Biden when you knew what he meant and about Mark Cuban when it was clear what he meantand then claim Trump is being taken out of context,1
You have to compare how the early votes are doing compared to Trump is doing better than he did in and PA only went to Biden by,1
And why the hell SHOULD they have helpedHow much help did the Trumps provide for Biden,1
I am a never again Trumper and am lumped into the same category Biden was talking about Trump supporters Trump was talking about anyone who didnt support him I see no difference between the two,1
A Plea To Kamala A Plea To MAGA And A Back Of My Hand To Mitt,1
The tweet expressed support for Florida Gov Ron DeSantis R remarks emphasizing his leadership in responding to the crisis and his focus on coordination,1
Biden and Harris arent ignorant Theyre evil,2
This is rich coming from a news program that constantly lied and said President Biden was mentally and physically sound,2
Yes no law and no order thats kamala Harriss future if elected every person for themselves,2
You did You voted for Biden,1
Where are you getting your election news WIREDs asked Kamala Harris supporters at her Washington DC rally From social media to mainstream outlets to the downfall of X they shared their sources and opinions about misinformation online,1
Bidens not the candidate because the world saw how mentally declined he is Obviously you take what Trump says seriously No one cares that he said black jobs We know what he meant They showed you bidens video to show the hypocrisy on the left Then TonyTone said it was fake,2
"It's the stupidity the left banks on, hence why schools are slipping in ideology when they should be teaching",0
Yep Its ALL your fault Not Kamalas or Bidens or Obamas All you,2
Yes turn the page from the disastrous four years of BidenKamala,2
"The SHEEP of the Democratic Party! Brainwashed fools! They forget, inflation, crime, the border, foreign wars, boys, and girls bathrooms? Who are these idiots?",0
You know what I dont think we should wear this one Fuck Joe Biden,2
Excuse me Scott Im going to interrupt you again because youre lying to people she chided Its nuts to say that she isnt running on any policies Shes only running on antiDonald Trump Thats crazy,2
Biden avoids one bag of wind for another bag of wind Biden pulls out of Starmer meeting over Hurricane Milton Sky News,2
The public being gaslit by the liberal elite Robert Jenrick with dog whistle rhetoric straight out of the Donald Trump playbook,2
Have you seen and heard Kamala and Biden They make him look like a genius,1
Joe Biden calls Americans garbage because he supports abortion clinics that perform abortions refer the abortive babies as human waste Get the connection Republicans,2
This weather warm chilly warm chilly this weather flip flopping like Kamala Harris does,1
According to Biden she is garbage like millions of us Bidenharris are the most dividing hateful disturbing combo Ive ever seen and will be an example of what can go wrong in America for future generations,2
If Biden was a good President he would still be running for president and Leading the country out of inflation and stop printing cheap money,2
Every presidential term of four years from Biden to Bush Sr,1
AUGURI A ME MDMA CON ME W IL TWITTER CALCIO LA FIGA DONALD TRUMP JR E BENITO,1
But the Biden administration put small businesses out of business Why is nobody mentioning that There have been a lot of businesses go out of business because they took money away from the police and legalized stealing up to,2
Here comes the myriad of lies Nothing about her She has already used the name Donald Trump times minutes in She is an EMPTY VESSEL LIKE OBAMA,2
Express your gratitude for the Biden Harris Administration Vote for Trump,1
Because Joe Biden called million Americans garbage last night and theyre trying to equate Trump rightly calling elected Democrats horrible people as the same thing Democrat politicians are horrible people They have destroyed this country in the last years and done,2
Keep men out of ALL womens spaces and keep kids safe TRUMP LETD DROP THE T,0
This president is FUNNY amp uses the BidenHarriss words against us voters to our advantage,1
Men Go vote If Trump loses it will be you fighting in World War III not the women who voted for Kamala Harris,2
You just did more good than Pierre Polievre ever did for the Conservative Party Good losers sometimes become great winners,1
Im sure he comes from a long background in Maga philosophy,1
So youre saying she is a worthless empty vessel that has no influence with Joe Biden and Joe wont do anything to help her get elected Got it If shes that feckless why would you want her to become your president,2
ratio help me wallet metamask bitcoin ETH BTC account Elon musk Donald Trump,1
Kamala Harriss Unrealized Capital Gains Tax Was Already Tried And It Destroyed the Greatest Empire the World Has Ever Seen,2
Murphy deflected and could not bring himself to admiring live on tv that he supported any of Kamala Harris policies,1
Kamala Harris is a natural at this talk show thing I cant wait to vote for her,1
He got off the plane today and drove a garbage truck for his response against Biden and just pulled up to the rally with the same thing,1
Yeah Bidens Liberal trillion dollar spending spree had nothing to do with it did it Genius,2
Kamala and Biden voted against the SDI MISSILE SYSTEM that saved Israel from over missiles We need Kamala out of there,2
So Biden is proposing murder huh How many times have you murdered before slow Joe I would bet that youve had it done before,2
TY Get on the Trump train Patriots unite God bless Trump God bless MAGA IFBAP,1
Trump is literally the only politician who could pull off this garbage man outfit and not come across as a Dukakis Could you imagine Kamala Harris doing this,1
If trump was proven by over courts as lying about election fraud last time when Biden won by million votes why would he be telling the truth this time Pushing the big lie is the only way he will have a chance at winning the election as red states will not certify,1
kamala didnt go to Florida She hasnt helped ever before Biden and Ron DeSantis are communicating People are going to die while kamala is on the view,2
Opinion Why wont BidenHarris remove migrants who pose a threat to public safety Source The Hill,2
Youre a fat MAGA GFY Amy,2
Kamala Harris is Joe Bidens VP Kamala Harris is responsible for the Ukraine War Kamala Harris is responsible for the Palestinian Genocide Kamala Harris is responsible for the Economy Kamala Harris is responsible for the inflation,2
Every success in Donald Trumps life was because someone else was in charge directing Trumps ass holery in the right direction First it was his Dad then Mark Burnett then Steve Bannon Left unguided he fails at a level that only a trust fund kid gifted million can,2
Wheres the MAGA Tankies feigned outrage Oh right its selective red brown fascist performative art because they freebase RuZZian propaganda that Ukrainians are evil nazis for defending their land from actual fascist imperialists whose sickos at sit at home and pay to watch,0
Vice Pres Harris addresses voters from the Ellipse where thenPres Donald Trump gave Jan speech He is the person who stood at this very spot nearly four years ago and sent an armed mob to the United States Capitol,1
Screw her Let the GOP pay to repair the damage done by Hurricane Milton and numerous tornadoes,2
Was it the same sandbag that took out Biden,2
How racist Young Thug aint doing nothing that Kamala Harris massive army of illegal immigrant criminals arent doing at the request of the US Democrat Party,0
Isnt the window of bombing etc their way into regime change in countries a short one Do Israel and the US have the ammunition etc to do this One thing I feel I now know Biden doesnt care if K loses he wants a conquered ME for that to his legacy,2
Can you see the desperation on all these celebs faces Desperate to keep Trump out of office Trying to relate to people who live pay check to pay check Not woke Honest and hardworking taxpayers So sick of corrupt Hollywood trying to pull the wool over our eyes,2
President Trump said today he wants to protect all women Kamala Harris rejected that Why would she reject it Is it just because Trump said it So petty,2
This video is so great Very informative on how taxes contribute to the housing issue Solving Housing is the number one reason I am a conservative Crime and economics are my other key factors,1
Uncle Sam says fuck Donald Trump,2
Yeah ur right Biden and Harris need to go has it better under Trump,2
WOW That could in and of itself make up the margin in that race Go go GO MAGA Excellent work,1
Joe Biden had nothing to do with those dipshit wearing diapers in public tho,2
Kamala and Walz are continuing their lying frenzy projecting every evil that the condone onto Donald Trump the reality is that THEY are guilty of EVERYTHING they accuse Trump of doing VOTE TRUMP FOR TRUTH,2
Whistleblowers BidenHarris DHS Refusing to Collect DNA from Migrants via,1
Bidens namecalling is BEYOND THE PAIL Those voting for Trump are not GARBAGE,2
Yes Biden should be in prison for treason But yet he is only a prisoner of his dementia,2
For clarification the shedding I am talking about is a spike mRNA transmitting a clotting disease to a third party frequently involving death see proposed mechanism below In many cases this involves close proximity and transmission is via exhalation From the evidence seen,1
Jake Paul a YouTube video creator and boxer endorsed former President Donald Trump on Thursday Paul said in a video posted on social media that things in the US dont feel right,1
What exactly has Trump done to a whole generation Biden and Harris have made a career of being in politics Neither of them have done anything meaningful for their constituents,2
We all saw Biden and heard what he said He called us garbage,2
MAGA amp WOKE are the Yin amp Yang of Americas st century Crazy Neither exists the absence of the other,1
Medical records werent a priority for everyone when Biden struggled to articulate a single sentence,2
Poor MAGA You have a first amendment right to lie to your hearts content But now you want to stifle everyone elses first amendment right to call out your lies,2
Not everyone has a credible trusted source like Donald Trump,1
I am always thrilled to see elected officials steal good ideas from opposing lawmakers It happens all the time I consider that a big win for the voters Donald Trump Borrows From Bernie Sanderss Playbook to Woo Democrats,1
Larry the Lush As usual zero political intellect and zero credibility Lets talk about the recently released ICE statistics criminals entered via the wide open southern border that Kamala Harris oversaw with murderers and rapists and sex offenders Lush,2
Sorry we dont want the Kamala Harris Experience Get lost,2
He supported Ron DeSantis in the primaries and still refuses to endorse Trump Most important election weve ever had and he does nothing Useless,2
Never received one vote for the nominationKamala Harris,1
"Maybe if you weren't a gullible fool falling for every liberal lie, you wouldn't look like a complete idiot!",0
Oh Bridget I warned you Times running out now pet I mean how could you be so silly as to make such a big fuss after private schools when youd played on a private schools hockey pitch I mean theyre even saying in the Conservative Post that youre motivated by spite,2
Another October surprise against Harris Between Cuban and Biden they are sinking Hamas Harris,1
The Biden Administration is COMPLICIT IN War Crimes The Department of Justice has to enforce the Leahy Law Otherwise they are corrupt and a worthless entity Genocide Joe should resign immediately His legacy is SOAKED IN INNOCENT CIVILIAN BLOOD,2
Im so glad my vote is n for Kamala Harris and Tim Waltz It time to turn the page,1
Bubble bath girl refuses to acknowledge the soldiers killed in Afghanistan on trumps watch and the tens of thousands of American lives that could have been saved without trumps criminally negligent Covid response Biden and Harris have delivered a booming economy,2
Tulsi Gabbard takedown of Kamala Harris via,1
Saw a MAGA hat Says dash Add that dash as some got in middle of subtract as probably coincidence Atleast the flag is flying right When a flag is supported as the stripes try to run as water to the ground and stars to follow Eagle on top,1
us military can kill Americans in the ISA per kamala and biden bill or law,2
Kamala Harris surrogates are doing a bang up job If you support Trump this is their message Obama scolds black men and suggests theyre misogynists Biden thinks you are garbage Cuban thinks women are neither strong nor intelligent,2
She was clearly thinking WF is happening with HARRIS When even Kamalas got crypto on her mind you know something big is coming,2
Hell just keep getting worsepeople will get hurt amp he doesnt care Its so pathetically sad this is the best the GOP has,2
Maryland is like BLUE blue And she was vocal from jump that her plan the whole time was to vote Biden in the general Didnt matter So people who are protesting cant even get other Dems to bluff that they wont vote Dem in a Blue state primary wo repercussion,1
Revisit The Headlines from Trump Family Separations Incompetence and Intentional Cruelty US Speeds Deportations to Haiti Drone Strikes and Raids on Yemen Accelerated Under Trump Great Things Biden Has Already Done Wasted Years Thinking About Trump,2
Why is killing babies soooo important to kamala Harris and demoncRats,2
Stop the hysteria We already know what a Trump presidency will bring We lived through years of it We did a lot better with him than we did Biden No wars strong economy no mass immigration no constant protests,1
Polymarket is about as reliable as a magic ball its not a real poll its a prediction market funded by Peter Thiel who is a conservative that has funded Trumps campaign Polymarket is hardly unbiased,1
Easter is movable Transgender day of visibility is March every year ONE YEAR they landed on the same day ONCE And you people freak out because a higher up maga told you to Why arent any of you capable of thinking for yourselves Seriously why,2
In when Donald J Trump was in charge of the federal government he used its power to interfere in the election to harm Biden,2
BREAKING Donald Trump rides in a MAGA Garbage Truck in Wisconsin O via,1
Has Kamala Harris ever truly genuinely laughed once during this election season or are all the laughs fake,2
Harris I will fight to restore what Donald Trump and his handpicked Supreme Court justices took away from the women of America,1
Flailing policies around for votes GOP SUCKS at governing and economics,2
Time amp time again MAGAConservatives choose to sabotage proposals amp fixes to some of the most problematic issues we face either by blocking the legislation as with the bipartisan border security bill by intimidatingdiscouraging or outing any GOP member trying to work,2
There you go Joe Biden,1
CNNs has a panel of pollsters on one is a serious pollster unaffiliated with any campaign and the other is a political guy who works for Kamala Harris This isnt journalism Why didnt Erin have a Trump pollster vs a Harris pollster,1
Poll Donald Trump Leading Kamala Harris by Three Points Nationally Former President Donald Trump is leading Vice President Kamala Harris by three points nationally according to a recent poll The post Poll Donald Trump Leading,1
As Kamala Harris is set to speak on Jan Trump vet Steve Bannon leaves prison,1
Thank you for all that you are doing for those effected by the hurricanes You and Donald Trump are my heroes,1
Now that Bidens army of IRS agents are weaponized,2
This is why I voted for Trump You have blood on your hands if you voted for Biden or Kamala Im sick to my stomach,2
Notice you said almost reaching for something Reality is Biden falls daily,1
Joe Biden is trash Thats why the party staged a coup against him and then forced Kamala Harris on the voters The Democrat Party hates dEmOcRaCy,2
Also I know the people Kamala would be appointeing are essentially the same people that were around Biden She already hired his chief economic advisor The last years were not good I dont want more of it I want the MAGA agenda even if only some of it can be accomplished,1
The outrageous behavior unpredictably shocking and tremendously terribleof the former US President Donald Trump proved inimically deleterious and prejudicial to the sense of belonging in the framework of American society,2
But Biden didnt say that He was talking about Tony Hinchcliff Or are you telling me the White House is lying,2
He called anyone with Kamala scum and garbage in his rally in Mosinee Wisconsin and everyone ignored it but oh dear Persecute Biden Double standard much,2
Watch Now Speakers on now Closing Argument Speech from Vice President Kamala Harris On YouTube via,1
Biden and Harris were no where to be found when Hurricane Helene came barreling into Georgia South and North Carolina Local residents took it upon themselves to rescue fellow citizens,2
I personally am okay with anything we need to do to get these filthy low life animals out of America While we are at it lets add the entire Biden administration and the Biden family to the bucket of shit,0
Meet the men of MAGA Cult Weirdos,2
Lara Trump became cochair of the RNC in March which is when the work became serious Meanwhile I expect the DOJ to lose this one I question how Garland a potential Supreme Court justice would allow this to besmirch his reputation Clearly McConnell was right to delay,1
Biden cannot be trusted to keep his mouth shit Good for Bibi,2
Kamala harris a walking billboard abortion,2
This is Bidens greatest accomplishment as President,1
IMHO if Donald Trump wins hes going to pardon himself for his numerous crimes then start the process of destroying the country Once that gets underway hell resign saying its for health reasons,2
CNN for Kamala Harris to win she will have to make history No Democrat VP has succeeded the incumbent president when that POTUSs approval rating is way under water Only percent of voters approve of Bidens performance today Rasmussen reports,1
Kamala Harris Under Fire for Accepting Campaign Cash from Chinese Auto Exec with Ties to Chinese Communist Party,1
Does Lying Kamala ever talk policy or just Trump derangement syndrome The only thing she is right about is to turn the page away from the democrats Trump,2
Orders of magnitude essentially and dark maga,1
Do Donald Trump have friends I wouldnt be able to have a convo with him and that voice I would either laugh or be annoyed the whole time Bye,2
Bro really thought he was making a good argument with this This is why the majority of Americans cant take maga seriously,2
This is categorically false Look at who the rich actually support Its not Donald Trump Simply look at who funds the campaigns Democrats are the party of the oligarchy Do your own research Trump is referring to handling left wing riots on Election Day with the national,2
Yall do know this is sounds stupid as hell in the real world Yall know women like sex too Donald Trump isnt Bill Gates Women threw themselves at him Just think a little use common sense,0
Thats great news but we NEED to keep going until Election Day GO TO THE POLLS TAKE YOUR FRIENDS AND FAMILY AND VOTE FOR DONALD TRUMP days left Were almost there Together we can send back to the White House and MAKE AMERICA GREAT AGAIN,1
Final prediction Kamala Harris will be president of the United States,1
thanos last speech in Endgames is literally kamala harris what can be unburdened by what has been,1
We need Donald Trump more than ever today to clean up the dems mess,1
KAMALA HARRIS Is A FAILURE A fact VP HARRIS approves this message,2
Others have put it well she is truly an empty vessel into which the Dem machine will pour its priorities The nation will be run by committee Biden was much the same way I have liberal friends and they understand this and theyre okay with it Who they put in the Oval,2
Who thinks Kamala Harris will be an awesome president,1
And now everyone might be able to understand why Trump said NO Dishonest mediahe remembers Leslie Stahl and the Hunter Biden laptop debacle He walked out on her,2
Heres my closing argument I already voted For Donald J Trump Again,1
Show the economic record of both presidents to prove your point Which admin accumulated more debt because it sure af wasnt Biden,1
call us when he gets as bad as Biden was while you ignored it,2
No that would be the Demofascists For example I know when Biden is lying by simply seeing his lips move,2
Congress appropriate the fist essential funds for Ukraine and refused to release it unless they cooked up false info on Biden Biden released that approved aid and saved Ukraine Kept doing it despite Trump Russia support,1
PROUD POTUS TRUMP MAGA GARBAGE Think Ill be a hefty bag for halloween,1
Biden is PRESIDENT I know we tend to forget that since hes not around much,1
Nope Jon Testers siding with Biden on terrible policies that effect American citizens will Policies like illegal immigration Inflation Covid lockdowns and ukraine,2
Read Donald Trump Slammed for Not Blending His Makeup in Shocking New Photo Hes Slapping on Pumpkin Puree on SmartNews,1
Would you look at the disgusting hypocrite This little puke cried like a little bitch when a comedian made a joke about Puerto Rico But defends Biden calling Americans garbage What a piece of shit this guy is,2
Not that it isnt true but this is a questionnaire It could be conservative women just dont talk about their feelings and have the same problems,1
Or Maybe MAGA embraces all races faiths classes education levels Which is true The Democrat party is now the party of out of touch elitists MAGA embraces the elite too but only those with common sense,1
FL GOP lead up to k in total mail and early as of this morning Trump should win by double digits easily Scott should win by points with no issues,1
That can be celebrated next Tuesday on Election Day The day that your and the evil democrats can go home Good Trump Evil BidenHarris,0
Donald Trump is about to lose to a black woman,1
Does Kamala Harris Back Free Health Care for Illegal Immigrants,1
Trump claims Kamala Harris is guaranteed to get US into World War III,2
This is worded like a Donald Trump tweet,1
Derrick supports a traitor Donald Trump,2
Im tell friends to do it One American Mexican American soldier do already for kamala Harris,1
Did Kamala Harris use taxpayer money to pay for prisoner sex changePlease fact check,1
Everyone Who sees This Post has to Vote for the Third Party Candidate,1
Trump election odds near as Polymarket whale bets another M Polymarket whales are betting tens of millions of dollars on a Trump victory on Nov which could be more accurate than traditional polls according to Elon Musk,1
The only one taking away our democracy has been Joe Biden and the policies of the Biden Harris administration and the people who control it These oligarchs work from behind closed doors and make it obvious that we dont have a choice Not one person got to vote for Kamala,2
hope Trump lose,1
youre the biggest danger dude especially now that youre a Maga moron death cult boot licker resign,0
I think the Biden Administration will have an appropriate response to any bullshit this time,2
Hurricane Milton Downed power lines creating dangerous conditions Stay inside President Biden,1
Watch How Media Tried to Downplay the Biden Garbage Comments as GOP P,1
Warning If Trumps elected president he will immediately implement his Project agenda which clearly is a blueprint to destroy Americas democracy and constitution and will take away the rights and freedoms of Americans We must stop Trump by voting for Kamala Harris,2
Maga Is heating up Trending daily community is fire,1
What the hell How come Biden cant stop biting babies Hes always smelling childrens hair amp touching them pedophile Satanism is real Where are the k children,0
And nothing about Biden lol,1
When the guy sits next to you on the train listening to a Donald Trump podcast,1
Says the guy who supported Biden and now Harris,1
Says the brainwashed MAGA Trumper who supports presidential candidate Donald Trump who was once best friends with child rapist and sex trafficker of underage kids Jeffrey Epstein The same senile racist bigot who flew around in child rapist Epsteins private jet Your guy,0
Kamala Harris has caused so much pain and suffering to women by having biological men play and take over their sports and locker rooms and her open borders,0
What happened to Biden,1
HarrisBiden Admin Turned FEMA Into a DEI Experiment and Hurricane Victims Are Suffering for It,2
"Donald Trump insulted Puerto Ricans, Mexicans, Latinos. he called him criminals and rapist, and they are poison, our blood. vote for him in record number.",0
Its not a claim bot trump is actually showing signs of dementia inherited from his father Biden has never donesaid any of the things trump has been doing for years If you truly cared about trump youd be concerned and not denying it,2
Kamala Harris is coming with empty words It is Kamala and her fellows in the democratic Party who have made division and hate among the American people,2
Trump is making fun of Harris amp Biden,1
Oh look a DNC propaganda account botting likes and still failing to get a ratio Nice try,2
LMAO million people watched that podcast Last night was a Nazi rally in You wish there wasnt momentum Trump is annihilating Kamala,2
You are such a little FOOL Men are voting for Kamala Harris MEN FOR HARRISWALZ Because they all have mothers aunts wives girlfriends nieces daughters andor granddaughters These are REAL MEN They dont need effeminate labels like alpha Idiot,2
This woman is killing it Kamala Harris for the people and our next President we can enjoy a beer with,1
Well see and I know its stereotyping but the only Volvo people I know are liberals Oh and MAGA being for free speech A smaller governmentantigovt support Jews amp against socialism abortion and war dont align with NAZI principles but guess who does projecting,0
Former California Governor Schwarzenegger endorses Kamala Harris for POTUS,1
Stop using caps when he made taxes lower FOR BidenHarris while they were in office The HarrisWalz plan is to terminate the tax breaks from Trumps Tax Act I ask you Mr CheeseandCoke in what world does this FACTUAL TAX INFORMATION make Trump the bad guy,2
Its hard to have political conversations right nowIts getting so intense and it shouldnt be like that Barak Obama The only garbage I see floating out there is his Trump supporters Joe Biden,1
I worked one job under the Trump administration and I became a homeowner under the Trump administration I wouldnt have ever owned a house under Harris amp Biden,2
how much ya wanna bet shes voting for kamala harris,1
Biden makes calls to Democratic leaders to discuss pivotal races,1
CLINTON LAWYER Is Democrat amp Is Agent The Low To Du The Duty Bay Constitution iS OK For Biden Son COCAINE UKRAINE MILLIONS CINA Millions amp BIden JIO extortion Bribery The Parasite Retarder Chill Molester Is On DAUGHTER Democrat Ok Women Yers Com Out Later Suing,0
I think manure farm is triggering MAGA,2
Kamala Harriss admin controls the Capitol Why would she ask her supporters to march peacefully and patriotically to the Capitol and let their voices be heard And where is FanFan,1
Donald Trump has a wooden leg,2
all time troll move Trumps the goat Trump,1
Wheres the media on this Can you imagine d if this was Biden,1
It couldnt be any more evident than Biden jokingly wearing a Trump hat or the complete backhand he gave Kamala the other day referring to Ron DeSantis response to Milton as gracious,2
Remember February of when Biden told Putin it was ok to invade Ukraine What an endorsement,2
OMG Would you hand your child over to Biden I think not,2
This shit is wild MAGA buffoonery,2
Biden is an enemy of all waste management workers His comments were so shocking I broke my television in a fit of rage this morning Its time to turn the page,2
Sadly this is totally on brand for Trumps Republican Party Wake up Harriswalz,2
Thats funny how come you didnt call out Tim Walz for the George Lopez comment at his rally last Saturday You know George Lopez called Latino thieves How come you didnt call out Joe Biden for calling half of American Citizens Garbage Guess,2
Biden is clearly ill with some form of dementiaAlzheimers his staff must have a touch of the disability also,2
The law is on the GOP side And GOP has no backbone to prosecute anyone of those criminals,2
Kamala Harris didnt say a thing Trump called America garbage several times Watch the documentary SEPARATED Trump is evil,2
Donald Trump has taken a lead in the latest national vote tally Trump Harris America is so back,1
Its all true and you are a rotten pig for supporting Donald Trump,0
There will never be a two state solution obviously Israel has to go The world needs to isolate boycott and destroy that inbred pedophile infested fake country that hasnt even existed as long as Joe Biden,0
have a blessed day Joe Biden,1
Obviously Obama is in control of Biden and has been the entire time whether Biden knew it or not,2
Father Millions of media houses making hell of a life because you existedand it was still you that made kamala Harris populareat your food in peace those that tried to rewrite what God has writen will not prosper Hw was USA after they stole last elec,1
Another example of total incompetence in the democratic party,2
My DJT dunked on Joe Biden and Kamala Harris Whos garbage now,2
Whats worse is wages didnt keep up w inflation so Ben Chu is pushing propaganda when speaking of how Kamala Harris isnt getting a GDP bounce Inflation is massively up so of course the Dems will get punished NYSE companies getting richer isnt useful,1
She wasnt VP for all Americans BidenHarris was the most divisive administration in history,2
Treated like a garbage can by BidenHarris yes,2
What will Kamala Harris do to stem the tide of illegals flooding the NA servers and telling our innocent American Patriots that their mothers went sky,0
Democrats who inspire MAGAs,1
How braindead is this one The majority of the country says America is on the wrong track Biden is driving the train and this dingbat says Kamala should run on what Biden has done Shes even saying it adamantly With friends like Politics Girl Kamala doesnt need enemies,2
Cat Kamala Sweatshirt Kamala Harris Hoodie Cat Ladies Kamala Long Sleeve Vote for Kamala Shirt Election Day Gift Madam President Harris Walz Official,1
Kamala Harris makes closing arguments for campaign in speech at Ellipse in Washington DC,1
This is the Kamala Harris wants A woke agency that spends its money on illegal immigrants,2
Biden Team is working behind the scenes to trip her up She upset the wrong Biden Lol,2
If they say it then is HAS to be true Just like when Biden denied sexyally assaulting Tar Reade,2
In the future when people with intelligence look back at these times the question will be asked why would anyone with a half of brain vote for Donald Trump A documented racist liar and wanna be dictator Can anyone here answer that question,2
Both Trump and Biden sent out checks to help American citizens deal with the coronavirus pandemic so both Trump and Biden were responsible for high inflation caused by the aftermath of the coronavirus pandemic,2
The majority of people in my local GOP doing the work are women just a few of us men,1
OMG Donald Trump is really doing his entire Rally Speech at Green Bay Wisconsin in his Garbage Truck Vest,1
I know that rank and file Democrats that have not joined the Gender Cult do care The problem is that not one major Democrat can or at least will define a woman as an Adult human female and from Biden down the party elite are all aboard the Trans Train to hell whole agenda,0
I love this so much Trump baby Kamala is a failed inept sad mama lama,0
Love Mr President Donald J Trump,1
Democrats will force conservative centrist Democrats down your throat and complain when you say you just want someone who isnt a conservative is of Europe,2
Its true that if Trump wins the dems wont stop him from taking office Just as the Rs had no chance of preventing the certification of Bidens win on J However both Trump and Speaker Johnson say they have a secret plan involving Congress that insures his win,1
They say pregnancy makes you glow Trump,2
Where are you getting your numbers from because Biden was over in just PA in,1
Peter Thiel owns of Polymarket but theres dozens of other online and inperson betting markets taking wagers on the US elections and they all give about the same odds If you think theyre wrong then go take their money,1
and just like clockwork it was only a matter of time before they started blaming Kamala JFC How STUPID do you have to be to believe this sh its rhetorical because if you are MAGA you ARE stupid This Lescoe actually deleted his Tweet But the internet is forever,2
WE DON'T WANT COMMUNISM!!! YOU DEMONRATS ARE MAD BECAUSE NO ONE BUYS INTO THE LIES AND MANIPULATION ANYMORE! THE ONLY FASCISTS ARE YOU AND YOUR EVIL PARTY! Election2024 Trump2024 Trump,0
Over here in Australia theyre carrying on about Joe Biden appears to be biting a childs leg kid was dressed as a turkey and saying this is a distraction from the garbage comment he made Were getting videos over here of cheating going on from the Dems,1
That is what happens when you steal the election and destroy our nationand when you steal the Democrat candidate from Joe Biden You will lose I pray she looses,2
So you think its ok to call the population trash not say hey Im sorry Trump waited day never has a president went so low hes not running so now you bare responsible Democrat voters are just as bad as Biden Actually worse he has mental issues garbage truck,0
We deserve some fun I havent been anywhere or done anything fun since Biden took office and killed the economy,2
A Harris presidency is nothing more than a clone of the Biden Harris administration that assailed the American It started the banning oil and gas ban the Afghanistan debacle inflation high energy prices open borders and it well poor leadership,2
President nominates scotus the senate confirms the nomination Vp Harris was a senator when Donald Trump nominees were confirmed She lacked the clout and leadership skills to sway just a few votes,2
Donald Trump is afraid of strong intelligent amoebas which of course are smarter than him,2
Oh that and JOE BIDEN isnt running for president,1
Police union chief calls on Biden Harris to step up amid violence against law enforcement,1
Only Trump could turn Bidens garbage comment into gold leveraging Bidens insult toward his supporters,1
If you say Fuck Joe Biden and Joe Biden calls you garbage which is worse To me I think the insult with the curse word is worse,2
and put a target on him said biden,2
Donald Trump knows the working man he is for the working man,1
You were great Mrs Trump You will bring class and dignity back to the White House Thank you,1
Instead of acknowledging and encouraging his inspiring genius ideas and superhuman achievements the Biden administration is fighting him and using its bureaucrats from different departments to hinder his progress,2
Donald Trump is fun Ive been a student of his since The Apprentice and I have always just wanted to fire people left right and centre since then,1
Your obsession with singling out Kemi is very weird Is it a racial thing The entire Tory Party is NOT CONSERVATIVE None of them are conservative whether we are talking of Zionist Regime shill Robert Jenrick or UkroNazi shill Boris Johnson,2
Whos reality The one the Media has you believe that our economy is fantastic the border is secure its a great idea to send billions to other countries when Americans are suffering Biden was sharp as a tack until he wasnt,2
Vice President Kamala Harris on Tuesday proposed broadening Medicare benefits to cover home health care for the first time as she seeks to appeal to Americans caring for both children and aging parents,1
First Joe Biden now you,1
Harris or Trump wins Theres no avoiding that Reality doesnt give a fuck about your feelings doing nothing while Trump a literal domestic fascist is on the verge of consolidating power is laughably bad tactics I dont think its smart for us to cede power to the GOP,2
Biden literally encouraged the invasion of Lebanon,2
Kamala Harris leads Donald Trump in Morning Consults latest presidential election poll,1
I dont believe that is possible She has to keep all the Biden states,1
Nah Trump said America was garbage thats worse whereas Biden only meant the MAGAs,2
blue maga cult working overtime lol,2
Obama had to find someone dumber than he was so he picked Joe Biden as his Vice IdiotBiden had to pick a vice idiot dumber than him and had a extremely hard time finding someone dumber than him but he picked what does that say about Waltz,2
Some say that Obama has been in power all along just using Biden as a cutout He dropped the big hint during a videod meeting in the White House when he jokingly referred to Biden as the Vice President He said he would be happy pulling the strings behind the scenes th term,1
You know Biden isnt running right Just checking,1
How does Mark Cuban know what intelligent women are when he is following wearing the dumbest stupidest laziest woman in the whole country Kamala Harris lying supid Kamala how DOES MARK CUBIN EVEN KNOW WHAT A woman is because the satanic democrats do not know,0
Donald Trump and Elon Musk You are My people,1
Kamala Harris dodges Colberts question on what major changes shed bring versus Biden presidency,1
The only politician lying about working at McDonalds is Donald Trump,2
It will never happen Harris promise Biden she will keep his no fiering policy,1
Donald Trump is a lady killer... democrats Lady killer....more precisely.,0
Kamala Harris is running to help Americans Trump is just running from the law,2
Chester Dems GOP NPA Lancaster Dems GOP NPA Berks Dems GOP NPA Its likely Democrats will reach their goal for the revised firewall of votes by Election Day,1
Political nonsense folks This delays rescue efforts Another Biden Harris blunder They just dont care about American citizens only illegal migrants so they can get their vote,2
You are Gay The conservative movement is anti Gay Being gay is a sin God is king,0
What does it matter now Biden is not even running for president Remember they kicked him out and installed Kamala Harris You gotta do a better job of keeping up The election is less than a week away,1
Dude the morning consult is a really bad pollster last election they said that Biden would win Michigan by points and they lean very far left,1
Too many presidents blunders by highprofile surrogates take toll on Kamala Harris,2
This is an argument about climate change but ok I havent heard about that I have heard about the multiple rape allegations against Donald Trump and that he was ok the Epstein list,2
If Joe Biden isnt to old and incompetent to be president then no one else is either I stand behind my statements,2
I mean lets make it even simpler The far right Israeli government wants Donald Trump I would like the deny them their preference,1
Heres Albanese impersonating Kamala Harris with a word salad,2
yes it was amusing I cant stand shes such a phony just like the Cheneys Bushes and Bidens,2
This is good news This next week is going to feel extra long Kamala Harris Surrenders in NC Withdraws Nearly M Ad Spend via,1
My question for are you under a spell If you have brain please use your brain Barack Hussein Obama mother is white amp his father is black from Kenya Kamala Harris mother is an Indian woman Her father is a black Jamaican YOU ARE BEING FOOLED and USED,2
Breaking Donald Trump showing advance stage of Dementia,2
I too have been to a Trump rally Have to say theyre pretty entertaining Do you enjoy Kamalas performance beyond imagining the banishment of Donald Trump,1
There was a Republican Primary Remember Now of those contenders are on the MAGA MAHA TEAM There was a Democrat Primary and Biden Won They scoot him out of the Way and installed Harris They trough Million Voters choice in the Trash The Destruction of America,2
Elon Musk and Donald Trump and Robert Kennedy will bring a good future,1
In the final days of the election cycle the Harris campaign and Democrats continued to portray President Trump as a fascist and Hitlerthe Democrats rhetoric led to the two assassination attempts against President Trump Now Biden is calling the Trump supporters garbage,2
Well I hope when push comes to shove and the military is told to take lethal action against Americans they do not comply Yes the Biden Administration apparently approved this recently Whatever happens Im not bending the knee,2
Harris and her advisors have clearly chosen the vote for me Im not Trump campaign There is no policy mandate too vague on what Harris is for Harris deliverables Not Trump Dont lose as many Congressional seats as Biden was set to,1
He lost the popular vote both times and he even lost to Biden from his basement,2
This is huge Correct Biden had a much larger lead among Hispanics Harris isnt looking good,1
Hell they were strategizing how to replace her on the Biden ticket Then POOF the party of joy,2
This was the find of the century by CBS News exposed once and for all as corrupt and in the pocket of the DNC So big,2
Agreed Donald Trump only cares about himself and his rich buddies billionaires,1
Treason against the American peopleRise up we are MAGA we will not tolerate this,2
More lawlessness in the Bidenharris administration,2
Biden has handed the presidency to Trump,1
I voted for Biden and would have voted for Trump had they not suppressed the story,1
Imagine if Trump SAID that about Biden,1
Trump Kennedy Shirt Make America Healthy Again Tshirt Republican Shirt Donald Trump RFK JR Unity Multiple Colors Official Trump Kennedy,1
I love how you hypocrites seize on Joe Bidens alleged insult on Trump supporters as garbage while you ignore a Trump supporter at his MSG rally CLEARING stating that an entire island is garbage ergo the population are living in garbage Youre not just garbage but scum,0
What a dope How can you say you are a conservative and support progressive socialist You are a living breathing hypocrite,2
Vote Trump Close the border Mass deportations now Americans first every time A A Just say no to Cumswalla HarrisTim AWalz,0
You made people think that she was going to PERFORM especially with this photo of her singing into a mike The result An ANGRY ANNOYED RESTLESS crowd Kamala Harris looked like a substitute teacher who had lost control of her classroom,2
MAGA Make America Go Away,2
I know old people do weird things but Joe Biden biting that baby is really strange,2
The Democratic Party is a bunch of weak willed ineffective pussies,0
How about a blood test to check the substances in her body No checks where ever announced about Biden,2
minutes Bill and to the producers The corruption youve shown and the misinformation that youve distributed with the Kamala Harris interview is criminal Kamala Harris is not qualified no matter how much you edit her blather Why dont you do a story on Doug Emhoff the woman,2
Our trollinchief Donald Trump has taken to giving press conferences in a garbage truck,2
Harris lied about Bidens infirmities Defrauded the American people Violated oath of office,2
These lying Dems Anna administration even lied about the border numbers Its worse FUQ U Biden and Harris,0
We have a conservative MPP here in Sault Ste Marie The running joke is Wheres Ross Nobody ever knows where he is,1
Calling PR garbage and Biden calling millions garbage at the end of the campaign were not on my bingo card,1
Was about to follow you because I love family guy growing up But quickly seeing how you are just another rich holloywood celebrity endorsing Kamala and putting it all out there is extremely CRINGE Us regular Americans can not afford gas or groceries We want change,2
Kamala Harris has never cared about our country,2
Kamala Harris ad at the Las Vegas Sphere,1
Joe Biden and Hunter rape girls Go to my profile and watch Ally tell you the story yourself Dont take my word go look yourself,0
Im fiscally conservative and socially liberal Thus in iM pRaCtIcAlLy hItLeR,2
I agree with him Which is why Im voting for Kamala Harris,1
Kamala Harris speech at Ellipse in DC makes closing argument via,1
So the reason they support Trump is Crystal Clear TRUMP IS NOT ONLY A RACIST HATEFUL PERSON SO ARE HIS SUPPORTERS THE OL SOUTH TRYING TO RISE AGAIN ONLY TO BE BITCH SLAPPED BACK BY KAMALA HARRIS WHAT WHAT BOOM,0
The HarrisBiden Administration LIES,2
For the millionth time shrinking inflation does NOT mean prices are decreasing Inflation is cumulativeprices are still increasing just at a slower rate High prices are baked in due to reckless trillions in useless govt spending by BidenHarris,2
Theres a very conscious effort from the GOP to move focus from their deregistration efforts to a whippedup fauxtrage about noncitizens voting,1
"Logically, you can't entice people to come with free food, money, housing and medical services and expect them not to come. Either the DNC is stupid, or they actually want the problem and tell you they don't. Honestly, which do you think it is?",0
What a silly silly statement If you have the leverage you need not travel Joe Rogan has far more leverage than Kamala Harris BTW JD Vance had no problem going to Rogan Its a priority for him but apparently not for Harris,1
Im really enjoying the political debate Being on the side of skeptical optimism is awesome Weve got good reasons to be very optimistic But the battle is not yet won Be sure to vote Put on your red hat Let your optimism shine Help Make Americas Golden Age MAGA,1
Tony H Theres a pile of trash in the middle of the ocean Its called Puerto Rico MAGA response You really need to learn how to take a Joke Get over it Biden The only garbage I see out there are his Trumps supporters MAGA response How dare you call us garbage,0
Harris and Biden left me behind so I early voted for Trump,1
Latam isnt particularly socially conservative nowadays ofc they are in big part catholic but that doesnt really transition into right wing conservative ideology,1
Donald Trump never lost,1
There is even a video of Joe Biden telling us Kamala is a horrible person when they ran against each other,2
Iran has always named the US as its arch nemesis And they are taking down Donald Trump first Why not Kamala you ask Because Kamala is no threat Trump is a bastion against Iran,1
Trump showed Chris Wallace that America had the lowest Covid deaths compared to other countries It was Trump that stopped flights from China into our country and was called all kinds of ism It was under Biden n Harris administration that covid deaths were higher,1
Watching the offense is like watching the Biden administration Its all a bad dream The play calling sucks the execution sucks more and no matter what youre opinion isnothing is going to change and its getting worse by the day,2
My eyes are open my ears hear what Donald Trump Says That is what I base my vote on,1
How to handle shittests courtesy of Donald Trump Biden says Trump voters Garbage Trumps agrees and amplifies making a joke of the original premise And the media has no choice but to cover it Adding that to the Dems failing the McDonalds shittest Trump showed how he,2
Joe Biden did not call all Trump Supporters garbage Just the comedian who called Puerto Rico garbage,1
I Think Robert Zemeckis Support Kamala Harris Need Art with kamala too Draw if you want,1
And by the same logic which billionaire has been backing Biden for the last years,1
Former Biden admin official Hays tells FoxNews that voters are listening to the joke a comedian told about Puerto Rico and NOT what Steve Schwarzman the CEO of B Blackstone Group is saying BX,1
She is not a perfect candidate but she is running against Donald Trump who is the most flawed candidate in recent history,2
Biden did say it its on tape He is at this moment the highest ranking Democrat Biden did steal the election,1
Thats just how it works you retain the title for life Obama is still president Obama and Biden will still be president Biden Your just hearing president trump more often because he is actively running for a second term,1
Agreed Biden campaigned in his basement was not popular and couldnt fill a phone booth for a rally,2
Insane Biden and Harris admins is funding terrorism in the US,2
Watching Kamala Harriss speech right nowshed be better off avoiding the topic of Trump and January in her opening Most Americans arent as focused on this issue their top concern is the economy,1
LIVE Kamala Harris Makes Closing Arguments for her campaign in speech at Ellipse in Washington,1
Bigger question why havent you done your job and impeach BidenHarris,2
She been hiding Bidens incompetence Shes a massive national security risk,2
Maybe its just me But I think its pretty interesting how Donald Trump chose that shade of red and white lettering for his hats Its almost as if hes trying to pay homage to someone Pretty weird coincidence,1
Hey why are you importing Grape culture to Canada Is it happening so you can say Canadas being super humanitarian or some BS like that If it is then as Liberal supporting Canadians would say keep up the good work If not then as Conservative Canadians,2
Netanyahu bars war chief from traveling to US demands call with Biden first va,1
Im illegaly voting for Kamala Harris I Will be brought on one of the democrat sponsored ships setting sail from cape town,1
Fuck Trump Fuck MAGA America will NEVER BOW to a Fascist nor shall it have a King HarrisWalz,2
That was a window that was broken by a person that was likely a fed When confronted by a protester the fed pushed him There were instigators that werent maga The whole idea of J was to cover for a stolen election and vilify those who complained about it That level of evil,2
Even Joe Biden is voting for Trump Come on man,1
Not at all Biden represents the majority of corrupt politicians on both sides in this country The list is long Joe is somewhere in the middle,2
This might as well be a campaign commercial for Kamala Harris lol,1
Kamala Harris is delivering her closing speech at the DC National Mall directly where the KKK rallied in That makes her KKK and racist right,2
Listen Kellerthe Democratic Party originally started the KKK after losing their fight to keep slavery and even today they keep minorities trapped in a cycle of dependency Everything they get involved in turns to chaos How much did you charge Biden you hypocrite,2
Everyone vote Trump Eyes are being opened now lets take our damn country back,1
A tricky and trending song just for you and voting for Kamala Harris having better future in our country and having good president for all Happy trick Halloween treading A DAY OF DEATH and dancing all togetherness like happy family in this world,1
Why would Putin want Trump to win when Biden lifted all sanctions on him and let him invade Ukraine,1
Well that fell way flatter than a garbage joke at a MAGA rally,2
No one no matter how incompetent or traitorous gets fired in the Biden Administration,2
Young what do U feel when U r used by MAGA supporters who r always into punishing California U havent done anything to bring back PERSONAL EXEMPTION amp SALT tax deductions which were eliminated to punish homeowners in California Project is even worse,2
Kamala and Biden did a fantastic job with the economy my K has doubled and Im making more money,1
Puerto Ricans where you are housed Dont fall for the oka dole Dont get played by the GOP they dont respect you care about you GOP just wants your voice,2
Or the ones found in Bidens garage,1
Kamala Harris claimed she worked at McDonalds which Trump said was a lie He then worked the drive through shift just so he could say he worked more minutes of fast food than her This is the most comical presidential campaign ever Imao,1
I have been to a Trump rally never happened,1
Yup just as Im VERY conservative and right wing I still like and a fan of his even though he supports Kamala Harris,1
This really shows how racist and hateful the Maga Republicans are,2
Does anyone have the Biden original clip in its entirety Ive not seen it,1
city fans are the maga qanon of the premier league,2
When trump was president he denied signing a bill to secure the border now hes blaming BidenHarris for the chaos at the border he knew he was not going to be reelectedjan TRUMP was found guilty for insulting,2
"AFTER he gets done posing in his costume, they all going home to fukc each other in the ass.",0
Is Melanie talking about lying to get her citizenship or is she talking about being a porn star putting up with Donald Trump being the worst designer in the White House and ruining the Kennedy Rosegarden what is she talking about,2
No you are not you will be in the unemployment line were voting TRUMP,2
When she was shapeshifting to be even more extreme in her primary this was her Denying that Biden was legitimately elected and accusing a very right leaning opponent in her primary of being a moderate,2
Anyone get an answer Not even close to any intelligent answer We know you are not Biden or Trump,2
Hopefully she is telling the truth and they prove this at the polls by voting for Kamala Harris,1
You elected the BidenHarris ticket did you Followed LYING to such an extent that the word gaslighting came about to describe that administrations shameless deviations from the truth,2
Puerto Rico has a valid trash crisis The joke was illtimed but not untrue to the trash situation A situation which BidenHarris has not addressed in the years they help office,1
New narrative by MSM just dropped Ignore Joe Bidens health and Kamalas stupidity and instead it is actually Trump who can fluently speak for hours every rally is mentally incompetent Sure,2
It wouldnt surprise me He and his cult supporters love to see tRaitor tRump oiled up fake muscles in costumes,2
Opinion There is no way to spin this The BidenHarris Administration has called half of America But it is even worse than that HarrisBiden have treated like garbage by dumping terrorists drug dealers gangs criminals rapists and murderers into our,0
Jeff Bezos defende que Washington Post no apoie Kamala Harris aps jornal perder mil assinaturas,1
If youre depressed now just wait until election results start rolling in I have this tweet bookmarked and we will be circling back to it for my free cup of maga tears,2
How is it that Biden can call Maga supporters Garbage and that is OK because he has a stutter Some comedian at Trumps rally makes an offcolor joke and somehow Trump is the hater of Puerto Rico Do you not see the irony Trump again had nothing to do with the joke,2
They would have guns if they where Maga my friends they would armed and or protected these dudes are fed boys,2
Its Weds October amp there are only days left until Election Day America is ready to turn the page America is ready to move forward America is ready for change America is ready to elect Kamala Harris as the th president of the United States TapRT,1
As a seer I want to share with you all my revelations about the upcoming election in the United States of America It may seem tough but I saw Donald Trump winning the election,1
And she said she wouldnt change anything about the Biden administration,1
So let me get this straightthe people who for the last four years have been yelling fck Joe Biden printed it on tshirts bumper stickers flags signs even painting it on their houses are upset that the target of their depravity called them garbage,2
Yes immediately and found out about his scam with Biden all of his assets should be confiscated and give to those families who lost their loved ones,2
Im sure American conservative types will be thrilled,1
Joe Bidens not on the ballot,1
There are polls of PA on this list of the teehee are either from rightwing pollsters or right wing sponsors or both including funded directly by the GOP Dont you believe it but get out there and knock doors et al like this is the true snapshot,1
Of course it is but what Joe Biden said that Americas are garbage is real,2
The response to the Biden WH should be very clear We must think about what is in the best interest of our citizens not you and your political issues,1
Kamala and Biden are complete liars Thats another people annually And we know all of these numbers are probably on the low side,2
Thought this was interesting angle on Bidens nondescript meeting today Is he trying to influence a judge in Cyprus And why,1
This from Billie nearly every billionaire amp all tech coordinated to silence dissenting opinion during COVID Twitter Facebook Google YouTube etc censored with BidenHarris administrationsilence Elon buys Twitter institutes Community Notes and Elon is the problem,2
Rural voters usually vote Republican anyway I doubt there are many who voted for Biden but now want Trump If they vote for Trump this time they probably voted for him in and too,1
Bidens years of failures comes to an end,2
Can you impeach a President for abandoning the job Pretty sure thats what is happening with Joe Biden right now,1
Wouldnt free airline tickets be useful right now Too bad BidenHarris gave them all to someone else,1
can I send you a dark maga Trump dog tag necklace I made It would go well with your hat Im so grateful for you,1
Dont be Biden is a treasonous bastard Dont forget that,0
Another attempt at a sternly worded letter The drama of the is more than my weak heart can take We all know that as usual for Republicans nothing will be done to correct the out of control Biden regime,2
Biden is so much better since the Dems screwed him over Hes actually hilarious,1
Yes Kamala Harris will win,1
Democrats should avoid replicating stupid MAGA behaviors,2
Another province in Canada run by a CONSERVATIVE Government that is DESTROYING our public health Smarten up people when voting,1
Kamala Harris is clearly a good decent person Given who her opponent is that alone should win her this race America we beg you do the right thing For you for America for the world,1
Check out KD MAGAs video,1
Youve dishonestly twisted Bidens words It was YOUR comic who called Puerto Rico Garbage Island What Biden said in angry response to that joke was that the only garbage to be seen was that belonging to his supporters ie their toxic hatreds that you share with them,2
Biden needs to call Modi and ask about how to take care of their own citizens in emergencies Ukraine middle East tunnel collapse train accidents wayanad landslide List is long where Modi govt showed perfect execution to save and rescue,1
He thinks we are scum and garbage Im sick of both Biden and Harris putting us last They prefer illegals and other countries We are treated like peasants,0
Dimmy Carter was a disaster Biden amp Harris are a disaster with evil intent,2
She said herself she was involved in every decision made during the biden administration and wouldnt change a thing Her words Ok now you dont have to wait anymore,1
The bill that will force a sale or ban of TikTok in the United States is now law President Joe Biden signed a package of foreign aid bills that included the Protectin Support Us,1
Really Wasnt it the Biden admin who legalized lethal force of the DOJ on Americans tho,2
This occurred shortly before BidenHarris took office They knew exactly what they were doing when they effectively removed our border vilified ICE and CBP officers and enticed million illegal aliens to walk right in and get hooked up on an AZ of free aka,0
see this is the shit i'm talking about. i didn't even care to see his reactions because i was too busy wondering what the fuck the democratic party will do but this really says it all,0
The US dollar has lost over of its value during the four years of BidenHarris That plus the enormous inflation are the causes,2
They ran RNC Charge Card denied lol,1
Yeah whilst Biden struggling to even say the word,2
Really Ted how about speaking of what Trump says Like the filth the liesfrom his team and him oh I forgot you couldnt go give him hell called your wife ugly and terrible about your dad yet you blast Biden not for long you are so disliked its your nasty ways your a loser,2
Speaking to Biden of course,1
Who do you want to take out for a swim Tony Hinchcliffe Does Biden even realize whats happening around him,1
If you are a journalist covering this election fairly you have a duty to report on Donald Trumps crippling failing health with the same aggressive determination you covered every Joe Biden sneeze DO YOUR JOB BE FAIR DONALD TRUMPS BODY AND BRAIN ARE BROKEN,2
Should someone tell her BidenHarris were in power for the last four years,1
Hes talked with Biden frequently Biden said they are in touch and Desantis is doing a good job This is on videofactDesantis said during all other hurricanes while she was VP she never called Factvideo,1
Your memory is not good like Biden remember the name George Soros who actually worked for Hitler and is a billionaire funding many Democrat causes he just bought radio station so he could flood the networks with propaganda And then you have all of the billion tech people who,2
Except he said hes unaware she ever called at allhes talked to FEMA and Biden so this is Harris playing politics to get you on her side,1
If were going to spread weather rumors lets start with how man made Hurricane Helene wiped out liberal leaning Asheville because NC is a swing state How can we be sure the GOP isnt responsible for Helene,2
Why would anyone support Ruben Gallego Hes a proven pathological liar hes accomplished nothing as a politician and hes supported every policy the Biden Admin has implemented placing our country in the position it is in and he is an allaround horrible person Help me here,2
White House Biden scramble to try to walk back sitting US president calling half of America garbage,2
CBS and Biden are both lying Trump never said FEMA is diverting disaster relief funds He said FEMA is spending money on migrants Which is an accurate statement,1
Donald Trump is the finest campaigner Ive ever seen,1
Mark Cuban a supporter of Vice President Kamala Harris is being ripped by the Trump campaign after saying the former president is never surrounded by strong intelligent women There is many strong amp intelligent women surrounding TRUMP,2
Biden Does It Again Completely Nukes Kamala Harris Attack on Ron DeSantis Yuck yuck,2
You underestimate how much conservative support Don has lost He said hed win the primary by It was We dont care about the debate We care about sending Don home,1
They are flaunting it Its a big club and you aint in it If you vote for Kamala you deserve what you get but the rest of us dont,2
Im glad hes not giving in to Biden They need to take advantage of the window they have,1
Killer Biden has surround himself from lots of ZIONISTS That way no one can attempt or even think of trying to ask him for a ceasefire well Mr Biden you havent got time much left to make amendments with your GOD and stop this butchery stop those savages killing more children,0
I think Biden is sabotaging Kamala cant blame him She was behind his takedown He sides with Gov DeSantis over Kamala today,2
Has Rosalyn Carter endorsed Kamala Harris or does she just intend to let her vote speak for her Her silence on our most important election is deafening,2
Every freaking day another MAGA child rapist pops up on my feed MAGA is truly a Cult that projects their crimes and sins on others,0
No type in The Joe Rohan experience Donald trump and it comes up,1
Do you know why North Carolina Helene or FEMA are not in the news Because disaster relief is in full swing and everyone is pleased Trump lies Trump thinks these people are stupid Are you Dont be,2
Biden Harris administration will connive to whoever offers them to win this election even to a point of breaking the law Being an outlaw is an understatement Theyre evil people No soul No conscience,2
This just confirms what we already knew Kamala is a drunk I prefer Trump who doesnt drink at all,2
That is not admiration that is mocking his ignorance You guys really just dont get it Donald Trump is still reminding Puerto Ricans that he and his team think their entire island is garbage and Donald Trump called the United States a garbage can He thinks it will help his,2
I partially agree the problem is really with people I believe this transition into blind MAGA support stems from things Theres people who hear things and if it sounds good they run with it There people who hear things and dont even bother to fact check,1
Kamala Harris credentials law degree experience as the attorney general of california the district attorney of sf as a member of the senate as the vice president of the United States as the nominee for President Your credentials Twitter sheep who attached themselves to,2
Choose your Daughters over Donald Trump,1
Kamala Harris will Lose by a,1
Thank you my friend Lets do this I ready to say Madam President Kamala Harris,1
Really because it sounds more like an opinion you have than facts nothing he said was disgusting just facts that you democrats cant stand because it dont fit the agenda Kamala failed miserably as well as Biden in Aiden the victims too busy funneling money too foreign countrie,2
Notice Kamala Harris in the video isnt presiding This video tells you everything about her I love Bebe Hes a true Statesman in times of trouble his leadership is truly needed against tyrannical regimes,1
is a Trump hater so is there any surprise by this idiotic question from her Remember she cried when President Trump defeated is another propaganda network Not a news station,2
Biden theres no comparison,1
Theres definitely a lot of truth here But I would also say two things The intelligent Reps lead the dumb who somewhat blindly follow sometimes to their detriment sometimes because theyre better off JP put it like this once if youre dumb better off a conservative,2
Does Kamala know that a president doesnt create bills Bills get handed down to the president after both senate and House pass them How does she expect to now help the middle class when shes been signing bills to the president to sign Middle class is not better under Biden,2
She doesnt mention this The kids Kamala Harris was responsible for Kids trafficked Kamala Harris was responsible for these kids,2
We dont need Trumps medical recordsplus HIPAA laws afford citizens of medical privacy which also applies to candidates for POTUS Remember MAGA asking for Bidens medical records Yeah we didnt,1
WOW THIS is who MAGA really is,1
plays video games So I voted for Kamala Harris this year,1
What is Kamala Harriss final pitch to Americas ABORTION Thats it,2
Kamala Harriss closing argument speech in DC was ironically interrupted by loud sirens moments after she started overshadowing her message With GREAT presale live lets push for that M goal and back leadership that stays focused amid the noise,1
Clearly He did Call Supporters Garbage Not the comedian Not the moment Plural SUPPORTERS garbage Back it up Flip it over Turn it around President Biden said it,1
"DonOldDumpf go media attention for his birtherism/eacist lies! Pres. Obama, H. Clinton, Pres. Biden & VP Harris are all more intelligent & truthfull than he will ever be or was!DonOldDumpf was a dumb cunt even when he was younger & CRT who should've been jailed for sex crimes!",0
Donald Trump must win this election or all is lost,1
Everyone is Because Donald Trump is spreading disinformation,2
The warmongers are all behind Kamala Harris at the time that they need a war The people who overthrow governments are backing the canididate that was installed in her position replacing the elected candidate But folks are so in their emotions they dont think about that,2
Meghan McCain is now your hope Lol you're a fool. Meghan he dad and entire clown family has been exposed as liars and frauds they are. Your desperation is setting in. By way for hundredth time Ron quit and endorsed Trump again!,0
S Episode The Stripper at the end the trans person shows up Also Matlocks investigator was black First one was more your typical hustling black guy Second investigator was an ex cop whos more conservative,1
Personally I think while Trump is a fascistfascistleaning person but hes obviously not this universally apocalyptic person hes just another republican like Bush and Reagan alongside dem presidents Hes not even as open at being a childkiller as his eternal enemy Biden,2
Kamala Harris has incarcerated more black men and Hispanic men than any other Administration in this country,2
Snce were bringing Biden into this lets set aside policy since the MRC regards accurate descriptions of GOP policies as negative and compare the coverage of Bidens ageacuity vs Trumps physical and mental collapse which is now at the shitting himself in public stage,2
The correct statement is DT lost all the jobs ObamaBiden created,2
And when you started out in your owner was a conservative,1
Biden has been dragging both legs for years now Why no attention there,2
Can you imagine the US spent million doll hairs to build an aid pier whiles telling the world Israel wasnt blocking aid Now they can only provide for the people of NC whove lost absolutely everything Biden and Harris are cooked and I dont even like Trump,2
Donald Trump bans women from speaking er I mean the Taliban ban women from hearing other womens voices The Telegraph,2
Biden and Kamala want to hide this from votersespecially Senors unitl after the election,1
Electioneering at a polling place is not legal unless youre maga I guess,1
Bidens comment which the White House later transcribed as The only garbage I see floating out there is his supporters his his demonization of Latinos is unconscionable and its unAmerican apparently shocked Trumps running mate,2
You were never president Did you dream of this I dont recall you ever being inaugurated nor do I remember that you were in the Oval Office Hmmm Are you ok sir Biden has been in office for yrs and he never mentioned it How does it feel,2
Is it possible for HuoHuo to ratio Donald Trump,1
If you dont think Kamala Harris is a demon from hell after reading this youre part of a cult,0
MAGA stacked justices and Supreme Court They rolled back environmental regulations and blocked climate adaptation It does not take long,1
Lets see JD Vancean opportunist who previously compared Trump to Hitler RFK Antivaccin and wack job conspiracy theorist Tulsi a disloyal and failed Democrat Vivek a slick fast talking hustler Elon Musk a pissed off billionaire who to get back at Biden,2
biden knew what he was doing he did it on purpose to throw a brick in her campaign and it has worked kamalla has freaked out ingram angle has nailed whats happening just now,1
Easiest way to figure out inflation Dollar tree upped their prices They were a dollar since and two years into a Biden Harris administration Bam,1
No this happened after a series of large spending bills Biden and Harris lobbied for Accumulative inflation under Trump was Under Biden its over Do I need to refresh your memory of the economists who warned Biden about his spending bills,2
Donald Trump is very worried about how much people are paying for BLTs,1
Give me a fcking break More division brought to you by the ObamaBiden Harris Clinton regime,2
presidential election Live updates from Donald Trump and Kamala Harris campaigns pollsLMAO LOOK AT THE FREAKS AND LOSERS that were thereDEFINITELY ASS CLOWNS,2
Thats how the Demonrats are planning g to cheat Vote Vote Vote Trump,2
You should ask Joe Biden,1
Kamala Harris silences critics with media blitz targeting key younger voters l think these interviews are going to help her win,1
Why TF would he be smiling and his goons laughing at the fact that millions of Americans including MAGA rely on the ACA These Republican Nazis are evil AF,2
First time something conservative happened in the NFL and people like you cant handle it,2
Lies as Jill Biden would deflectivly scream,2
I dont know what Im more excited for Trump winning or the end of election texts messages a day,1
Lifelong conservative GOP voter here Today in california I cast my room for Harris because I will never support Maga,1
MAGA republicans never help fix a problem they just COMPLAIN ABOUT IT and spread disinformation like their disgusting leader conman tRump,2
Screw your freedoms Vote for Kamala Harris Real powerful message there Brian,2
Maga is all against free speech,2
Biden had a majority in congress when it was overturned why didnt they try and codify it at that time Im gonna give you a few minutes to think about it lets see if you get it,1
Millions in told to leave as Biden makes life or death warning,1
Um you guys are talking about Kamala Harris working or not at McDonalds,1
There are still thousands of illegal crossing the border Biden is just allowing them and saying they are paroled Theyre still illegal because Biden is not a king and doesnt have the legal authority to do this You post is a lie and you are a liar,2
Everybody that is for Kamala Harris and supports her open border policy I have suggestion for you instead of making the rest of America pay to support these people via taxes why dont you host a family and sponsor their citizenship Let me know how that goes,1
Bidens was T Trumps was T,1
Americans remember joe biden said his supporters do not let the left bury it,2
Biden and the are fear and hypocrisy Youd never know theyve been in office for years when you hear their message its insane,2
Biden is a coffee lock,2
Im glad you see the truth Pray for Donald Trump to be elected the President of the United States of America,1
You are in alternative MAGA universe,1
Congress Froze Million For Foreign LGBTQ Initiatives But BidenHarris Administration Is Spending It Anyway via,1
and for the record Biden will do so deal with it,1
Fantastic PostTx for my seat dear Alfollow wonderful Patriot who works hard to inform and connect MAGA Patriots The Obamas are liars destroyers selfcentered traitors,2
Read Voters who fled communist California could win Nevada for Donald Trump Republicans say on SmartNews,1
Joe Biden Waits Behind ProTrump Supporter to Cast Early Vote in Delaware,1
Ill answer in his stead JDs position is that he believes the Censorship of the Hunter Biden laptop lost the election for Trump,1
The moment legacy media turned on Joe Biden this past summer democrats from all over were outraged that a democrat politician wasnt Jesus Republicans have noticed the bias for the last years,1
Now its back in Bidens court Correct,1
Kamala Harris discusses Israel on Late Show with Stephen Colbert via,1
She hasnt spoke to Donald Trump since June isnt the flex she thinks it is,1
JUST IN Donald Trump is winning in all the swing states as per betting markets Whats your reaction,1
We are ready for Donald Trump,1
Democrats Just watch Trump wins and you will challenge it everywhere,1
First main report on pm tonight Almost the last item on pm after the Budget and a long extended piece on the US elections Interesting,1
Kamala Harris campaign on Reddit The operation relies on a network of volunteers who systematically post and upvote content creating a distorted perception of widespread support while potentially breaking platform rules,1
I love this Donald Trump has the momentum on his side,1
Are the established Labour Conservative and Liberal Democrat parties ideologically one large uniparty or are there discernable political differences Vote amp RT,1
REMINDER Donald Trumps rally at Madison Square Garden was marked by racist barbs amid other demeaning insults It also featured the song Dixie the unofficial national anthem of the Confederate States of America,2
Pentagon says small number of North Korean troops in Russias Kursk region Biden concerned,1
The world is watching us We cannot get this wrong VOTE BLUE ALL THE WAY KAMALA HARRIS FOR PRESIDENT,1
So here is where we are at with the GOPRing WingMaga buttholes The federal government is doing nothing to help the victims of Hurricane Helene And in the next sentence The federal government is controlling these hurricanes,2
Hamilton Parody The Election of Can we get back to competent policy Please Yo Every action has its equal opposite reaction Joe Biden shat his pants visiting the Pope no one likes the the guy Hunters a crackhead Poor Mike Pence he is missing in action So now DNC put,2
Biden showering with his Daughter Check out users video,2
Bit still no plan to fix our broken country Vote Trump,1
Ive heard nothing about vance there was a comedian at the nyc rally that thought calling puerto rico a floating pile of garbage was funny no one laughed media got hold of it and biden somehow ended up saying the only garbage he saw were trumps supporters,2
No the difference is the joke was about an entire ethnicity many of whom were Trump supporters Biden made a comment about people who would never vote for him anyways If Trump can call them lunatic left Biden can call Trump supporters garbage,2
So the woman who says Briben Joe Biden was sharp as a tack and fit as a fiddle Except when she wanted to be the nominee then he was mentally unfit to run again As soon as he dropped out he was fine again to run the country just not be the nominee Make it make sense And,2
Joe Biden administration and the European union whenever Isreal commit a war Evil mtf,2
That has never changed with Biden Does he sound a bit more coherent since invading Kamalas space and speaking on his and her behalf,2
Sure Jan Just like Jill Biden comparing Latinos to Breakfaat Tacos And George Lopez implying Mexicans steal,2
The punch line comes at the end in what Trump actually said Kamala Harris is shameless in her lies,2
Reported and blocked MAGA bots,2
Really Trump took the aid appropriated for Ukraine and illegally froze it It was Biden Who got Ukraine the aid that help Ukraine drive Russia out of Kyiv area and withdraw Without Biden Ukraine would be Russia,2
And Elons black maga hat was silver writing And trumps gold Navy and gold trump wore isnt that military colors,1
Vice President Kamala Harris to give closing argument speech at the Ellipse in Washington DC offering a different path than former President Donald Trump,1
I worked in conservative media with Tucker Carlson for five wonderful years I can assure you that theocratic end times fundamentalist Christian libertarianism has not been most of the Republican Party for decades You cannot defeat an entity you do not understand,1
NBA superstar LeBron James endorsed Kamala Harris for president posting on Instagram that the choice is clear in the election,1
To be clear Im not suggesting that youre inciting violence or anything Its a tweet I just give the maga side the same sort of leeway,1
Look at the suppression of the Hunter Biden stories and Joe Bidens complicity in Chinese business dealings That was covering for sure and it was universal in the US before the election,1
Democrat party allow usa enemy cauntrys Erupe has ACCESS to usa haigh teknologi indistry in all aria mure then years Obama and biden Kerry Nancy policy and you this is are enguah we usa people Demand Democrat party will be END thank you,2
Didnt Putin already say he would prefer Biden to win,1
The USPS union went to Kamala Harris WTF do you think is going to happen with mail in ballots,2
Nonsense You are roaming looking for an argument without regard for our judicial system Trump never threatened Biden,1
No Biden dropped out of the race,1
Did anyone try vote scolding? It's something I just invented. Someone should tell the DNC to try that next time. Just yell at the people whose votes you want and need to win and call them selfish childish assholes if they don't vote for you. That'll definitely work next time.,0
This is so laughable mainly because Trump isnt running against Biden But sure keep focusing on Biden Trump Its all going according to plan,1
When will you be sanctioning the genocidal maniacs of Israel Our Complicity in war crimes is detestable I am ashamed of my country Sickened Biden has destroyed his legacy Baby Bombing Biden His actions suggest he is guilty of complicity in genocide And you helped,0
So what this article says is that under Trump more people were trying to sneak in And that under Biden checks notes Because of the relaxing of asylum claims theyre just let in and no longer count a sneaking in And you think this is a W,1
I am MAGA and dont believe Harris will do any of what you say Can you find a video where Trump says those things,1
God Bless MAGA,1
THE ECONOMIC CONSEQUENCES OF A MIDDLE EAST WAR will make the FINANCIAL CRISIS OF LOOK LIKE A Birthday Party And Biden Blinken Starmer Scholz and Netanyahu will be to blame,2
Kamala Harris has tried to take more rights from us in the last four years than Donald Trump did in his first four years,2
I disagree with you Trump has a very intelligent Wife He raised very intelligent successful children Kamala Harris has no positive plans for the future of the United States You must realize that she cant even discuss her own plans for what she would do as president,2
So you think Trump is taking a page from the BidenHarris playbook,1
Yes This is Kamala Harriss Platform her policy,1
BidenHarrisnomicsSpirit to Furlough More Than Pilots as Losses Mount,1
Biden talking points for the Union Leaders,1
Hey Mary would you like to comment on this BREAKING Kamala Harris to deliver her closing speech at the DC National Mall directly where the KKK rallied in,1
Poll Trump Leading Kamala Harris in Pennsylvania by Two Points,1
He didnt say Puerto Rico was trash He said it was a floating pile of trash which it is Im Puerto Rican and am pissed that the PR gov is corrupt and BidenKamala have been useless,2
Divided No More Live Vice President Kamala Harris Campaign Speech in Washington DC,1
Im and there are only three times that I know of that who won wasnt called on the same night DeweyTruman NixonKennedy BushGore and TrumpBiden Correct me if Im wrong There were no computers involved with amp probably very few in We,1
This I believe is one of the reasons we werent successful in When Biden asked in early at that press conference What are Republicans for GOP largely failed to articulate He had a point We believed if we just hated Biden that would carry us to victory,1
Really After Biden and his garbage slipofthetongue What is wrong with this people Kamala doesnt need these kind of friends,2
White people are the only race that vote majority conservative,0
The press core should be reduced to a few MAGA creators like Catturd who only post to X Truth Social and Rumble Forget legacy media,1
I like that this keeps Bidens garbage comment in the news cycle at least,1
I respect Bob Costas but this is ignorant and has undertones of racism and sexism Based on creditials Kamala is easily the nd or rd most prepared presidential candidate in the history of the US Daddy Bush Biden Kamala,1
Trump really wishes He was running against Biden,1
may Donald Trump finish nd as well,1
Thepause Watch the videos and please read Joe Rambos post,1
Harris is more centrist than Biden and Biden would hardly qualify as leftist here in Europe I will judge Trump by his words and actions and so far his words echo some from the past I hope the actions do not The Holocaust was one of it not the most heinous crimes in human,1
He fears losing his gains destroying the USA during the Biden admin Hillary was supposed to have years to finish the job They stole and he has been cloward amp Pivening us for the last years If Cumella doesnt get installed he failsagain,2
Facts are facts amp The Truth is The Truth The BidenHarris Administration has made life tough hard working people The spending power of Joe Public has been drastically reduced in the past years because of the failed disastrous policies of The Biden Harris Administration,2
You may not lime Kamala Harris but at least she doesnt have a playbook to strip our rights away and make America a dictatorship,1
Donald Trump Compared to Hitler After Vowing to Invoke s Law Used to Justify Japanese Internment Camps,1
Her personality is inconsequential every democrat is interchangeable Theres no policy that is unique to a member of the DNC its all party agenda Shes not the face of the party because shes a good person she is the candidate because of time and finance law restrictions,2
That wasnt an earthquake That was Kamala voters running to the polls to vote and give her a blowout victory Cope Maga,1
Homeland Security has been a tool of Biden and Harris administration to actually recruit illegal aliens,0
Id much rather see him endorse Kamala Harris,1
Donald trump does do that and he did a photo op at the cemetery with the tomb of the unknown etc He is only concerned with himself So sick of this type of glorifying Trumo and just accusing everyone else of being evil Evil is Trump Period And anyone that supports him,2
I voted today Voting is always special for me Im and I have voted in every election since I was in Today feels different I believe in Kamala Harris and I know she will win KEEP VOTING but Im really sad about the vitriol disgusted by the disinformation,1
The ENTIRE Democrat Party has failed Americans amp has done huge damage to the entire world by their policies The BidenHarris administration has proven over amp over that they do NOT have the best interest of Americans Make sure you remember that when you place your VOTE,2
Its a shame youve gone so far left Sherrod Voting with Biden is it of the time Ohio doesnt need a senator who gives Kamala if she wins control of the Senate Thats a scary thought,2
Donald Trumps campaign manager Chris LaCivita shared posts on January saying Trumps election lies were responsible for the violence and death that day He also liked a post calling for Trumps removal via the th Amendment,2
That is about Biden who insisted to fly up to NC and caused a no fly zone in the area holding up operations Trump flew into Georgia and delivered semis of goods and didnt cause delays,1
Biden is a corpse,2
End of Biden Family corruption Probably jail time,2
October surprise for Tim Walz and hopefully justice for those he allegedly harmed Some one check in on Kamala Harris I Dont think she is going to take this well,1
Traitors fake Christians and fake patriots vote for Donald Trump,0
Joe Biden talks about Garbage but unfortunately I am afraid it will turn out to be the democrats who are going to be thrown out as garbage,2
Biden said its time to put Trump in the bullseye Im over this Both sides BS Only candidate has had attempts on his life and now a CIA asset was arrested for plotting a terror attack on Election Day Its NOT both sides its the democrats Obama shows up amp so does ISIS,1
Can we sue Biden for slander because he called us garbage I think we are upright people that believe in God believe in the Constitution and want to keep the USA free,2
BidenHarris administration is censoring American citizens amp locking up their political opponents,2
We got a briefing from our nonpartisan policy team and the short story is the only thing they think we will lose os the house And they do a much deeper analysis than pollsters prediction if GOP actually votes in force we win WH and Senate If as usual we stay home we lose all,1
I dont see how the Biden dont will pursue it It will be swept under th rug as misinformation because the dems will deny it,2
Love the gold MAGA hat I cant let my wife see it or Ill have to buy her one,1
Debunked By who Republicans blocked the Biden administrations bn military package for months earlier this year before ultimately relenting and passing the legislation in April Before that arms supplies to Ukraine had dried up for several month,1
Does this include Biden,1
Biden said whether women like it or not I will bite their babies Pervert,2
I DONT NEED THIS PIECE OF TO KEEP ME SAFE IVE GOT A BUDDYRead Donald Trump Uses Word To Appeal To Female Voters Heres Why It Should Scare You on SmartNews,2
Harris tonight Donald Trump would walk into that office with an enemies list I will walk in with a todo list full of priorities for the American people She used it to pivot from a democracyfocused argument to an economicsfocused one gt,1
on top of that the biden administration is the only candidate willing to keep sending aid to palestinians Trumps administration doesnt and it wont In fact they have an even deeper rhetoric of anti muslim anti middle east and especially pro israel and other facists,2
Every October surprise is killing the DNC Our hurricane response makes Bushs response to Katrina look like the gold standard Weve wasted billions of tax dollars on illegal immigrates and now say we have no FEMA money We destroyed our own party it wasnt Trumps fault,2
This would be hilarious if it wasnt so horrifying Biden Takes a Blowtorch to Obama in New Book,2
Save your stinky breath Im conservative with a thinking faculty We cannot rubber stamp our govt supporting and funding terrorists in Israel We already are here and your racist arse cant do nothing bout it Naaaa its the Jews that cause shiiii anywhere they go,0
Right Thats why everyone is leaving the Democratic Party,1
Harris is not a Communist I challenge you to explain what Communism is and how Kamala Harris fits into that narrative,1
This article on Blue MAGA is worth reading The author is staunchly antiTrump and also very critical of BidenHarris The author encourages people to vote for Harris as the lesser of two evils particularly when it comes to our role in enabling genocide,1
Chicago Dem prosecutor declines to prosecute BidenHarris Columbian parolee over shooting death of yearold girl,2
More desperate smears from the antiTrump playbook Wolffs stories are as reliable as his past insider gossipempty noise,2
Please donate whatever you can We HAVE to hand Kamala Harris a Blue Senate and House,1
What the fuck does Biden garbage mean,2
I wonder how much the Kamala Harris team has paid and offered pdiddy a pardon in return for him liein involving you Elon in his disgraceful actions that landed himself in jail,2
TS FINALLY HAPPENING WE THE PEOPLE HAVE HAD ENOUGH FEDERAL CLASSACTION LAWSUIT FILED AGAINST JOSEPH BIDEN KAMALA HARRISPFIZERMODERNA THIS IS MASSIVE THE LAWSUIT DEMANDS AN END TO COVID VACCINES CHEMTRAILS G TECH Amen God Bless Us All,2
Brilliant move iyam Biden should never have called Trump supporters trash,2
Things arent going well in MAGA world Reality is settling in,2
Well they have done pretty well on these so called Marxist polices up to now Musks net worth is up tenfold under Biden Make your comment make sense,2
Livestream Kamala Harris Rally Washington,1
Where Kamala Harris and Donald Trump stand on climate and energy,1
Not MAGA trying to be fake outraged again Yall love when Trump insults VP Kamala Harriss intelligence and other women are voting for her intelligence FOH with the fake outrage,2
Speaking of crimes Can you imagine the Republicans president candidate is a convicted felon and was found by a Jury that Donald Trump liable for sexual abuse and defamation in E Jean Carroll case,2
Everyones missing the point That the GOP shouldnt be watering down its principles and Christians should vote Red anyway can both be true at the same time We need to start cultivating better candidates from the bottom up so we dont have this dilemma in the st place,1
So Trump didnt have a problem speaking up when Biden calls his followers garbage but when it comes to Puerto Ricans some who are actually Trump supporters we just need to chill because its a joke Why didnt Trump have the same energy to say PR isnt garbage Hmmm,2
Funny timing considering Bidens approval ratings are becoming the hardest math problem America has ever tackled Maybe its time for new garbage bags,2
Donald Trump would walk into that office with an enemies list I will walk in with a todo list full of priorities for the American people Now our biggest challenge is to lower costs costs that were rising even before the pandemic and that are still too high,1
Cant wait until Kamala goes into an incredible rage and anger proclaiming Donald Trump an evil man who will destroy democracy That message is getting old to everyone most Democrats but she has nothing else,2
BREAKING DONALD TRUMP says ISRAEL should strike Irans NUCLEAR facilities after meeting with Zionist Ben Shapiro,1
This is how desperate Kamala Harris is now A stunning show of strength is yes a whole people I mean with numbers like that vs the thousands of Puerto Ricans that are voting for Trump I can see how they think that people are a show of strength And the funny part np one,1
Fantastic read on how Florida went read The most surprising thing to me from this is Joe Biden got a higher share of the vote in than Hillary did in even though the election was much closer in,1
Rapper scorches VP Harris Kamala Harris is not qualified to run a Dunkin Donuts Rapper slams people trying to shame Blacks to vote for Harris reveals why hell vote Trump instead,2
Just when I thought that I couldnt love President Trump more he does this He is legend Trolling level Expert,1
Trump pounces on Bidens garbage comment But hes used the same word for opponents via,2
Without the vote of the people Donald Trump is not going back to the White House,1
The GOP are all Russian agents I cannot BELIEVE our law enforcement are allowing these Russian agents to run free tearing this country apart WHO is going to stop this,2
Bidens own words no need to be sad I rather trust our own Presidents words,1
Joe Biden has to be on the pedo list cause wtf is this shit,0
Hes listening to Elon Musk and the lies hes telling that there was an app that all of the migrants could just get on to and they would be guided to a location and helped along to get over here but you see they those are legally documented and processed but to Donald Trump,2
Biden is already foot under thats a replicant,2
If youre not tweeting about Donald Trump in a garbage truck what are you doing with your life,1
Top three reasons why I voted for Trump Low inflation growing wages no new wars low gas prices a secure border and a strong America He did it once and he will do it again Seeing the infighting and tell all books when Kamala Harris loses The Harris Obama Clinton,1
Well MAGA better hide your migrant loved ones No you wont be spared,2
Your Troll Farm master assigned you to Seth There is No other reason you would be commenting on Seths TL See dead Russian soldiers below Thats your future Biden Harris and my US tax dollars put them in the dirt Putin will send you to fight after the election Ha Ha Ha,0
What is HILARIOUS is MAGA dont know what all Howard Stern listeners knew for decadesTrump was a WACK PACKER They laughed at his disgusting behaviour We all now realise as Howard does hes a filthy lunatic,2
If the Biden admin would just let Musk launch more Starships none of this stuff would matter as much Orbital strike platforms could be a reality in years,1
She tries so hard We will never know if Trump truly lost You cant undo everything the Democrat institutions did to tip the scales in favor of Biden to find out what a legitimate election result would have been,2
Biden should be in a mental institution not starting WWIII,0
I think Jill Biden is laughing the hardest,1
The dictators of the world are rattling their sabers and their mouths are watering over the weakness and appeasement policies of the BidenHarris administration Elect Donald J Trump,2
Donald Trump says his weekend rally that was marked by crude and racist insults was a lovefest Thats a term the former president has also used to reference AP News,1
Major Automaker Pumps Brakes On Production Of Electric Pickup Biden Once Drove by Ireland Owens at CDN Ford Motor Company is temporarily pausing production of its F Lightning electric truck model due to lowerthananticipated demand,1
The BidenHarrisJarrettObamaSoros administration is corrupt and has successfully corrupted the Justice DeptFBI and the CIA and all associated intelligence agencies Its a mess that will prove to be almost impossible to untangle,2
Oh we will be saving America Saving it from the Reich Wing Government Of Putin Saving it from those lying traitorous saboteurs Get the RW GOP OUT of our government everywhere,0
Oh really Mike Johnson please tell us more about these plans to cut Social Security and get rid of the ACA And what about RFK Jr running the health department If you are not scared yet you should be Vote Blue Kamala Harris and Tim Walz,1
Im more convinced every day that a Biden presidency potential Harris presidency has nothing to do with running the country and more to do with having a messenger who presents well for mediasocials Same people running the country now will continue to do so Norms,2
What experts Geeze We need to make a list of all the prosecutions Bidens weaponized DOJ laid on Trump his team and his supporters ABCs has hidden these from their customers Defective product Yes,2
Reid Epstein describes the antiTrump MSNBC show which is an interesting thing to call a show hosted by a former GOP Congressman who played a key role in getting Trump elected the first time,1
The amount of voter fraud already uncovered tells me perhaps Trump should build camps for his enemies Maybe the Dems are onto something,0
America Firstonly when Trump can profit from it MAGA might be his biggest con job yet,2
Biden is starting to look like the better candidate by the day Im no fan of Tim Walz at all I just dont understand why nothing was said when he was governor That behavior just pisses me off,2
Cuban with the greatest hold my beer moment of all time At least Biden has an excuse with his garbage comment Mark has no excuse other than being a door post,2
That sums up accelarationism as an ideology Wishful thinking and ignorance of historyWhen things get worse people yearn for times that were a bit betterBush winning didnt lead to some green revolution it led to ObamaWhen Trump won it led to Bidennot Hawkins revolution,1
Wrong Kerry Biden and Clinton support that,1
looks so small standing next to Garvey Elect Garvey end Schiffs corrupt career He and Kamala Harris destroyed California,2
You guys just made that up Shame on you all shes NOT facing any urgency on anything If she decides to do Bidens policy carbon copy its great enough So,1
The world and Ukraine would be in a better and safer place if Biden was not so weak putin will not use nuclear weapons he loves his life too much,1
Can I get on your next list please Im trying to hit K before the election IFB Trump MAGAHA,1
Heres a real chart It shows the aggregate increase in consumer prices starting in Green line is Trumps presidency red line is BidenHarris This is hot off the governments own numbers which actually understate a number of common things such as housing,1
TBH I would trust Donald Trump to run a minute mile before I trusted Larry Hogan to stand up to GOP Senate leadership,1
Hillary Clinton calls you deplorablesbecause if youre not groveling at her feet she figures youre just some worthless riffraff cluttering up her America Joe Biden with that shiteating grin thinks youre garbagea bunch of bottom feeders who somehow missed the memo that,2
I disagree Biden didnt hurt her at all We all know Trump and his cult are garbage human beings,2
Mark Cuban is the Kamala Harris of billionaires Funny how we all know exactly what that means,2
Fuck these fascists Joe Biden has a stuttering problem,0
turn the page from what the overwhelming success of biden harris why wouldnt we want to continue the amazing accomplishments of Harris,1
Yeh he is counting on you to continue to elect the very same people who have lied to America there was no hope and change under him There was not uniting under BidenHarris and there will be no joy under Harris Break from the real plantation owners Free yourself from shame,2
Well Christian Conservative right there tells us all we need to know about the pig,2
LOL Yall are doing ok in Illinois especially when compared to a lot of MAGA States,1
One of the main reasons Donald Trump is sitting in the passenger seat is because he cant drive,2
I proudly voted earlier today for VP Kamala Harris,1
Why hasnt she done it Shes in office now She can make changes with Biden,1
I always feel safe disregarding polls that show an even race nat While I think the candidates each have about a chance of winning now Im confident Kamala Harris is well ahead nationally,1
Nearly everything will be more expensive under Donald Trumps tax plan and only the rich would get richer No thanks,1
As many as six companies wanting to use UK freeports Nothing summed up Conservative ignorance of modern trade more than thinking freeports the answer to UK growth and Labours challenge is how to wind them down gracefully,1
Meanwhile Kamala see me as a Nazi And Biden calls me garbage Screw you lebron,2
Trumps campaign Make America Great Again Kamalas campaign Im not Donald Trump Welp Thats all I needed to know,1
Smalls hits it square on the head Give a listen and stop doubting Kamala She will move our country forward to a bright future,1
So why didnt she do that while as VP She backed up everything Biden did and we are in the highest inflation because of their poor policies and send aid and money to foreign states while people here need it and getting us back into wars thats bad policies She contributed to,2
This man works hard day and night for straight years to Make America Great Again The hardest working man in the world The whole world needs Donald Trump,1
Who gets that close to a strangers baby And why would you let your child get that close to a sniffer Biden is so weird and so are the parents who let him close to their children,2
Just like Biden always taking time off,2
I cant wait to see Kamala Harris proclaim herself POTUS,1
You mean the agency that had Hunter Bidens laptop for years and never looked at it,1
A man with common sense and a man that is going to take the country back to work It should be and everybody in this country will have the good life again God bless Donald Trump and God bless our country and everyone in it,1
First Obama signs to allow the media and movies to use propaganda on American citizen now cut to Biden signing so US MILITARY can be used against its own citizens on their own soil why is this not first thing everyone talks aboutsomeone is taking over,2
"American Corporate Heads are pouring millions of dollars into their Republican ""Dead Meat "" candidate, Donald Trump, and his not-so-smart running mate J.D. Vance. What they do not realize is, if he and his Nazi friends come into power, he will strip them of all their wealth!",0
Either way Kamala Harris gonna become President if they dont like Kamala Harris then go back,1
Im a Republican and support Trump but is anyone even curious why theres NO RECORD OF THIS HAPPENING even on conservative news sites If youve seen anything on any major news platform post a link so I know if Im fact check blind,1
Ive always liked listening to Sam Harris but I found him very frustrating here Asked point blank about Harris covering for Biden and he answered by talking about Trump Continued that tactic throughout,1
yeah Low Energy Jeb Crooked Hillary Lying Biden Rocket Man Trump is great at it AND it sticks cuz theyre true,2
Catholics Teamsters College Catholics Firefighters Union Washington Post USA Today Those are just some of the groups I can think of that endorsed Biden but not Kamala,1
Minutes Bill Whitaker pressed VP Harris on Bidens handling of border security specifically noting the first three years to Trumps Her answer was sublime without hesitation the flow of fentanyl was reduced but we need congress to act Trump killed it,1
Today is today And yesterday was today yesterday Tomorrow will be today tomorrow So live today so that future today will past today as it is tomorrow Kamala Harris,1
Today Biden will have a crucial phone call with Netanyahu about plans to attack Iran I want to say Biden you know how much we respect you but why do you need to think about Iran Leave it you cant worry at your vulnerable age Do you need it Imagine that there are no,2
I doubt Minnesota is in play but I also dont think shell win by points considering Biden won by in If I had to guess Id say,1
Biden Harris Walz the rest of the Democratic Party and the media hate half the country VOTE,2
Amy President Biden is NOT the candidate any more Who cares You got that right Despite the Fearless Leader forgetting that at his own rallies,2
Walz is right Electoral College is the most antidemocratic system Never mind is the majority elected one person thats why Kamala Harris has to win in a landslide,1
Fun Fact Is this the same Dr that said Biden is fit to be president before he was found to be incompetent to stand trial and then was forced out because hes not competent to be president,2
Donald Trump Vs Kamala Harris A LatterDay Saint Mormon Perspective via,1
Really Tammy did you stand up against Joe Biden and the failures of the Afghanistan withdrawal Did you have those soldiers back You have to be the worst senator in Wsiconsin history,2
And of those Rs are Republicans for Kamala Harris,1
But no comedy about Biden trends in then show,1
You can talk about Bidens accomplishments all day long But I believe history will not be kind of Joe Biden He has just as many missteps Joe has ignored many issues facing every day Americans and allowed the Middle East to go up in flames and sent billion and billions of,2
Uhoh he said laser focused More fuel for MAGA engineered hurricane bullshit,2
Hes not legallymorally obligated to release any medical information a little thing called HIPPAA But what about your buddy Butthead Biden,2
is on deck telling Americans that Trump is dividing us using an emotionally evocative speech of lies that seeks to divide us Turn the page on the ObamaBidenHarris regime,2
Nouras plan was not feasible because GP platform offers many other things than just ending the genocide which the Democratic party does not offer It does sort of sound like she wants to keep her invitation to the liberals party open,1
You havent answered the question what office is Biden running for He got out of the presidential race,1
GOP Rep Invited A FarRight Troll To Trumps State Of The Union Rep Matt Gaetz of Florida gave a SOTU ticket to a conspiracy theorist blogger who claims the president as a reader,2
Cmon wheres the outrage and talk about Steph curry in uniform endorsing Kamala Harris Its not right just like bosa Why are you so quiet today about it HYPOCRITE MUCH,2
Your administration is trying to put Donald Trump in Jail Actions speak louder than words,2
Biden provoked Trump to pull that hilariously embarrassing garbage truck stunt and get his supporters to dress up as garbage bags That comment absolutely helped Kamala,1
The brick and mortar on the monument has a higher IQ than Biden and Kamala combined,0
Hunter get back take your drugs addict how can you be disrespecting Donald Trump is America elite be in power,2
I heard Biden is chewing on babies,2
Biden living large while this senior holds down two jobs,2
NOOOOOOOO Stop funding the biggest corrupt government that has Hunter Biden mitt Romney john Kerry daughter and Pelosi son working there Something smells rotten to high heaven The money is not going to Ukraine its going in a circle to our corrupt govt,2
Then why didnt Trump show up at Bidens inauguration,1
Sigh Putin endorsed Trump Hes a good friend Putin endorsed Biden Its a fact,1
Running defence for Biden in is diabolical so forgive me if I dont take your word for it that Ive said nothing of value If you did care about alternatives youd be making an effort to research them genocidal treatboy,2
The United States will be Venezuela with gangs and murders and robberies and home breakins and gun snatchingfreedoms snatching under Kamala Harris God forbid,2
This was a distraction by Cuban requested by the Dems to get the news cycle off of the Biden garbage comment Lets not forget that this guy is a loser and has no bearing on anything,2
CNN destroys Kamala Harris following recent claim on The View via,2
So we all know about how the Harris campaign has been caught putting bad info out there this is one of them Trump did not say that Biden did,1
IF and thats a HUGE IFKamala wins and destroys this country which she will your dad is going to blame you TRUMP,2
So why isnt Joe Biden still on the ballot in those states,1
NEWS Donald Trump becomes a garbage truck driver to pick up his garbage supporters This man is the GOAT,1
Breaking In between rallies Donald Trump becomes certified forklift driver,1
Hiring Manager Okay explain retail transnational criminal organization Me In I worked for a retailer that hosted a preelection fundraiser for Donald Trump where productivity hinges on your political viewpoints and not contributions made towards customers,1
Yeah a puppet of bidenharris Ignoring the truth is the Theme of democrats,2
I think there are a fair amount of folks who just dont believe whats being said about Trump In many cases they believe Kamala or Biden are doing whatever Trump is being accused of like Elons claim that democracy will end if Harris wins Fascist as something being,1
How can Trump call ANYONE a liar As Acknowledged WORST President EVER he CANNOT claim that Biden is the worst President especially after leaving Biden with a mess to be cleared when Biden took over,2
Harris and Biden are the gifts that just keep on giving Massive win for President Trump,1
He finally cleaned the streets for the Biden visit yeah its easy to see how he destroyed CA now hes licking his chops for president,2
Billboard Showing Kamala in Lewd Act Erected by MAGA in Ohio Click the image for details,1
Bidens migrant children are being trafficked by the hundreds of thousands,2
Biden just nibbled a chicken baby,2
Wake up democrats more years of someone worse then Biden lol,2
I feel so blessed that Kamala Harris and Donald Trump text me so frequently Both candidates are of the people,1
Facebook is currently shadow banning any post about Bidens garbage comment,1
With all due respect to President Biden he made a big mistake by appointing Jake Sullivan,1
If you love America youll be playing bingo on Election night Donald Trump probably Link in comments,1
if kamala harris wins ill actually finish one of my novels if donald trump wins i quit parodying,1
Join me in helping Vice President Kamala Harris and Governor Tim Walz put policies in place that protect our fundamental freedoms and defeat Donald Trump and MAGA Republicans this election Take action at,1
Biden and Kamala wasting taxpayer dollars is exactly what caused Bidenflation Kamalanomics is exactly the same Biden and Kamala spent billion of taxpayer funds to provide zero peoepl with broadband internet Zero people Vote for Trump like America depends on it,2
THE BEST TROLL EVER President takes out the TRASH in Green Bay Wisconsin scorching Joe Bidens comment that MAGA supporters are garbage,2
many people dont know thatBiBi wouldnt dare disobey Trump like he does to Biden,1
Filtering the fake news spin DeSantis knew better than to let Biden and Harris try to use Milton to boost their political optics but instead wanted to focus on preparing citizens for the looming disaster True statesmanship,1
Garbage is Biden and his family,2
Its the Joe Rogan Experience not the Kamala Harris Experience,1
Trump opens his Green Bay WI rally wearing an iconic garbage collector jacket after driving up in garbage truck in solidarity with his supporters that Joe Biden called garbage yesterday Great instinct for drama Another MacDonalds moment,1
You need to stop We are not a Hamas country and Muslims should stop threatening the government and Kamala Harris Go vote for Trump or Jill Stein Trump will jail deport or kill all Muslims Remember that,0
A serious economic concern are countries stepping away from using the USA dollar as the international trade currency and the resulting fallout Donald Trump spoke about this issue and seemed resolute to address it but has not focused on it at the rallies I have heard nothing,1
I claimed this and it gave me a ton of MAGA Dont miss your chance,1
I wouldnt let Kamala Harris walk my dog She has nothing to offer except Socialism open borders war and unsafe filthy citiesIf people want this vote for Harris She is on TV spewing lies we have seen the last years of this woman as a Seer I can tell you if she gets,2
So Bidens done it againanother label for Americans he doesnt like This time at a Latino voter event he calls Trump supporters garbage because apparently disagreeing with him makes you trash When questioned the White House tried to clean it up saying he meant,2
Trumps plan to dismantle the Affordable Care Act threatens to strip millions of Americans of their health insurance reverting us to a time when insurance companies denied coverage for preexisting conditions But rest assured Kamala Harris and the Democrats are standing firm,1
You ought to go to a quencenera They are a blast The majority of them are pro family conservative And I am sorry but mexican food is the best tasting food IMO,1
There is the fbi for example that knew the Hunter laptop was legit and they did everything they could to silence and say it was disinformation On that laptop it proves that the Biden family received millions from china,1
Waitso apparently Biden didnt call Trump supporters garbage Thats disappointing Oh well Trump supporters are fucking garbage,2
Has Joe Biden Secretly Resigned Questions Emerge After Kamala Harris via,1
Did you write open letter to Biden and Harris about their stance on abortion And many other things Sit down Gonzales You are not worthy to be called Archbishop,2
the US political developments include discussions around Kamala Harris and Donald Trumps strategies wit,1
Your regime and your minions in the DOJ have quite literally been trying to put Donald Trump in jail from the day he announced his candidacy,2
The MAGA lies get crazier by the day,2
The BidenHarris Administration has already helped thousands of survivors jumpstart their recoveries with more than million in federal assistance with more to come,1
Easy Expand energy Remove all the energy blockaids put in by the Biden junta,2
also Donald Trump isnt the one in office committing genocide rn Kamala is,0
New policy on how to trigger MAGA Play the weather channel at every bar and restaurant,1
Biden did Musk a big favor by throwing tariffs on Chinese electric vehicles here in the US because theyre eating Tesla alive outside the US like across the border in Mexico amp in South America amp Musks home country of South Africa amp in Australia amp SE Asia Teslas toast,1
We are not garbage mr Biden we clean up the garbage,2
is this where he will call Trump supporters trash How is this taken out of context Biden replied The only garbage I see floating out there is his supporters That is calling American voters garbage His own words The biden administration is full of garbage,2
Genocidaire Netanyahu can address Congress with standing ovations but higher ups ie genocidaires Biden and Harris quash the human rights antigenocide UN Special Rapporteur Francesca Albanese from speaking to Congress And you all think Harris will save Democracy,2
"Fuck that. I WILL have my vanilla treasure, and there's not a damn thing this faux activist says. This is why I left the Democratic Party.",0
Yep thats the plan Trump,1
Donald Trump once sued the NFL won and got a dollar award,1
Most people dont see Trumpism through that lens because were not preoccupied by elite liberal theories or whatever the MAGA punching bag of the day is Were not in a s Tumblr activism world were in the real world,1
The future of the country is on the line and it may be decided in Wisconsin Former President Bill Clinton in Milwaukee making a lastminute pitch to faith leaders for Kamala Harris,1
Ah no official data shows that BidenHarris have invested billions buddy,1
Youve been busy Seen you in Fenton on behalf of We need both of you and with to fix what BidenHarris broke Fix Michigan Fix our country,1
and has been lying during the campaign that Vice President Kamala Harris can only win by cheating,2
Well I think differently Fix the FORMER Presidents potty mouth and then we can deal with Biden,2
Im not wealthy but I have made donations to multiple Republican candidates and to President Trump and the RNC Thank you for fighting for a fair election,1
Biden must have won his election fair and square Hahaha at least now you know the game is all a lie the past couple years,2
Kamala Harris on Joe Rogan Disaster waiting to happen Rogans too real and shes too fake Shed never survive without her usual political fluff Itd be a smart move for exposure but she cant do genuine,2
Biden calls us garbage and Wisconsin answers THE CALL,2
I still dont understand how anyone believes Kamala Harris will improve their lives after the past four years of hell she has put America through President Trump on the other hand has a proven track record of making life better for Americans as President,2
Keep that GORGEOUS child far away from Baby Biting Biden,2
Kamala Harris shouldnt win the elections,1
Bezos is a MAGA Trash Circus Clown,2
BULLSHHHT when Covid hitit mess everything up The Covid pandemic crushed everything not only in America but the entire world financially What Biden had to do he kept business going Giving stimulus checks to families big and small businesses to stay afloat You damn well known,2
Only so the liberals can get trump for old ass Biden drowns trying to swim he can barely walklol,2
Because shes Kamala Harris,1
The current US administration has never thought much of the multipolar world this was more of a Putin and Xis thing But it seems Bidens investment in the rulesbased international order an alternative to the international rule of law comes with unintended consequences,1
The only diff is Dems arent pretending to fix legal immigration because they simply dont care Their stance is clear Kamala Harris and her surrogates arent going on podcasts and such and telling that we will fix legal immigration GOP are doing that,1
Kamala Harris in Minutes interview says she would not meet with Putin to negotiate end to Russias war without Ukraine,1
Two things I fully expect from Jill amp Joe Biden before he leaves office Theyll do everything to sabotage the HarrisWalz campaign Hes bitter and shes furious they arent leaving without a fight Can you blame them Joe will pardon Hunter,2
Biden has drawn another red line he should demand the popular vote red,1
The Kamala Harris is Communist marxcist Nazi rally Oh look,2
They dont even address it He looks like hes about to collapse during every appearancetoo old Biden looks spry by comparison,2
I know but Biden was removed from the ticket,1
CNN in meltdown following Joe Bidens stunt at White House press briefing via,1
More than just North America itll have consequences around the world More war accelerated global inflation increased attacks on freedoms and its all already happened under Biden and itd be worse under Harris,2
I think we can all agree that orange looks good on Convicted Felon Donald Trump Wait until its a whole jumpsuit,2
You mean Bidens support of Israel,1
Biden will certainly get whats coming to him,1
I am deeply alarmed at the number of people supporting Trump Not that I rate Harris or Biden highly but Trump is literally the worst person to lead anything What is this madhouse USA used to be a bastion of science nature entertainment etc How did it become a bin fire,2
Biden should have never call us garbage This will win Trump the Presidency,2
Not sure who bubble mouth is Is that the MAGA talking point of the day No longer worried about cat eaters Myself Im going to vote for the one who is NOT as insurrectionist Cheers,1
bc every major polling firm ESSENTIALLY have the race Tied to T that is not enough for me to give a confidence rating Its a Historically blue state with a dem gov and its the only state where Biden MET his polling avg PA always tight man just how it is,1
Smart money is on Gabbard she is brilliantwe are blessed to have now in our party and she will soar in the GOP,1
I knew Biden was always a zombie,0
Fits the stereotype This is the legacy damage of massively magnified Trumphate speech by Joe Biden amp Kamala Harris CNN amp MSNBC Democrat prosecutors etc Theyre legally allowed the vicious talk but there are societal consequences shooters mentally ill,2
The Lutheran reformation being the conservative reformation must always teach from scripture but never did we allow for free interpretation in central matters like these the church has always agreed and been in harmony regarding the ministry,1
People supporting Donald Trump,1
He should never have been in it to begin with given the racist misogynistic sexual predator that he is. It's the superpac's W/ unlimited money and SPINELESS GOP power hungry bastards As Americans we are better than this and will show this come November,0
Trying to be vague does not make you sound deep You stopped being deep in Speak clearly and say what you mean and mean what you say A contract with Bidens State Department does not elevate you to a new level as a matter of fact it does the opposite,2
I think the world is gone mad if they thing Donald trump is answer to there problems,2
The fact is that the Biden administrations main goal is to reach ceasefire agreements and obtain the status of peacekeepers rather than a fundamental solution to problems This is a betrayal of the allies,2
BREAKING DOJ Attorney Reveals to why Biden Refuses to STOP Illegal Immigration Democratic Mega Donors CONTROL Bidens Border Agenda DOJ Attorney Christian Cooper Were Completely Controlled by Special Interests Above,1
Shocking expos reveals something truly sinister about the Biden crime family The Federalist Wire,2
Bush could help put this away for Harris Endorse Harris already Serve the country not the GOP,1
Thank you PresJoeBiden for your life long dedication amp Love of Gods word amp Love of America You can Someone can believe in a great being of power to guide their life in a journey when it seems not plausible for success Faith in the power of Is how l preceive Gods Light J,1
A win for MAGA,1
GOPMAGA fathers brothers uncles grandfathers WATCH,1
Theres con inside every conservative leader,2
Biden called Twumps base garbage similar to Hillarys brilliant campaign strategy of calling them deplorables whatever DNC mindfuckers come up with Twump turns it into gold for his own campaign,2
Biden Harris kept gas cheap in the middle of the worst global inflation event in decades after a once in the century pandemic and all that chaos,1
Joe Biden and Kamala are a train wreck,2
Funny ppl dont seem to hear Trump when he says America is a garbage dump Hispanics that are coming here are rapist criminals and low lifes but yeah what Biden said was soooo worse Please,0
Why would anyone think Donald Trump respects the Constitution Like give examples because I remember plenty of times he peed all over our founding documents figuratively And possibly literally considering hes a slob,2
Not true Just fewer reported And if you cant see how BidenHarris are manipulating data to try to influence the election,2
President Biden was fired by his own party and VP Harris was selected by the elites to replace him She didnt win the primary the elites didnt even let the people vote for the Democrat candidate,2
Ironically Biden wanted a much stronger response to than Obama was willing And from what weve heard Kamala wanted a stronger one than Biden offered in History rhyming and all that Guess well find out soon,1
Why does the news crawl banner say Harris I Disagree with Bidens Comments She never said that Is this during a NeverTrumper Cavuto newscast,1
Talking about police killing innocent Black Men while crashing out for Abortion loving Kamala Harris is wild because both are Black deathslisten to the African sister here,2
African Dr explains what a Kamala presidency means Harris is named after a Hindu goddess a demonic tribute to that fallen angel In Spanish Kamala means idiot At a rally a man exclaimed Jesus is Lord Kamala replied youre at the wrong rally,2
Latinas Latinos TRUMP Sorry socialist Real Latinas dont fuck with that only your LATINX liberals,0
I was wondering how someone was going to break the Media focus on Biden hurting MAGA feelings but I was not expecting Trump to show up in a garbage truck to discuss the garbage comment about Puerto Rico Not on the bingo card,1
Megyn is critiquing Kamala on parade She has been a guest on the View and questions are given to guests beforehand Then WHY did Kamala not have a reply Selfsabotage Megyn Kamala Harris on The View Should Be a Trump Campaign Ad via,2
God hates Donald Trump,2
You literally cannot post this enough Absolutely heartbreaking But far from an isolated event Save America Trump,1
YES HE WILLHES A BUSINESS MAN NOT A LIFELONG POLITICIAN LIKE BIDEN amp KOMMIE LA,2
Watchdog Report Blasts BidenHarris Administration for Breaking Transparency Vow,1
Donald Trump bought MaraLago after talking to a cab driver,2
Closing argument speech tonight History shall be made KAMALA HARRIS,1
A party that delivers what exactly White ppl waiting for the same thing but they keep voting GOP because they understand power,1
With Donald Trump yes we absolutely agree,1
MAGA are literally Reichstag firebombing ballot boxes,2
ViolenceInciting Liberal Hate AntiHate Art Exhibit In LA Featured Participants Kicking Donald Trumps Severed Head Video via,2
Yeah mainstream media made a big deal about that but not all the other news that is good for Biden main screen media you are lousy why are you protecting Trump,2
Kamala Harris is a lying piece of crap,0
DONALD TRUMP HACE UN LLAMAMIENTO DE LTIMA HORA A LOS VOTANTES DE CRIPTOMONEDAS,1
Then stop the BS and tell people how the comedian was talking truth Puerto Rico has a garbage problem And none of you would know if TRUMP people shined a light on it MAGA,1
Should Labour declare the result of the Conservative Leadership election as a gift,1
NOT QUITE WORTHLESS MAGA TRASH THERES A DIFFERENCE,2
While Juror introduces a reverence for law order and due process that seems to suit a lifelong conservative it eventually reveals a more apolitical patriotism thats uniquely Eastwoodian Im in,1
This remains an edited version of what Biden actually said,1
Ask he and every other MAGA were celebrating his endorsement,1
These seem like highly germaine professional observations Has this been presented to some or all who need to know Leave in the mailbox for President Biden The Attorney General SCOTUS The Depart of Justice Depart of Defense Forewarned is forearmed,1
Nope Biden said it Everyone heard it loud and clear,1
Trump is in his head so bad Biden said hes gonna drown him now when you know damn well he cant swim,2
Not according to polls Trump is leading in Pennsylvania in most polls,1
H O W D I D T H E Y G E T T H E R E Biden only won Michigan by votes in This SINGLE glitch already exceeded that amount I do not understand how some duplicate IDs which is NEVER supposed to happen were going to be counted until somebody CAUGHT it,1
Dr Jordan B Peterson walks the psychological edge breaking down the personality types of Donald Trump and his coalition of supporters Elon Musk Robert F Kennedy Jr Tulsi Gabbard Vivek Ramaswamy and JD Vance,1
Kamala Harris were not going back Kamala Harris when we fight we win Kamala Harris hard work is good work Kamala Harris because Trump is deeply unfit Kamala Harris I believe in our constitutional democracy,1
So Mr Biden was clear Mr Biden was not taken out of context Hes frustrated and expressed himself by quite clearly calling Trump supporters garbage There was not a thing we didnt understand,1
On weekdays we watch Story Time at the White House with hostess and chief BidenHarris propagandist Kringe JeanPierre She is paid a year to lie to the American people,2
Were you equally concerned as Biden fell UP THE STAIRS How about with his obvious mental decline or were you silent If it was silence then honestly sit down,2
To all the MAGA defenders who said it was overthetop to compare Trumps Madison Square Garden rally to that held by the GermanAmerican Bund in an earlier incarnation of Madison Square Garden Shush,2
Is he taking out the garbage Biden and Harris,2
Followed back Shes amazing I got a MAGA shirt and both her and my oldest son insisted I get them one as well Buttholes is her new favorite song Im sure it has nothing to do with the name of the song,1
Wow Shes so powerful The WHOLE WORLD is affected by her actions as VP breaking ties and taking over of Biden cant continue THATS what e need on this country Her strength and power,1
Well thats definitely Not Donald Trump,1
GOP must take the house and senate with Trump Otherwise the Dems will not certify the election and all hell will break loose,1
I was not going to vote for Kamala Harris this November but Gunther convinced me I will be casting my vote in Montgomery County Pennsylvania,1
Yes Donald Trump encourages MAGAt antagonistic amp violent behavior Will never forget J amp the brutual attack on the US Capitol Police DJT focus is lying and denying dont fall for Donald Trumps lies he doesnt care about middle class working familiesDJT supports top not you,2
Lets look at the timeline July An Attempt on Donald Trumps life takes place in Butler PA July Joe Biden drops out of the Presidential race Had Donald Trump been killed on July th there is no doubt that Joe Biden would still be your Democrat,1
DoD directive signed by the Biden administration you should brush up,1
Kamala Harris is an open enemy of American Muslims by caste Elon Musk himself is refusing to support her,2
Kamala Harris know Trump is not Hitler That he is not a Facist That Tump will not use the military to go after citizens and put journalist camps So why do they say all this nonsense Why not run on there policies and be honest,2
Vote out the ones that China Russia and Iran want inThat means Kamala,2
Last I heard President Joe Biden is a democrat,1
Come on Pennsylvania step up to the plate Donald Trump is going to make this work for all of us,1
were asking Kamala to answer for what Joe Biden said but were not asking Trump to answer for what Trump says,1
This is not good news Are you on the DNC payroll,1
Kamala Harris hasnt the qualifications or the intellectual capabilities to be President of The United States of America She is unable to put two sentences together without a teleprompter,2
This report gives minors receiving puberty blockers or crosssex hormones in the years How does that compare to NZ and how conservative is is this US estimate A thread,1
The US elections are a clown show I mean tjank you USA for the entertainment but this shit for a political event is an absolute clownery and totally unprofessional,2
these guys just make up their own vibes in their heads but theres every indication shes going to have just as an efficient coalition as Biden and could get or million votes,1
ActuaLLy THIS BLack SLAVE is Saying what MAGA PAID Her to Say The REAL Reason KAMALAWINS is Cuz Most Americans DESPISE DonaLd Trump and They BeLieve He is the WORST Thing to Disgrace Our Nation in the HISTORY of USPoLitics AND That he SHOULD Be in JAIL,0
Is it bc Elon wore a cap with dark gothic MAGA words,1
What part of Netanyahu and his extremist government dont give two shits because the Biden has covered for him for the entire year Biden amp Netanyahu need to be brought in front of the Hague and tried for war crines,2
Per SCOTUS as commander and chief Biden could LEGALLY order hits on Trump Alito and Thomas and LEGALLY pardon everyone involved in carrying out his orders Do you really think Trump wont try this,1
exactly thats why tRump should be in prison for the rest of his life as he paid Putin and Russia to help him spread lies about Hillary Clinton to win the election and then tried to bribe the Ukraine President in to spread lies about Biden Arrest tRump again,2
Yes thats why Dems forced Biden off the ticket,2
what are we even doing anymore Congress and the Executive Branch need to stop playing the partisan power game and do their jobs representing the needs of their constituents If they dont vote them all out The GOP amp DNC are acting in their own interests not ours,1
Musk is either inflating his view count in the X code or hes forcing his posts on everyone whether they follow him or not The only time I ever see old posts as in from two days ago theyre his Whose ego is bigger President Trumps or Elon Musks,2
Something tells me youve got your head so far up Harriss ass that you dont know the truth Bet your head was just as far up Bidens too Youre a fucking dumbacunt extreme You wouldnt know the truth if it slapped you in your face Brainless fucking dumbacunt at his finest,0
Biden needs to let Kamala Harris take his place now,1
Not the candidate Joe Biden was elected as the democratic Candidate,1
No ones stopping you Remember its still a free country now under Biden same as it was under every other POTUS before him,1
Remember when in a month before the election Intelligence Community elites signed a letter at Blinkens request claiming that they suspected that Hunter Bidens laptop contents were Russian disinformation when in fact they knew that it wasnt When will they,1
Pennsylvania with its electoral votes is arguably the most soughtafter of the seven battlegrounds in what polls show is a close race between Trump and Vice President Kamala Harris that could be decided by small margins in the swing states,1
Biden used this Im a moderate rhetoric in and went on to enact half of Bernie Sanders and Elizabeth Warrens policy wishlist and become the most leftwing president since LBJ yet he still has a reputation as a moderate Campaign rhetoric is for winning not governing,1
So you saying that Trump will pick up where joe biden left off and no Im not excited about another white supremacist imperialist rum our country into the ground that why we need to vote for Jill Stein,2
Nancy Obama and Chuck They approved his announcement that he was not going to run again but would continue as president to end the term Biden then tweeted he endorsed Kamala They werent expecting that He tied the boat anchor to them,1
Spoke with and with radio this afternoon about a near miss with Kamala Harris motorcade when she was in Wisconsin last week,1
Biden Harris and the Democrats have been pushing for war in the Middle East all along Theyve been pushing for war with Russia trying to piss them off The only thing Trump will do is cool it all down,2
There was a better candidate on the ballot then People now know her When Biden decided to pass the torch she was the only one to reach for it Millions of us feel she is qualified See you on,1
This is MAGA,1
Kamala Harris Career Of Releasing Murderers And Drug Dealers Proves She Wont Be Tough On Crime This is very obvious the way she doesnt care who streams across the border Just as long as it happens to someone else not her family or friends,2
Im sure the irony is lost on you but Bidens admin already did this,2
This woman just said she will always tell you the truth that we need to stop pointing fingers and lock arms Why did she call half the nation Nazis and why did she weaponize the judicial system to go after Donald Trump Why all the name calling for yrs by Harris and the,2
How do we know it was Republicans surging today well here are the counties with the biggest reported lines Franklin Trump Blaire Trump Westmorland Trump York Trump Butler Trump Bucks Biden Expect a republican win today,1
A US official tells Israel that Joe Biden is considering transferring THAAD air defense systems to Israel but adds that a decision has not yet been made American soldiers will operate batteries to intercept ballistic missiles inside Israel Please dont,1
Can someone stick it to Kamala Harris and Tim Walz and ask them Why are you calling Jews Nazs How could you Dont let them fillerbuster Keep bringing them back to the question Walz gonna say No I never said that Then ask the following You compared Trumps,2
Plus MSM refuses to call out the lies They r a combo of afraid of MAGA love the conflict crisis of bad news more than good news So what people hear in the media financial press supports the MAGA lies Not so surprising the vibe is the economy is bad,2
how much did you pay Biden to light this dumpster fire,2
is MAGA Country SAVE OUR HOME OF THE REPUBLIC,1
I find the MAGA mindset to be repellent I dont consider myself woke and am not a politically correct type but I dont want to be around poisonous disrespect,2
Thanks Biden you are the gift that keeps giving TRUMP,1
The illusion Joe Rogan needs Kamala Harris more than Kamala Harris needs Joe Rogan,1
These stories are coming so fast now that it looks like Harriss campaign is losing altitude and fast We wont get a dam break like with Biden because they have to dance with the person they brought but the signs are looking better each day for Trump,2
If Trump were serious about winning this unite ad would display people like Ron DeSantis Nikki Haley and Tim Scott Instead were stuck with crazies like RFK Elon and Tulsi,2
make me waste my day here speaking to people in New Mexico Not a time for stupid Jokes Biden blew it with garbage so did the idiot comic at MSG The left is waiting for YOU and your street sense of humor to POUNCE This is no time to be a,2
Biden just stole her headline calling literally half the country garbage,2
Like the Puerto Rican votes that Trump threw away to Kamala Harris,2
Thats correct All you have to do is see how vicious her amp Bidens supporters have been to anyone who mentions having trouble making ends meet in this economy Theyre a nasty bunch of selfrighteous snobs r k,2
Pennsylvania is MAGA Country,1
MAGA women are the most beautiful women on earth,1
I think he hates doing this He doesnt support Harris and he certainly didnt support Biden He does it for the Party I guess,2
Covid caused it Everyone is praising Biden and Jerome Powell,1
There are less crossing today then under Donald Trump,1
Is Kamala Harris trying to run the worst campaign ever in American politics IF she waswhat would she do differently,2
Checkmate for Biden and Kamala,1
thanks to BidenHarris,1
Tell dipper head Keller Biden didnt pay his bill when he came to New Mexico wheres the out cry on that,2
The th POTUS WILL INHERIT A DECENT ECONOMT THANKS TO BIDEN Inflation is well below Intrest rates are falling Real wages are rising surpassing the inflation lever One of Republicans biggest inflation cudgels against Democrats has evaporated,1
Thank God I have not been able to think about anything good going on in America since the Biden coup has taken charge,2
Out with the trash Countdown to PRESIDENT KAMALA HARRIS,2
This is the same news that called Arizona for Biden with about ballots counted Plz Fox News sucks Paul Ryan probably putting out these polls,2
I think this people are the ancestors of the migrants which Donald Trump accuses theyre eating dogs and chats of peoples who live in Springfield in USA the way they look they can eat human being,0
The Iranian proxies are ongoing threats to Israel Israel is making peace with many Arab countries However the proxies and their paymasters are surely maniacs and terrorists and cannot be reasoned with As for Biden Harris any demand for a ceasefire endangers the west,1
"Spain's king already apologized in 1990, she's just playing the attention whore card. Meanwhile Sheinbaun sucks on US ass and is all friendly with Jill Biden, when they are the ones that commited most massacres and got most of mexican gold, land and oil. Fidel loved Spain legacy",0
ProLife Advocates Pray at Abortion Biz Where Kamala Harris Celebrated Abortions,1
Youre supposed to be an independent journalist not a member of the DNC cleanup crew I know what Mr Decency is on the Ballot said and I know what he meant I wouldnt believe you if you told me water was wet Cope harder,2
Very good that you always reply to the lying tweets made and claimed by Kamala Harris regime,2
Socalled America first leaders Donald Trump JD Vance and Greg Abbott have proven they have no regard for the rule of law or the basic tenets of our democracy They must be stopped,2
After all the shitslinging he and his minions have directed towards Biden Harris Clinton and the left No apology for the Puerto Rico comment Calling the US a garbage dump and NOW yall are offended Get real The only people buying this shit is MAGA cultists,2
Dear blue collar republicans There are important things you should know before you vote Check out the Trade SURPLUS Canada has with the States since Trump,1
Anyone pushing the theres always next election idea is a DNC operative If Trump loses no Republican will EVER win the presidency again Another years of unmitigated mass immigration and demographic change will ensure this Anyone who doesnt realize this is malicious,2
And they said Biden was fine so,1
Meanwhile Donald Trump lies about EVERYTHING Its pathological,2
What doesnt understand is that bidens garbage comment isnt going affect the MAGA movement but it will sway independent voters who are either sitting on the fence or slightly leaning towards kamala to vote for Trump,1
Stop being a white supremacist boot licking Nazi loving MAGA,0
Couldve saved the trash bag Those cost about each due to Bidens economy and all dont ya know Talk about a laughingstock,2
Dude Hunter Bidens laptop has been investigated ad nauseam and its one big nothing burger For starters Hunter Biden wasnt running for officenobody cares about his fucking laptop,2
The phony outrage over Harwoods outrage over Bidens comment is garbage,2
Ye really are pathetic as a nation Politics is about policy and improving lives of the citizens He will do better than kamala and definitely Biden but ye care if he has a bit of a limp No wonder the world laughs at you,2
And againYOU DIDNT ANSWER THE QUESTION And youre lying Project IS NOT part of anything Donald Trump is part of He holds the Constitution with respect Youre a clown,2
I am still waiting for the shut up and tackle arguments from maga Think I will be waiting for quite some time,1
Absolutely Bidens own DOJ used emails from the laptop and corroborated them with testimony from witnesses The jury agreed and convicted Investigations by CBS NY Times amp NY Post validated the laptops authenticity in in other ways Its real as rain,1
Be aware of Fox News and what they did last election They think theyre sneaky like a fox They pretended to be conservative then started little by little changing their tune and narrative to fool people Then on election night They were part of the steal Do not fall for it,2
Election Countdown Kamala Harris Donald Trump and the Battle for America,1
And you can be certain that MAGA shits did this crime They must cheat in an attempt to steal this election,2
Remind us how hurt you were when Biden said the word garbage lol,1
Anyone with a DVR can tell you his transcript was inaccurate House Republicans accuse White House of releasing false transcript of Bidens garbage remarks,2
Hi how are you doing Joe Biden s on every not every but a lot of veterans in the United States and Im going to kill him,2
All celebrities and politicians linked to Diddy will obviously choose Kamala Harris because theyre too scared of Donald Trump,2
Joe Biden said trump supporters are garbagewell I would rather be a trump supporter then a democrat dumb fuck I pray trump gets this presidency,2
Joe Bidens Preacher Cain,1
Exactly And why isnt the left upset at kamalas pandering with various fake accents and Joe Bidens you aint black if you dont vote for me From the guy who praised KKK grandmaster and wrote the crime bill with Clinton Team sports Its not racist if my team does it,2
You should hang out with Kamala Harris You say so much but say absolutely nothing I said flat out twice now that the scope of the control is up for debate Over repeating myself while you try to create arguments Muted,1
whats the reverse of TDS where you pretend to do Biden demetia memes over text,2
Deport all in prisons and those who came since BidenHarris The others idk but def not citizenship residency would be ok Not all of them though,2
You amp Biden violated the constitution repeatedly,2
Is Hunter Biden on the board We know he has extensive medical knowledge,2
NOWHERE NEAR Trump better still be learning from his first term who NOT to put in power I was against Betsy Devos And look what happened She started doing stupid things before she betrayed him ultimately but I was right about Betsy its the same w Nikki,2
Ukraine was never invaded during Trumps presidency something that cant be said for Obama or Biden,1
Hell they barely even survived into this election If Biden never ran for reelection hed be getting CRUSHED rn,2
Sorry thats BidensHarriss first term,1
As Donald Trump would say Fake media Vote Trump,1
Not MAGA people,1
They are imbedded thanks to BIDEN HARRIS regime,2
Fact Check Trump never called anyone garbage and never insulted Puerto Rico Biden called all Trump voters garbage,2
You obviously dont understand that Biden is still POTUS never stepped down,1
Yup More Uniting of America right After Biden calls Trump supporters garbage suggests women around Trump are Weak,2
Trump is so incoherent that it baffles me that this man is running for the presidency again he will be a vessel for smart people like Elon musk to fleece this country bigly I am alarmed because obviously Donald Trump is not fit for the office he is seeking,2
Please have tissues and emotional support nearby You will need it Trump,1
Quick trip down to Washington state Doing my part to bring Trump home,1
Maga historical,1
The only clarification here is demonstrable proof on video MORE proof that Biden is unfit to be president and should be booted under the th Amendment asap As for his paid liar JeanPierre she should be booted because her lies are tired predictable and unconvincing,2
man were not in the age of truth anymore No matter how the response goes I promise you the GOP will say it was trash and the Dems will say it was adequate enough,1
Not exactly Its the uneducated maga that are voting trump The same people who think Kamala and the Dems can create hurricanes,2
The US Supreme Court overturned it Joe Biden was at the time and remains President of the United States Today is Thursday Do you need any more assistance with basic information Do you remember how to breathe,1
Probably because Biden isnt running for reelection and Trump is genius,1
Ok so why did Kamala say for years the border was secure but now its a problem Youre not paying attention to the excutive orders put in place by the Biden administration They opened the border you cannot deny that and the stop the building of the wall,2
It doesnt matter what you say and they should just admit they dont like black women and that their mediocre selves feel inadequate around accomplished women They are basically black maga and realizing that just having male parts doesnt make them special anymore,0
I have to ask one more time I have a letter from Ronald Reagan addressed to my grandfather in My grandfather lost his hearing in WW and I have great uncles who were in the Navy in WW Can your dad please make a statement in support of Kamala Harris,1
most GOP folks arent garbage but you definitely are,2
Video Kamala Harris with yet another accent making fun of southern preachers now,2
Melania and Donald Trump are obviously a happy married couple Have you see Barron That dude is now tall,1
Cmon man It Whoopishe gone as Biden mentally,2
She said US President Joe Biden bites a baby during a trickortreaters celebration for Halloween at the White House in Washington Photo by Hope that helps,2
Yes hes right up there with the kleptomaniac in the Biden administration that was caught stealing Lock them up and throw away the key,2
Say hi to the Nanny girl he slapped in the face amp then arrest him for assault Oh amp the employee he harassed at law firm Guess Kamala was smart in that she had no babies by him I think if he slaps her though shell get SS to beat the shit out of him That scum knows,2
Biden grew up as a poor black kid in Scranton He didnt turn white until he moved to Delaware,2
Kameltoe Harris and Biden can care less for us veterans,2
Joe Rogan turned down Kamala Harris per unusualwhales per ABC per Joe Rogan,1
It will cost more than that to keep them Thank you BidenHarris for saddling this country with this massive debt,2
Then Bidens right amp of Americans are derangedignorantracistsexist garbage As an Englishman I can only apologise for founding the colony and being powerless to prevent its demise,0
A guy let Biden do that,1
Thats some serious cope Dude Hillary called them deplorables and they loved it Biden calls them trash and Trump rides up in a trash truck They dont give a fuck what the Left thinks,2
Donald Trump is a pathological liar He is a traitor to the people of America,0
Youre thinking of Biden,1
Ohio Senator Sherrod Brown Mentions supporting Trump policies in his ads but never Biden or Harris He has never once enjoined himself to Harris on X Wonder why,1
They had Biden Late October,1
Donald Trump is Putins little bitch Elon Musk is Putins little side piece Its a really bad idea to let Putins prostitutes rule America Vote Blue,0
President Biden calls Trumps MAGA supporters GARBAGE He also said that the words a President say matters We are sick of Dems calling us disgusting names This is the low level these people have sunk to Harris Biden and Dems despise We the People Well rise above them,2
ITT the same people who say its inciting violence to point out nobody is trying to assassinate harrisBiden,1
Youre a fraud I hope taxes your assets on unrealized gains to poverty You fall racism but Biden always has said if you dont vote for me you aint black Congrats sheep,0
Thanks to Joe Biden I have changed my pronouns to GarBage Thanks Joe Youre the gift that keeps giving,2
Im sure that Martha Washington herself was better dressed than Kamala Harris,2
Did she help Biden clean the Trump residue out of the place when she and shit stain left,2
So why didnt putin invade anyone during the Trump years Biden has been in office for both of Putins invasions Trumpzero,1
What She got percent of the vote when running in she dropped out before Iowa she was widely unpopular which is why she has flip flopped now on everything she previously ran on while ducking interviews Biden was well respected across all party lines in America second,2
We know the response has been lackluster which has been why Biden has been gaslighting so hard on the media,2
Who Said That Chris Cuomo Says Kamala Harris Isnt A Godsend And May via,1
Racist and proud thats the Donald Trump path to the Presidency Crowd members hold up white supremacist groups slogan at TrumpVance event,2
If you vote for any Republican you are supporting these two despicable men they are narcissistic like Donald Trump They think they are special and we are nothing but garbage but they are the garbage spreaders Theyre greedy selfish arrogant garbage clogging their brains,2
"How many white people are beaten and robbed by black people daily? What if this was a white guy walking around the projects? Fucking hypocrites. The biggest threat to black men is other black men. If you want to start shit, be prepared to back it up.",0
Donald Trump just dropped the hammer on Kamala Harris and her Minutes interview,1
Because theyre not as bad as people make them seem Are trump or Kamala the answer to leading a country Nope Did anyone else decent run A few republicans did but Kamala was just put in place of Biden so we will say also no The system is rigged for rich people and powerful,2
The gop will just open all southern border and bring in as many illegal immigrant as possible and beat democrats on popular vote too,2
You cant stand a liberal that loves to hunt Has Donald Trump held a gun in his life,2
She and Biden,1
At what point do we acknowledge that Bidens doing it intentionally,1
Yep and Biden had an apostrophe in supporters We heard what you said moron,2
FactKamala Harris is a complete fraud She is repeatedly lying to the American people to pander for votes Dont be fooled,2
And MSM amp Dems have another MELTDOWN Meanwhile Joes Dementia is on DISPLAY for the World Calling half the country garbage amp sucking on babies feet Joe Has DEMENTIA Harris Biden Family Democrat Leadership ampMSM covered it up for years with NO ACCOUNTABLITY,0
DONALD TRUMP SHOWED UP IN A GARBAGE TRUCK FUCK YES TRUMP FOR THE PEOPLE FOR THE PEOPLE,1
They wanted to keep Bidens campaign money And thats why they chose her and convinced everyone it was their best option,2
Good morning to everyone voting for this American Legend Trump,1
Whats the difference in her going and Donald Trump for nothingthey have tried to kill himtry smearing him and tearing down his family The man is a good man he is not perfect but who isthere aint but one man perfect and thats the lord,1
We all love Mr Donald Trump voting him for the excellent job he has done while was in white house not only for American but for the rest of the world Hes true patriot,1
Biden doesnt write anything on there an intern does Biden is a vile vindictive person and he showed on video exactly what he thinks,2
Donald Trump truly is a man of the people I will vote for the outsider over the puppet every single time,2
Feminist author and exClinton advisor endorses Donald Trump for president The people I voted for silenced my voice They killed thousands of people and put the man Steve Bannon who tried to help me save the lives of thousands of people in prison And at a certain,2
making the suffering of NC hurricane victims WORSE with lies about FEMA GO to FEMA for aid They are there and ready Republicans in Congresstrumpvance are hurting you in every way,2
Hello TONY said it Not Trump Nice try tho and Bidens comeback garbage comment nailed it too,2
If anyone should serve time for the insurrection in my opinion it should be Donald Trump,2
VIDEO Biden Appears to Bite Several Babies for Halloween strange,2
Do you think Biden is trying to sabotage the Harris campaign for what the democrats did to him,1
How about cleaning up the mess Biden,1
Trump Leaves OWN Supporters STRANDED at Coachella Speech via Trump just doesnt give a shit abouth his Magas LOL,2
Democrats are still unable to brag about Kamala Harris so they are whining about trump It must totally suck to be a democrat,2
Im selfish here but I believe that my wonderful kids amp gkids my husband parents siblings amp their families my cousins aunts amp uncles good friends all of them deserve good things amp I believe Kamala Harris wants that for them too Thats why Im voting for her,1
It isnt Kamala Harris is currently polling at They will steal the rest,2
Why want Kamala Harris debate on Fox,1
FROM DOWN UNDER Not very smart Kamala Harris strings together words to sound intellectual,2
Over the last nine years collecting MAGA hats has been something Ive enjoyed I do believe that outside of the hat that is on the way this is the end of my collection,1
These are Biden policies,1
Its wild we have seen more of Biden in the last three weeks than we have in the last three years,1
Really Did pieces like this run for Biden Obama Bush and the Clintons And the replies is this really your readership or trollbots that have multiplied in the past month,2
Outrage Over Ad Suggesting Women Lie About Harris Vote Conservatives are outraged over a new campaign ad from Vice President Kamala Harris narrated by actress Julia Roberts which calls on women to vote for Harris even if they have to lie to their,2
Not impressed Check the stats of his school in Ohio It underperforms just like Kamala Harris,2
Ive decided I dont want to mention Kamala Harris anymore Im not giving attention to her again,2
While Kamala Harris has to trick voters to attend her campaign events with fake Beyonc concerts Trump once again proves hes a man of the people Ill take a president willing to serve the people food at McDonalds amp hop on a garbage truck all day everyday,1
Awesome guy Bringing MAGA AND MAHA together Thank you for all you do,1
What a selloutscrewed his housekeeper and screwed Conservative Californians,2
The faces of Kamala Harris via,1
We expect a lot of our politicians but in the end they put their pants on one leg at a time just like we do The defining difference is experience and sound policies Donald Trump has both Kamala has neither And deep town you know this is true,1
After years of pretending Joe Biden was fit to be president Democrats have lost the right to question anybodys health and fitness,2
Yep Tarted up just for him Maga is proud to be garbage lol,2
How come Biden seem more and more competent by the day since withdrawing from this Presidential Candidacy,1
Biden and Harris could not have done more to help them So was Biden and Harris placed to actually help America,1
Very foolish Kamala Harris thanks you for a vote that accomplishes nothing except enable her,2
MAGA FEAR MONGERS look what you did about the hurricane response OMG FEARVOTESMAGAJUST LIKE ALEX JONES each and everyoneyour influencers are LIARS Embarrassing America,2
Yep Harris wouldnt change a single thing Biden has done Like letting the Chinese bitch slap us in the face of a common enemy,0
Twitter was made for someone exactly like Donald Trump He had one of the most popular reality TV shows of all time Then when he left the Apprentice he started another reality show about his political career amp he has completely destroyed his opposition using this superpower,1
Putin's little bitch puppet Jill Stein is making a push for Democrat and Republican votes. RFK Jr. is begging anyone to support Trump. They're all a bunch of Russian puppet loser assets.,0
"A high Tech Lynching by Democrat scumbags like Biden and the unindicted criminal, Ted Kennedy.",0
The only garbage I see floating out there is his supporters garbage Its pretty basic grammar The sentence wouldnt even make sense the way Republicans are trying to spin it unless theyre claiming that Biden thinks supporters are floating which would be bizarre,2
At least six of the people wearing Auto Workers for Trump shirts at a rally in Detroit featuring GOP vice presidential candidate Sen JD Vance ROH admitted they were not in fact auto workers,1
Whoa there Mr Biden Youre not black unless you vote for Kamala this time or what,2
Ron DeSantis Sends Ominous Threat To TV Station That Aired ProChoice Ad The DeSantis administration continued its fullcourt press against Floridas ballot measure on abortion rights just weeks away from the election,1
Remember The BidenHarris administration let a Chinese spy balloon drift across the US unchallenged Waiting for a spy balloon to cross the country before taking action isnt an option What do you think selfproclaimed China loving HarrisWalz will do Walz has a,1
Not one person nominated or supported Kamala Harris for President not one The corrupt Democrat Party implanted her there,2
Kennedy When my uncle died Khrushchev wept and thats the kind of relationship that Donald Trump wants with our adversaries,1
The Green Party had the chance to actually effect the election when Noura Erakat on the ticket they then went on to cozy up to Peter Daou who was so proud of being trained by the IDF years ago and was a key part of Hillarys and campaigns,1
This has got to stop Enough is Enough Vote Trump and take an elderly person with you Maybe two or ten MAGA,1
Dont you think its weird that all you free thinkers use the word indoctrinated Its almost like youre all reading from the same script Like youreindoctrinated Not like every conservative accusation is a confession or anything though,1
Corrupt Bill Gates donates Million to Kamala Harris Campaign You tell me who is the Corrupt Politician The Democrat Party is full of these Rich Elites who think the Middle Class are the scum of the Earth,2
Its youre Its a political rally not a comedy show Biden being not fit is the reason he is no longer running Yall should do the same with that lunatic Trump,2
Biden and Harris agreeing on the principles of those eugenics just need to compromise with the GOP on the aesthetics of the eugenicist project,1
Donald Trump and Kevin Roberts the author of Project flying in Trumps private jet,1
Kamala Harris wants no one to own personal property It belongs to everybody,2
I followed the primaries in very closely and I can say as someone who shares more in common with your side that Bidens entire campaign was completely fabricated from the get go He was on life support from the media the entire time until South Carolina rolled around,2
Trump can meet anyone he wants Why would Obama Biden Clinton amp Harris sympathize with Hamas Hezbollah pay billions cashgold smuggled on planes into night to sponsor of terror then give Israel millions to fight terrorists Because theyre fing traitors Billy Are you,2
I lost my mom three years ago I took care of her in the home she built years earlier I had to drop my life in order to to do it and even though I would do it all over again it was difficult Indeed heres to Kamala Harris,1
Joe Biden arrives in Florida to survey damage caused by Hurricane Milton Read more,1
Not outraged by Bidens comment It is important to know how he feels about all Americans not in his back pocket Like Kamala saying Christians should not be in her rally but the one down the street Good to know,2
Donald Trump told us that he wants to be a dictator for the purpose of getting revenge on his enemies He wished that his enemies would ROT IN HELL on CHRISTMAS DAY Donald Trump is the Divider in Chief,0
THEY RISKED IT ALLTwo Brave IRS Whistleblowers Sit Down With Catherine Herridge to Reveal How Their Lives Changed After Exposing Election Interference By The IRS FBI DOJ and BidenHarris White House VIDEO The Gateway Pundit by Patty McMurray,1
You realize this shows her weaker than biden right,1
So we were called racist and anti immigrant for the last yrs We all knew we were getting screwed w jobs and crime But here we are in the US election cycle and Once Again Harris Biden and cronies are using their illegal alien army to try and steal our country from us,0
"LOL.....Trump has spawned so much craziness in this world, Republicans blame mental illness for all the mass shootings in schools, yet if trump gets shot, its the dems that did it? You are some kind of special maga idiot.....",0
Be sure to tell Kamsla and Biden about these crimes in the morning Heres more,1
Kamala Harris has no ability to discuss politics foreign affairs economics etc and is happy to appear in interviews with the media where she talks nonsense like a child Kamala Harris is a laughing stock around the world,2
I dont think you can get any more bad ass than Donald Trump right now,1
MAGA is consistent,1
If these rich celebrities were subjected to the same level of pain HarrisBiden policies inflict on the middle class theyd be singing a different tune,2
I wish the terrorist sympathizers would stop making Joe Biden look awesome,2
And most likely she voted for Hillary and Biden in amp,1
AMEN I pray not I so hope there is hope for all of us Its just to take all of us and MR TRUMP Thats what I have to hang onto we are her together my friend,1
Democrats I ask you How can anyone support a person who has lied her entire life She has no answers to the problems she and Biden have caused The hypocrisy is sickening and she is hateful,2
Your not realizing that Tony call Puerto Rico an island of garbage so in response they tried to have biden call trump supporters garbage which lead to trump pulling up in a garbage truck everything is connected when it comes to politics the problem with the left is they cant,1
Youre not The irony is your opinion is wrong based on CURRENT events Trump didnt crash the economy He didnt start WW either He didnt attack your Rights or try to censor you Biden and Harris did,2
Our media should be in Russia and China because if they lied like they do in our great country Russia and China would put them in prison for life and I'm talking about corrupt CNN CBS NBC ABC MSNBC AND ALL THE OTHERE FKING LIARS.TRUMP2024,0
Why was Trump wearing a black and gold hat and no tie with a black suit And why wait one more hour of letting them do what they are doing Bidens wife coming out in a pandas Halloween suit Jill should have been executed right on the spot Donald Trump Where are you,2
Joe Biden sold influence when he was a vice president and made millions of dollars for his family Please,2
Biden called Israel PM Netanyahu son of a bch bad fing guy claims book Biden to Netanyahu In a private conversation with an associateUS President Joe Biden called Israel PM Benjamin Netanyahu son of a bch and a bad fing guy according to a new book by,2
JOE BIDEN,1
Did it happen while Biden was President Harris VP No it happened when TRUMP was sit down,2
What was Biden in,1
Liberals used to criticize Vietnam vets for baby killing but now support baby killers themselves Democrats particularly Biden and Kamala and ofc Israel,2
lol Vote for me Marsha Dingle Im not Biden or Trump,1
Americans dont want to hear a hour interview They want to hear a hour discussion between Joe Rogan and Kamala Harris And the best place for that to happen especially to make a comparable to the discussion he had with Trump is in his studio in Austin,1
Well the Biden supporters have always proven they will go lowerOnce again like her they DO,2
Even more dangerous is a group that call themselves MAGA going around spouting false narratives and bullshit,2
Maybe I dont believe Biden is senile or close to it Its sad for him but there are strong indicators that he deserves what might come his way Hunter however is guilty of treason against ever citizen of this country Did Joe assist is the real question,2
It went against the World Series and the Kamala Harris speech thoooo,1
Its ol brown eyes again Wheres the blueeyed Biden today,1
I had miscarriages and needed dampcs I went on to have two miracle daughters I voted for Kamala Harris I hope my daughters can have the same right to healthcare that I had Stay safe,1
Bible of scientific racism The origins of Donald Trumps obsession with genes,1
You are spreading lies It was during trump presidency his senior advisor step miller was the one with such idea or hurting humans been Today under president Biden that horror stop My daughter works in one of the places where they keep the migrants,1
Republican senators that take credit for the Biden adminstration Build Back Better plan disagree with you even though they voted against it they take the credit for the many goods it has done for their state,1
After doing nothing but supporting Ukraine and hiding Hunters Cocaine Senile Joe Biden is told he can go to the beach,2
Yea Biden made the trump voters mad oppsie daisy Hope you little snowflakes will recover,2
He called the Biden Harris admin horrible people,1
It doesnt need to be deep red to choose Donald Trump over Kamala Harris Donald Trump is further left than the average NH Democrat Its spineless politicking that bothers people and thats what were seeing here,2
How about I appear on a show hosted by the guy who wore blackface while calling a person of color smelly nr multiple times Shows excellent judgment LIVE Kamala Harris v Howard Stern Interview Watch Party,2
Trump Supporters Dress as Garbage for Halloween Prominent Conservative Figures such as Megyn Kelly amp Dave Rubin have dressed as Garbage This is retaliation to Joe Bidens comment about Americans This is UNITY Exactly whats required in this final stretch,1
Repeating Bidens Blacks vote democrats all the time,2
Watching Trump joke about trying to get in the garbage truck while he trolls KamalaBiden his priceless,1
Amazing how you barely mention Bidens garbage comment yet are obsessed with the comedians comments Amazing the contrast for someone whom I felt was pretty center over the years,2
This occurred under the current administration Thats right BidenHARRIS and Harris backed it and encouraged it,1
watch a kamala harris interview maybe ur opinion will change,1
There Will Never Be Another Donald Trump We Are So Blessed To Have Him,1
Still no answer on why anything hasnt improved in years Turn what fckin page Everythings worse under bidenHarris Regime,2
I voted Saturday for Donald Trump,1
When it comes to showmen PT Barnum has nothing on Donald Trump,1
Part I spoke yesterday about how vindictive GOP policy morphed into owning the libs Lets talk about how owning the libs became the goal in and of itself and what lengths Trump voters will go to to make liberals mad again,2
Obviously to me at least they took the twitter away from increasingly desperate Donald Trump and an advisor is tweeting for him now He would never have these words or sentiments IMO,2
KAMALA HARRIS AND TIM WALZ ARE NOT GOOD PEOPLE THEY BOTH SUPPORT TRANSGENDER IDEOLOGY AND HOMOSEXUAL IDEOLOGY IN SCHOOLS AND MEN IN WOMENS SPORTS AND BATHROOMS THEY ARE REALLY HORRIBLE DISGUSTING PEOPLE,0
has changed all of her policies most of them align with and policies Does anyone else think its hilarious that got millions of people to support Trumps policies,1
Biden called women garbage Cuban called women stupid Harris must call them out,2
If Joe Biden were smart he voted for Donald J Trump,2
I would prefer a president who plans to take significant interest in international affairs and protecting our border Grocery prices increased thanks to Bidens inflation,1
Hey they said THATS ENOUGH Then they went and voted for Kamala Harris,1
Kamala Harris never called Border Patrol as border czar,1
Im not Biden Im not Trump Ok fine who are you Im not sure,1
Allies of former President Donald Trump have highlighted that the Republican nominee could lose Pennsylvania due to higher women early voter turnout,1
Here in Canada we look at whats happening SotB and we tremble because we have our own RWNJ with majority support So sending you guys good vibes and rooting for our home gal the next POTUS Kamala Harris Montral,1
BidenHarris admins pathetic response to Hurricane Helene is all politics Former top Pentagon official,2
Trump Is Trying To Tell His Base That PIGGYBACKING Of Kamala Harris Is Good Because Trump Have Got No New Material So Donald J Trump Has Made A Degree Turn Talking About POLICIES He Never Talked About Until Kamala Harris Said It First Because Trump Is Jest Another SALESMAN,2
Amen to that brother Trump,1
Less talk more action is needed You forgot NPelosi LCheney JNadler ASchiff CSchumer JKerry JBiden KHarris Plus the rest of the committee,1
Bibi and Hamas have done much wrong Biden chose to take sides and bankroll a grotesque slaughter largely of innocents Harris has failed to remotely distance herself from Bidens position,2
WTF Donald Trump and his republican mates had turned the hurricane into a stupid political fight when it should bipartisan and your going to vote for him,2
Think about all the women raped murdered and sex trafficked by illegal aliens that Kamala let in Neither she nor Biden called any of the families Trump will again secure the border and imprison criminals Thats the future you should consider for your children,0
Im working class his tax cuts helped me greatly since Biden took office Ive been struggling like the rest of the working class We vote And it will not be for Democrats,1
Biden should declassify them,1
Voted for Kamala Harris early,1
This is a major incentive I will definitely vote for Kamala Harris now,1
We stand with you and Donald Trump,1
Really Really Have you paid any attention to what Biden actually did,1
AND IN OTHER NEWS KAM amp BIDEN ARE STILL BOMBING POOR BROWN SKINNED FOLKS MOSTLY WOMEN amp CHILDREN FOR THEIR LAND ON BEHALF OF SERIAL PSYCHOPATH amp MASS MURDERER KING BIBI AND KAM CANT FIGURE OUT WHY SHES LOSING,2
The same party who tried to convince the country Joe Biden was competent for the last few years The hypocrisy is insane,2
Trashy girl who rehearses answers cant think on her feet CBS just proved this releasing takes on same topic GOAL of DNC isnt providing safe secure nation instead a radical change to prebondage for WEF elites STARVATIONBRUTALITYMANDATES are the tools to socialism,2
You have to ask yourself Donald Trump is a serial rapist Israel is obsessed with raping people Donald Trump is friends good friends with pedophile P Diddy and rapist who is Elon musk who theyre all part of Twitter or ex,0
That is not Donald Trump song that is a black band that sang that song dont forget that Donald Trump dont like black people you forgetting how you all got on at Madison square garden,2
Because Biden flying them over the border,2
You mean the camps that were set up with the Obama administration And the FEMA camps that were set up with the Biden administration Those camps,1
She is a beautiful MAGA Kitty,1
Unlike what Mark Cuban says no strong intelligent women support President Trump stands with other strong intelligent women in support of Donald Trump,1
Biden Harris rewrote Title IX to allow MALES into Womens Young girls restrooms lockerooms prisons and Sports Women young girls have no safe spaces No fair Sports competitions opportunities Just sayin,0
My Christian Faith Wont Let Me Vote for Donald Trump or His Disciples I intend to bear witness against hate against divisive and unnecessary fear against racebaiting and division When we act as if our bearing witness matters it does,1
BREAKING NEWS Kamala Harris says her plan to save America is to go after the same corporations funding her presidential campaign Forgive me if I dont think shes bring honest,2
Trump sanctioned Irans oil sales and imposed secondary sanctions prohibiting other countries from buying Iranian oil thereby collapsing Irans economy and making the world a safer place HarrisBiden have not enforced those secondary sanctions thereby allowing Americas top,1
Well it has a very slight pulse If you go to a Kamala Harris rally with individuals that werent paid to be there you will detect a noticeable level of naivety going on,1
Harris is with Hispanics vs Biden in Its OVER,1
When she was VP Bidens partner and as she said the last voice in the room She was also the deciding vote on several inflation fueling bills She is trying to distance herself from things she bragged about until it started hurting her in the polls She is wrong for America,2
BidenHarris admin taking advice from foreign governments on policing speech lawmaker charges THIS IS WHAT THE DEMOCRATIC PARTY AKA COMMUNIST PARTY IS ALL ABOUT TOTAL CONTROL,2
Joe Biden Called Republicans Garbage Vote Accordingly,2
Lmfao broken finger or not it would take me seconds to get a RNC on you,2
when I see purported righties refer to the conservatives and Republicans who wont pledge their support to Donald Trump and his disciples as traitors and liberals I can only shake my head at the profound display of unselfawareness,2
This satanic government of biden and hyena Harris paid for everything for them With OUR TAX MONEY,0
Mark Cuban You never see him around strong and intelligent women Biden The only garbage I see floating out there is his supporters Women Trump supporters per and are weak stupid garbage,2
The US has had a Democratic President for of the past years ObamaBiden promised a fundamental change They definitely delivered Our country has gone to Yet Dems blame everything on Trumps yrs not the other Ppl are waking up amp will vote DJT,1
Biden should go home now he is done,2
Agreed Sadly I predicted this nearly a year ago back when Biden was going to be the candidate I got serious about it when Kamala was selected to be the new ruler They have been telegraphing this for a long time And now that K is a spectacular fail they are going with it,1
Joe Biden should dress like Trump and quote Hitler scriptures like he does about Democrats,2
FACT CHECK Kamala Harris did not work at a semiconductor plant This was a photo op,1
If you type in Biden bites a baby in the search omg theres so many inappropriate videos of him getting way too close and putting his mouth on babies,2
Oh dear The Democrats are threatening to throw a tantrum and riot like they did in What will we do Of course Biden and Harris will stand idly by and do nothing When Trump becomes president on January th he will lock them up and make the rioters stand trial,2
Cognitively Biden and Harris are equalsnot a good thing,2
Thank you President Biden and FLOTUS Jill Your kindness and compassion for our children and military families is a remarkable reflection of everything we want in a first family Were going to miss you both but well never forget you Forever grateful,1
Lmao Her numbers a worse in every state compared to outside Min though this is only one poll lol Shes doing worse in PA Wis NC and more lol She looks terrible in even national polls compared to Biden too,2
Happy Halloween from Kamala Harris,1
We shouldnt be surprised Kamala Harris and democrats have allowed the cartels to run in our cities,2
Watch Howard Stern Today and Then See His Ugly Racist Past THE REAL KAMALA HARRIS,2
Donald Trump does not support project,1
MAGA are convincing themselves Biden is using space lasers to create hurricanes to attack red states ahead of the election and Elons mom is confusing a troll account with an actual actor and simultaneously outing her son as developmentally disabled I love this timeline,0
Has she taken a cognitive test Time to turn the page but I wouldnt change a thing that Biden and I did Kamala is selling yesterdays paper,2
Imagine voluntarily dressing like this because of Joe Biden,2
Context and jokes are just excuses here Trump campaign and other GOP elected officials wouldnt be rebuking the comments if they were just harmless jokes Was utterly stupid to say here at the tail end of a campaign when youre polling in the margin of error,2
BidenHarris administration promised,1
Agree with your overall points but question why you say vulgarity in general will offend women How about all the vulgar hateful comments made about Kamala Harris and Hillary Clinton last night The misogyny seems to be invisible to most men sigh,2
Or they could just remain silent on it like Trump did about Katie Johnson which suited MAGA just fine,1
is the best Our City of Tampa Mayor sucks She is fighting his help tooth and nail Still cant figure out why my Mayor was touring another Mayors city St Pete with Biden Hey we are still waiting for your answer,2
This strong woman stands with Donald Trump,1
I took this pic at a rally in LA when was running in I was happy to vote for Biden after she dropped out but she was my first choice then and is my first choice now Cant wait till we can celebrate with her and Tim and a nation of grateful Americans,1
Kamala has had almost years Shes shown her values NO THANK YOU,2
Donald Trump and his following Republican MAGAts are YELLINGFIRE IN OUR THEATERITS AGANST THE LAW,2
YES but then again Id agree with ANYONE saying that about Kamala Harris,1
Ah a billion lawsuitthats no slap on the wrist Trumps coming at CBS like a tidal wave accusing them of doctoring Kamala Harris Minutes interview to tip the scales in her favor And hes not just talking bias here hes calling it election interference This isnt,2
Because unlike Kamala Harris and Joe Biden Ron DeSantis is busy doing his job,2
Any Israeli attack right now before January will be limited restricted by BidenHarris,1
Thats the weak disgusting unethical pathetic and disgraceful Biden administration,2
I think mush for brains meant it Muscle memory But Joe Biden doesnt define me or the MAGA movement,2
This describes the Biden administration perfectly lol,1
BidenHarris DOJ The big DA AG VP Illegally opened the BORDER and destroyed our country and our economy in one full sweep,2
Trump trashes Biden HBTY YouTube,2
Stop lying abut Trump even Biden threw you under the bus for it,2
She dont care for blacks and she dont care for you or me Despierta Rubencito WHY YOU CANNOT TRUST KAMALA HARRIS is asking YOU to share this NOW Join and share for more content,2
Biden said the same thing howd that go,1
Another Propaganda Troll speaking for millions in the UK who are NOT standing with or for convicted felon misogynist porn star shagging Klan and Nazi supported Donald Trump,0
Is that the BidenHarrispage that needs to be turned,1
Geraldo Youre talking out of your buTT guy donald trump did not say it he did not stage that But its okay fOR JOE Biden to call everybody in Maga garbage GEraLdo that is an insult by joe bidens mouth,2
Now let Biden try dumbass,2
As a health care provider Dr Kristin Motley knows how important it is for people to receive affordable health care and be able to make decisions about their own bodies Donald Trump doesnt understand those simple concepts At all,2
MSNBC claims a lot of things that arent true and given that Kamala Harris is not young attractive or black who exactly are they talking about who would be afraid of running against the Dei hire who isnt even the best Dei of the deis,0
Like that you clipped out the part where he powered up those stairs on his own accord Im sure that door is a lot heavier than your normal door but this is what TDS does to you What did you say when Biden fell off his bike and tripped up the airplane stairs,1
When you ask Kamala Harris who the better candidate for president is and this is her response,1
Completely treasonous that the KalamityBiden Administration sided with Iran to preclude our military folks injured in Irans attack from even being able to sue Iran for Compensation WTH,2
His day has come and gone Hes as corrupt as Biden and Harris and began all of this divisiveness I truly believes he has a grudge against a country that has made him wealthy And as its turned out its being reported on Twitter that there is no birth certificate,2
Hello Congress allocated billion in FEMA funds last year but the Biden administration used over billion of it on illegal immigrants instead of preparing to help Americans in crisis Part of why some voted against MAGA MAHA God Bless John German,2
Donald Trumps delusion makes him a very dangerous person in most part because he wields so much power and influence Imagine a crazy person in charge of anything especially the Oval Office We MUST make sure that doesnt happen VOTE,2
This is becoming ridiculous and the fact that we havent heard from Biden and Harris condemning this is abhorrent,2
A vote for Jill Stein is a vote for WWGenocide It is a virtuesignalling vote that aint virtuous Further Stein cannot be trusted as she falsely equates PutinAssadTrump with war criminals BibiBidenObamaClintonBush is literally TrumpPEACEProsperityFreedom vs,2
Yes Why do I think in the back of my head that this is not going to end even after Kamala Harris wins the presidency,1
Nikki Haley is a retard lol,0
Yea the name says it all FLAKE when are you going to post that biden call all Republicans in Utah garbage or JFK supports Trump Oh I know liberal KSL what happened to you,2
He is a bad man hes defended his country like no other even storming an airplane taking out terrorists back in the day he is a bad dude and has every REAL mans respect for it biden is a pathetic imbecile riding on the backs of Americans and getting back door money,2
I desperately need Irish Joe Biden to get shown up even by the FF now Wheres that pride now,1
These democrats are the most arrogant peopleLets stomp on them and vote forTrump and for every republican Lets watch them go crazyThey have called Americans deplorable and deplorables and dumb and they have gaslighted for years with Biden and Harris coverup on his dementia,2
I voted for our next president Kamala Harris,1
Funny the double standardTrump garbles EVERYTHING he says and its just the sameoldsameold gibberish But Biden who has a known stuttering problem is taken to the cleaners when he misspeaks,2
MAGAs conveniently forget how many times trump called democrats scum or worse and says dems are the enemy within MAGAs ignore Biden until he gives them something to whine about,2
Biden and Harris better never forget what their kickbacks caused Harm to both of them,2
And then you have Pastors like these who promote No Voting amp Ensure victory to the Democrats And when a Republican fails to get back to white house to take control and preserve conservative values these people laugh and say they wonas the country fails amp dies,2
Kamala Harris lead by the Deep State,1
The Republican Party wont win if they say that,1
Losing a child is THE worst Now Wikis List of murdered American children shows that for one random death you have dozens of fathers neighbors and mothers killing children Then you have school shootings Trump plainly ignores social and guns issues Still vote for Trump,2
Madame Vice President PLEASE make an advertisement out of this Donald Trump just said Obamacare sucks,2
I hope we are not going back to the day Biden took office Idiot,2
I hope people are voting for the right reasons and not because he is the only choice Otherwise people will not see why they need to vote MAGA in the election,1
Read Donald Trump and his right wing friends are worse Senator Bernie Sanders endorses Kamala Harris despite differences about Gaza on SmartNews,1
Exactly Trump brings the real crowd without the gimmicks Kamalas events just show how out of touch she really is,2
This is not ok people The world has to do more to stop atrocities in Ukraine and Gaza Vote Democrat on November and then we can really pressure Biden in his last months,1
Yes well I hope Biden realizes his bullshit directive to not bomb Beirut starting Thursday caused massive Israeli Loss of life,2
Former President Donald Trump attended a roundtable discussion about issues impacting senior citizens in Drexel Hill on Tuesday before heading to a rally in Allentown,1
I REALLY LIKE DONALD TRUMP,1
This might be what all is friends were asking then and the DNC is asking now,1
And I wonder why Thank God for President Biden and we will continue to grow as a nation when we elect VP Harris as our next President,1
Donald Trump in Green Bay Wisconsin has just turned up on stage in a Garbage Truck Driver outfit The ultimate troll,1
Treasonous tRump belongs in prison,2
BREAKING Multibillionaire owner Arthur Blank announces his support for Kamala Harris to be the next president Kamala Harris is the right leader at a critical time in our country who can bring people together and help business and communities thrive,1
LFG hodl MAGA for the moon init,1
Biden also never said that he said their hate rhetoric was,1
Theres not a big enough pool of voters in the riding that are going to vote Conservative that could pull off a victory in my opinion was the only time the riding went nonNDP and the BC Liberals had to pull almost with a Green vote split I just dont see it,1
Ron DeSantis changed his mind about migrants helping now when Florida needs workers after devastating hurricane Funny right,1
Champagne of Beers US Vice President Kamala Harris Cracks Open a Beer With Stephen Colbert on the Late Show Video Goes Viral,1
Is there any proof that this was the guy who did it and not Biden,1
Hey PA heres the guy from OH campaigning for the guy from CT Truth is Casey has fought against the fentanyl crisis while your GOP pals did nothing except vote against the border bill Why For Trump to run on the fentanyl amp border crisis,1
Bidens new immunity is limited to presidential action and duties so after corrupted DOJ by DERELICT Garland and assemble smart aggressive lawyers to make sure Presidential action by POTUS can be administered as needed through executive action including extreme sanction of scotus,1
Biden has destroyed our economy,2
She knows She is just trying to deflect form Bidens gaff,2
they also released a Kamala Harris Fortnite map that bans guns,1
Christian Zionism predates the Jewish one William Blackstone wanted a Jewish state even before Theodore Herztel called for one Christian Zionism and Jewish Zionism are interlinked That is why Biden keeps saying you dont have to be a Jew to be Zionist,1
For years Donald Trumps crude remarks were not disqualifying but NOW,2
Kamala Harris Closing Argument Ellipse Speech Bashes Trump,1
A ballot machine in Laurel County Kentucky is now offline waiting for inspection by the Attorney General It refused to allow voters to select Donald Trump instead automatically selecting Kamala Harris,1
Tf you mean whats wrong hes and it looks windy af that didnt stop you from electing Biden who showed visible signs of derangement you clowns trumps more capable than Harris ten fold she cant even do an interview without editing all the answers out after,2
Donald Trump slams S Korea for relying on US for defense via,1
Kamala Harris tries to stand apart from Bidens garbage shot,1
All of us Canadians are coming over to vote for Donald Trump because apparently you dont need any ID to vote,1
Yep that describes biden to a tee,1
He wont give up we cant give up Fight fight fight And if you havent voted in Arizona please get out and also vote for Kari Lake Her ultra liberal opponent Ruben Gallego will do everything in his power to stop Donald Trump We cant let him go to the Senate,1
What on the last years has Biden or Harris done to make you want to vote for them The administration has been a debacle,2
The election of Donald Trump has absolutely no significance for the available of abortion If its a factor in anyones decisionmaking it is completely manufactured It sounds more like a fake explanation given by somebody who had already made up their mind for other reasons,1
BREAKING President Trump says the hosts of The View are degenerates and dumb women Do you agree Donald Trump A YES B NO,2
While I may be the first woman in this office I wont be the last Kamala Harris,1
Trump will Georgia Too big to Rig,1
MAGA people are so fucking insecure they feel the need to let the whole world know who they are voting for,2
Hey hey the working man Tell Biden lets go Brandon,2
Biden always gaffe prone Im thrilled he dropped out Trumps horrible statements were premeditated amp hes running for president Trump supporters who hav called my candidate and me a cunt bitch and hooker have brought the term garbage on themselves I dont speak that way,0
This pol is just too old Delusional old Two years less old than Biden who is too old Older than Bill C prez years ago and years older than Obama Just into next term Sure fit not fat Drives a golf cart well But soo old Weird old And lies a bit,2
Why are there so many buses at Kamala Harris super massive historic rally today lol they wont come on their own and they are paying people,2
Kamala Harris Claims To Love America But Her Record Shows She Hates It,2
Their problem is they know they cannot drop any Harris Wisconsin polls like ABCWash Post dropped in for Biden Honestly the numbers they show in their fake poll is more likely to get more Trump supporters to vote than less,2
Thank you BidenHarris So grateful,1
JUST IN During a Halloween trickortreat celebration at the White House President Biden playfully pretended to bite a baby creating a lighthearted moment according to Reuters,1
PRESIDENT TRUMP TS Oct PM Pennsylvania union member I dont believe union bosses speak for union membership I support Donald Trump because he supports keeping manufacturing jobs in house It was proven in your first term You take care of the American,1
I didnt include OT bc they had multiple crews I didnt ask for their papers just small talk while I inspected their work And that National is a big RNC contributor I hope they do get sued but they wont based on their PAC contributions,1
The beginning of this election cycle I decided I would not vote for anyone Then I decided I would vote for the only candidate I liked RFK Jr Then thanks to Kamala Biden RFK Jr and Tulsi I decided I will be voting for Trump The left did most of the work to convince me,1
This is the truth If Donald Trump becomes again and Republicans are in charge of Congress they will send him legislation to end cut off access to birth control and halt IVF Just one reason why I voted for today,2
MagaSol wants to clarify the results before the American election The goal is to be the greatest like Trump,1
Trumps natural state of being so damn rapey did a great job knocking out Biden garbage,0
Donald Trumps election as president is a blessing for people all over the world and the world needs peace,1
Trump is no fiscal conservative but on deficits and inflation his firstterm record is far superior to the four years of BidenHarris,1
When will Joe Biden come to Nigeria for health tourism I think the question she should have asked is why other countrys politicians are not coming for health tourism in our country,1
Please AGAIN w amp more Democrats in Congress to build on the historic progress weve made The largest investment in climate in US history Biden knew there was no time to waste Republican Team Hoax hopes you wil forget all that amp lose hope,1
The fact that the Democrats are committing the worst war crimes any of us have ever seen and Donald Trump is promising worse That means that sanity has already lost and the extreme right has already won You just dont realize that they control both parties Wake up,0
On The View Joe stated I delegated my Presidency Powers to Kamala Harris He can make any EO declaring National Emergency to do what he wants Cmon A REAL LEADER WOULD BE MAKING SURE THEY WERE TAKEN CARE OF NOW REPLACING THEIR HOMES AND TOWNS,2
Great she waited until she had Joe Biden brain Yay,2
What desperate attempt is this done by the Kamala Harris pr team Fyi Im not even from the US,2
Biden says if we dont send billions to Ukraine Russia will march into Poland If Russia is having trouble with Ukraine they will find Poland marching into Russia,1
Interesting And Trump financed his transition team The Trump transition team is divided into two sides The personnel side helmed by New York financier Howard Lutnick is working to identify candidates for highranking positions in a second Trump administration The policy,1
And apparently Biden and DeSantis are pen pals now what is happening Good things,1
How can Norah ODonnell report Biden call Trump supporters garbage was inadvertent Does she now possess mind reading skills I heard him call Trump supporters garbage He was as clear as a bell,2
Donald Trump has made you dress up as garbage Your teenage self would look at you and expire What a loser,2
Do your research you clown Donald trump isnt racist,2
Kamala Harris has contributed ZERO to the Scottish economy John Swinney is a clueless idiot,2
Harris criticized him saying Donald Trump thinks he should get to make decisions about what you do with your body Whether you like it or not What Harris gets wrong is assuming the focus is reproductive rights,1
Biden should call Trump supporters retards so they start wearing Proud Retard merch,0
Ron DeSantis Challenges Kamala Harris and ABC News on Hurricane Relief Issues via,1
Just about every red blooded American boy has talked like that AND WORSE from Junior High gt High School gt MilitaryCollege including the anointed one Barack Obama and his buddy Joe Biden,2
Donald trump will remember this,1
Not hearing the information that needs to be heard OK So there were stimulus checks Trumps name was on the nd and smaller than the k one he wanted If Trump shouldnt be credited for what Congress passed why should Biden and Harris,1
You Kamala Harris refuse to acknowledge the pain and suffering you have caused so many American families insisting on illegal aliens come in and rape murder and sex traffic thousands of women How dare you,0
To GOP headquarters to say that they are alive and well amp tell JD what he can do to the couch,2
Kamala is winning Check Donald Trumps tweets,1
NEVER EVER BEEN RIGHT BOB THE FRAUD More Kamala The Commie Marxist FAILURE HOW LONG BEFORE ITS YOUR JOB,2
Nope Joe Biden is POTUS this time not Trump,1
Im just going to saythis is the Biden administration,1
If anything would you have done something differently than President Biden during the past four years Sunny Hostin asked Harris responded there is not a thing that comes to mind,1
Bro Ive been wanting Biden to drop out for years and I know a lot of people on the left wanted the same I always assumed if he dropped out Harris would be the nominee You know why Because I voted for a BidenHarris ticket and I know what picking a VP means,1
REMEMBER Trump cut them off altogether Biden started their money flow once again I mean wth Who would to that A better question WHY would anyone do that,1
I want to get revenge on every mother fucker that helped ruin this country and tried to destroy his life and family! I hope they can't sleep at night because they know he is coming for them! I hope he gets them all!,0
Biden called the people of the US garbage Kamala is his VP This is how they think about us Probably you do too,2
and are fueled by hate They hate America almost as much as they hate After stealing the nomination from Biden Kamalas campaign has been nothing but lies and hate Its a reflection of her entire life,2
Trump being the GOP presidential nominee I votd for Harris last week Thats the first time Ive voted for a Democrat presidential candidate in my lifetime,1
Fuck no more year of Kamala an Biden Nah,2
These Stocks Were SampP s Top Performers In Bidens First Year Could Trend Continue If Harris Wins Election SPDR SampP ARCASPY,1
Who was president and vice president when those wars started Oh yeah Biden and Kamala What wars were there during Trumps presidency Oh yeah none,2
Sure yeah it was Hunter Biden But you have to be pretty dumb knowing how close that family is connected to think Joe Biden wouldnt be involved Does Sam have dual citizenship with Israel by any chance,2
Kamala Harris on what she was thinking during the debate Its family TV right It starts with a W heres a letter in between and then the last letter is F,1
The attempt to help Commie Kamala will backfire just like the debate fact checking did Nothing will stop the Trump Train including the regime media,2
So basically she is complicit in the disaster that is the BidenHarris Admin Remember this folks when you go to vote They dont want immigrants just their votes They can weather mod you out whatever whenever they want If you came here amp have a choice vote Republican,1
MAGA keeps bringing up the fact that Kamala doesnt have biological children Has anyone ever thought maybe she struggled with infertility Her having kids dont shit to do with her running for President,2
This is possibly the most delusional thing ever to come out of the MAGAverse and theres a lot to choose from Stephen Miller Attractive,2
Kamala Harris Trump is a threat to democracy Trump is unhinged Trump is Hitler Also Kopycat Kamala,2
TrumpMAGA IS A HATE CAMPAIGN Kamala stands for We The People America UNITED WE STAND DIVIDED WE FALL VOTE for is you love VOTE and DEMOCRACY,2
They dont know what to do nor do they know what they unleashed OR maybe Biden is paying Kamayla back,2
Obviously if the rule of law did not apply in this country Trump would already be behind bars Biden would simply have arrested him Trump is only still free because the rule of law prosecutors and courts are still functioning like they should If Trump wins then you will,1
Nuland was the war monger who overthrew the duly elected president of Ukraine a Russian backed eastern Ukrainian but Biden said no way and this phony arranged the Coup Nuland also assisted the CIA amp Hilliary confirm the lie of Russian Collusion,2
Biden called us all garbage Trump troll level,2
The kicker with the Hunter laptop was Biden in the debate confidently referencing the Intelligence agents it was so clearly a setup that Biden was in on,1
You maga turds are the ones fearmongering about voting constantly This is on you,2
Pure fucking garbage. Three piles of shit.,0
This is delusional on your part The Puerto Rico comment which was a joke and not made by Trump will likely cost Trump in the election The Garbage comment which was a serious remark by Joe Biden will cost Kamala nothing Dont worry mate the media is still against Trump,2
This same journalist has been ringing the bell for Donald Trump since Back then he was claiming he wasnt a billionaire that he was lying Which is it Is he rich or poor David Cay Johnston,1
Let me know if any people get paid I doubt it Its akin to a chain letter Propaganda to instill agitation to swing votes from Harris to Trump by hinting she is against the st and nd Amendments She is not Its a lie perpetrated by MAGA politicians to keep the flock in line,1
Morally indefensible Thats actually the problem with voting for Kamala Harris,2
Harris is toast She was always unlikeable Now Democrats know shes unelectable Biden is laughing his ass off,2
Donald Trump GOES Into The Waffle House amp Surprises A Young Man Before H via,1
Really Do you believe the KKK MAGA crowd will stand w Donald Trump Especially after they find out he is Jewish n will be sending more to Israel,2
Wait so it matters for Trump but not Biden The party of hypocrisy indeed,2
Biden supported raising minimum wage to an hour and it never happened Kamala might say she supports it dont mean it will get minimum wage increased Truth is the billionaires pay their workers an hour the problem now is that it cost per hour just for basic needs,2
His perverted crackhead son Hunter calls Joementia Biden Pedo Pete a reason,0
It is very well documented that his administration was not cooperative with the incoming Biden team,1
if Biden could read the words on the teleprompter hed still be the Democrat candidate,2
Guess Harris ws rightknock back a few beers on colbet show Let them get Biden off the beach to handle this so called storm of the century lmao,2
WERE NOT GOING BACK TO THE BIDENHARRIS SHIT YEARS,2
There is only one problem with this Neither Putin nor Biden could do it to each other Regardless of who starts itit will be over for humanity especially for those in the global north,1
Well convicted felon sexual assaulting grifting liar Donald trump IS the king of garbage so I guess this is appropriate,0
Like Donald trump would be a dictator with no regard for the constitution or state and federal laws,2
Dont let Donald Trump burn it all down We have more hard work to do and we can do it Dont stop no matter how tired you are We have to keep going to the very last minute Hard work is good work get out there and do something,2
You realize hes the man behind the curtain Biden and Harris are his puppets,2
But lets be clear Donald Trump has been calling every democrat traxh and scxm from the beginning of his first election run The fact is hes projecting Hes the traxh Hes the scxm He should get what he gives,2
American conservative Christians be like,1
Ron Reagan stopped Israel from massacres of Lebanese people with one phone call Biden just gives them more bombs I will not vote for this shit Todays democrats are farther right than pre republicans FFS,2
I find it OUTRAGOUS that not ONE REPUBLICAN POLITICIAN has said a single word about the burning of ballots DISGRACEFUL SHAME ON GOPMAGA WHY WHY WHY,2
Please vote and please vote for Kamala Harris and Tim Walz Wise words from Derek Lowe In The Pipeline blog,1
Not sure whether you are a republican but you are certainly a fool for fighting to continue with the shadow DNC cabal,2
Thats what Biden said for sure What a shit bag,2
We Maga family Vote Trump,1
Kids in the future will study about Donald Trump the way we did previous presidents like Abraham Lincoln and George Washington They are in for a wild story,1
Im sorry for the plight of Floridians who are trapped in an area that gets ravaged by tropical storms and hurricanes Electing people who are concerned and empathetic is important The GOP gets rich and lets you die Stop electing the wrong party I hope she survives,2
Joe Biden has been garbage his whole life,2
Haha Trump himself just likened us to garbage Take that Biden MAGA once again proving Trump was right to question their intelligence,2
DESPITE conflicting reports about a RHONY Merge Denier in Momalas inner circle that surfaced today Onika Morgan has OFFICIALLY cast his vote for KAMALA HARRIS,1
With a single Emergency Trump Endorsement Biden could set the entire global political universe on fire,2
Kamala Harris wants grocery stores to operate at a loss,2
Kamala and Biden work for billionaires and opened up the border for them Trump wanted to build a wall to control who comes in and you called him a fucking racist for it Sit this one out Michelle Or vote Trump,0
You know what is strange to me that Donald Trump was a muched loved individual before before he ran for office He used to be a democratic representative back then in those days But even since he switched and ran for office now everyone hates the guy hahaha Clownworld,2
A corrupt bipartisan cabal from BushBiden has been the generational leadership in America with the sole exception of Trump whose primary contribution was the Abraham Accords securing peace in the Middle East and was immediately binned by Biden who since Obama has been shoving,2
Kamala Harris spotted moments before her events of today,1
Former first daughter Barbara Bush breaks her silence on why shes campaigning for Kamala Harris,1
But we cant just send the message that were complacent and willing to accept Palestine as a loss Were not Bidens numbers TANKED over this and Harriss numbers continue to tank They know it they spend every waking second analyzing public opinion But Trumps gotta go,1
And yet here you are making unproven allegations against your own President on the basis of evidence which was stolen and for which there is no chain of custody Aimee Harris has already been convicted You know as well as I do that Ashley Biden has denied that she was abused,2
A good one to follow if you are into a strong MAGA and guns person,1
This is my table comparing R vs D turnout data in and ED is obviously speculative but its datadriven Set aside NPAs for a moment If Biden could only win by k in a Dk environment how will Harris fair now that things have rightshifted by k,1
Biden has been torpedoing Harris right alongpress conferences while shes speaking and now this garbage statement will hurt Harris or should I say help Trump,2
Why were you at the DNC on January,1
Pathetic excuse YOU had your hands in everything that has happened already Youre one of the same of Biden,2
Biden would snap in half and Trump hates people so not a surprise,2
White supremacist ideas go mainstream How the GOP is embracing a dangerous narrative,2
Heres another thing Kamala Harris is a extremist left wing liberal and will do great damage to our country Thats should matter too It really should,2
Jeff I promise you the President of the United States Joe Biden labeling half of the people in this country garbage will be way more impactful than a bad joke by a thirdrate comedian,2
lol it will go viral just wait lmaoooooo biden fucked u guys big time how can a sitting president call its citizens garbage the other one was a comedian,2
To be the fly on the wall when Jill first heard of Joe getting kicked out Thinking words like ballistic and all of hells fires and such could have been used to described what the hapless Biden staff and the other poor souls that were in range witnessed at that time,2
hell yeah i voted today too MAGA,1
Whos got the best Joe Biden Get Off My Lawn meme w Kamalas WH backdropped event tonight Anyone And if ya make one after this youre welcome,2
Bannon Im finally out of being a political prisoner by the Merrick GarlandKamala HarrisNancy Pelosi regime for standing up for my political beliefs,2
"F*CK KILL TONY. I HONESTLY BELIEVE HE WAS SECRETLY PAID BY A DEM TO MAKE THAT STUPID JOKE. HE IS STEALING ATTENTION AWAY FROM ALL THE POSITIVE THINGS GOING ON AND NOW THE MEDIA WILL ONLY PAY ATTENTION TO HIS SH*TTY JOKE!! MAGA, DISOWN HIM IMMEDIATELY!!!",0
Trump Has a New Name for BidenHarris America Garbage Can For The World,2
PRIME SUB TO DONALD TRUMP,1
Vance I Dont Think That Percent Of WorkingClass White Voters Would Have Supported A Muslim Ban Before Donald Trump Said Something About A Muslim Ban,1
hi Maye Im from Europe US seems so dangerous since Biden wins I really hope Trump could bring order,2
This guy really wants to fuck joe biden,0
The Promise Of A Kamala Harris Presidency by,1
Kamala Harris pulling out of North Carolina she now has lost The first of many loses Jaime Diamond Jeff Bezo CEOs Apple and Google are now supporting President Donald Trump the writing is on the wall for a Major LANDSLIDETRUMP,1
Trump reportedly spoke with Putin at least seven times since leaving White House MAGA FOOLS HEY FLORIDA HURRICANE HELENE AND MILTON WAS SENT BY YOUR JESUS,2
Has Joe Rogan ever been afraid to interview anyone Is your position that Kamala Harris is such an intellectual giant that real people fear her God bless you You will need it,1
Isnt that what they said about dementia Biden,2
according to what the polls that have her lower than what both biden and hillary were trending at this late yeah shes got this its in the bag you dont even gotta leave the house to cast your ballot its sealed,1
"No, fuck-stick the left as I knew it & I have raised millions for you fuckers + also Republicans, your party left most of the good Democratic party that I have know & still friends with! Fucking for once in your miserable life own that shit...accountable goes a long way!",0
Well in context Biden was obviously calling the comic garbage not all Trump supporters,1
Obama received a Nobel Peace prize despite leaving k Christians behind in the Middle East when he pulled us out without leaving any security for them They were raped and murdered He also turned his back on Israellike Biden,2
False Theres only one way in the election the person that has the best track record for running the country Trump has made the country so much better in his four years and Kamala Harris has destroyed the country Its a no brainier to save the country Trump,2
years ago Biden was a little left of center a liberal Thats why I had no problem voting for him Since then Biden amp Dems in general have shifted FAR left The Squad isnt needed anymore when Dems are increasingly doing their bidding WTF has happened,2
The Comedian was hiredpaid by Kamala Harris to torpedo Trump She had a precorded commercial that launched immediately after the Comedian said that So he ought to think long amp hard as that comment was from KAMALA HARRIS,2
Kamala Harris Lead Shrinking One Week from Election New National Poll ha ha ha,2
Video where they threatened all candidates who dared campaign against Biden at January Iowa Caucus Broad daylight racketeering,2
Tf goes on right now in this country How about helping those people struck by this natural disaster and move quickly to get everything in place to help after Milton strikes Idgaf about Kamela or Biden or Trump in this Rather help those in need asap,1
Love your kids more than your guns Vote for Kamala Harris and get better background checks and an assault weapons ban,1
And how much of her fighting for Biden to stay on the top of this ticket was due to the timing the Vogue cover story,1
I dunno Jose with conservative tactics got nd with points and only goals scored but hed been there and done it in the PL Erik does not have that luxury so he should be trying to play a more expansive entertaining game that would win more fans over,1
A Video Of Donald Trump Struggling To Get Into That Garbage Truck Is Going Viral For Obvious Reasons The American people need to demand the release of his medical records so we can know exactly what is wrong with him This is ridiculous,2
Its no exaggeration to say there has been more investigative reporting on the subjects of whether Tim Walz was in Hong Kong in or about why he left the National Guard than there has been on the far more crucial question Is Donald Trump seriously mentally ill,2
Hey how about Joe Bidens daughter,1
Kamala Harris cant stop lying about Trump Pray for her soul,2
He said it and he meant it Just like Joe Biden called us all garbage,2
Opinion Angry at Bidens garbage comment Then say it But what about Trump via DONALD TRUMP IS A PILE OF TRASH,2
Well stated Sir But dont ignore the Elephant in the room This is the same Kamala Harris who only days ago was telling Christians who said Jesus is Lord that they were at the wrong rally This is not only buffoonish word salad presented as Scripture its a,2
The ENTIRE GOP needs to be fired The American People Despise Them All,2
Except of course should Harris become president she will be like Biden president in name only,2
Kamalas backdoored our president Biden,2
Kamala Harris claims that Trump will terminate the Second Amendment and that shell protect our gun rights Does anyone actually believe that NO SHE IS ON RECORD AS BEING AGAINST GUN RIGHTS OF CITIZENS,2
Im Donald trump and Im campaigning for president from a garbage truck this afternoon,1
Yeaaaaaahand I get why that is But yeaaaahas someone who doesnt come from a GOP background I too have found it a little annoying,1
Howard Stern and Kamala Harris are both trashy individuals,2
Sorry you dont get the benefit of the doubt after your side spread the Fine People hoax for six years I heard Joe Biden call half the country garbage We didnt make up the rulesyou did,2
She was trained by Biden,1
True but other than the additional context about Biden the rest of what you explained is right there in plain English in the tweet Boykin cited If the leftists couldnt figure it out the first time theyre probably hopeless,2
BOJ to Sit Tight as Japan and US Elections Elevate Uncertainty The Bank of Japan is widely expected to stand pat Thursday in the face of elevated uncertainty as financial markets brace for the US presidential election after Japans Spotted for you,1
When you say by you mean it was Trump Biden,1
Since Kamala Harris slept her way into an official position we know who she works for,0
The United States has been the country that has given the most help to the terrorist entity called Palestine and yet you miserable people hate the United States Biden put up many obstacles to Israel Biden even blocked the shipment of bombs to Israel,2
Theres that Christfree MAGA Christianity,2
At this point its crystal clear GOPTREASONSEDITIONINSURRECTION,2
Kamala Harriss speech at the Ellipse tonight reminds me of when Obama was a candidate and was criticized for his lack of experience in foreign policy He went to Berlin and gave a speech on FP K showed up and he looked quite presidential making doubters believe,1
Who else but Donald Trump could turn riding in a garbage truck into a statement Hes not just any president Hes a president of the people by the people and for the people,1
And we wont because we welcome all To MAGA MAGA is for the people,1
The question is what Netanyahu got from Biden in exchange of that,1
Read JeanPierre scorched for denying Biden called Trump supporters garbage These people think youre stupid on SmartNews,2
The history numbers say it Biden deported illegal more than Trump,1
calling Americans scum is aok if youre not Biden,2
You would think Biden is trying to sabotage kamala,1
biden fixed the ice cream machines,1
Maybe because they said Fuck Joe Biden not Fuck Joe Bidens supporters,2
Cant wait to see Donald Trumps dignified response to being a loser again,2
Cat HATES US President Donald Trump via,2
Wow lets seeobama scolds black men Cuban calls women dumb and biden calls trump supporters garbage They really know how to help their candidate,2
Lets consider for a moment who is supporting Kamala Harriss run for PresidentWho or what is controlling Harris Who are the people that got Biden out of the way and put her on the ballot It is obvious that she could not do it herselfShe is a puppet,0
Biden and De Niro still think theyre tough guys even though theyre a COVID strain away from the ICU,2
The question is not whether or not Biden had the votes The question was whether these votes were legal and legitimate which they were not,1
Donald Trump and his minions hate America and anyone that does not support him,2
I HOPE THEY MAKE HER PAY EVERY PENNY OF THIS MONEYOklahoma schools chief bills Kamala Harris M for education costs citing illegal immigration,2
Yes Back pay interest and promotions Then quit paying the thousands of documented terrorists and criminals that BidenHarris have welcomed into the US,2
Yet you probably voted for Biden who has been accused of rape Get off your high horse,2
One more week to fight Vote trump early,1
Marine Corps Veteran about Biden garbage quote so that means US military Army veterans Marine veterans Navy Air Force all the above are garbage to the current Commander in Chief hardworking American families fathers mothers their garbage,2
The FBI cant stop this no theyre too busy covering up for pedophiles like epstein and hunter biden,2
This will be my rd time MAGA Strong,1
It is not unlikely it is a certainty This is a vendetta driven by Jill Biden She is Joes puppet master Mad as heck that she will not be the White House Queen for another Presidential term,2
Israel continues to weigh options timing on Iran strike following BidenNetanyahu call,1
If Donald trump dies tomorrow guess who gets to run for president next week Take a guess I believe in you,1
Hunter Biden saying Trumps election will be the end of America doesnt know what hes talking about first But I truly hope is the end of Hunter Biden and his corrupt family They all need to go to jail for all theyve stolen and what they have done to the United States of,2
How could anyone vote for this LYING WITCH Trump is going to not tax overtime This Democratic Party is actually insane and narcissistic they would have to be to spread the amount of lies they do Un Mother Focking believable Do they really think the American people are,0
Everyone watched Donald Trump literally lose his mind on national TV and start screaming about people stealing pets and eating them If you think thats domination your judgement is not very good,2
This should be disqualifying amp the fact Kamala KNEW how bad Bidens dementia wasis amp COVERED it up,2
That son of a bitch New book reveals candid behindthescenes conversations of Biden perception of Israel around the world increasingly is that youre a rogue state a rogue actor said to,2
Im and Im supporting Donald Trump Camel Toe is a socialist,2
The Church rejects Donald Trump Bibles,1
My crowning trading achievement was buying Joe biden to win NV for days after the election after reading the predictit comment section,1
You think Kamala will get more votes than Biden and she cant even get the union vote or endorsed by many newspapers Yeah okay,2
Is this the same Donald Trump who upon taking office in tried to decline Secret Service protection and use his own security team instead He tried to create his own Praetorian Guard He didnt want witnesses to his actions that wouldnt be totally loyal to him,2
Osborn is nothing like McMullin Hes a union leader and wouldnt be out of place in the CPC on economic issues Hes quite conservative on immigration and a staunch nd Amendment guy though,1
Coachella California for the Donald Trump Rally today The line DOES NOT END Take away Democrats Voter Fraud and ALL States Are MAGA dont believe the polls,2
Please stop Biden from biting children,2
We letting fucking Joe Biden score,2
Trump is just intuitively better This is epic gamesmanship days ago people were trying to get peoples panties in a bunch about a comedians joke Today theyve been playing defense about Biden calling Trump supporters garbage Now Trump again takes the media spotlight,2
Does anyone think he actually believes how dribble Nothing dynamic is coming from Kamala Harris OR Mark Cuban Watch her try to speak without a teleprompter Dead air space,2
No He endorsed BLM Biden Diddy George Floyd and a bunch of other crap Been wrong every time,2
Yeah reduced it to twice what it was under Trump Also it cumulatively is over durring BidenHarris Congratulations,1
Conservative Korea,1
Trending Story Donald Trump and the Election Subversion Plot of Trump is exploiting the deeply antidemocratic Electoral College as designed by the Founding Fathers,1
If we dont elect Kamala Harris and get some SANITY back in government and politics over all THIS is going to get WORSE amp WORSE,2
DONALD TRUMP IS A PIECE OF,2
Looks like at wants to settle down Whenever a far left woman starts having positive outlook for the right Its time to trick a Luke warm conservative man,2
Trumps planned murder by the Zionists has been formally announced Biden warns Iran against going after Trump WaPo RT World News,0
Remember the first year WA went mailin voting in the GOP retook the Senate They had Seniors and Disabled and Military voting in full force with mailins and they WON No fraud Then something happened in and GOP lost all power in WA What was that MAGA problem,1
WTH he wont be president on election day He forgets Biden will be president If he tries another Jan th it will be Biden who sends the military to stop them in their tracks,2
Biden Harris has allowed this to become a much bigger problem than it ever had to be,2
Oh so YOU believe hes antiestablishment despite being more committed to than Harris and Biden combined and having the backing of big names at Fox News Wall Street loves him TV execs and news media make billions off of him Hes supported by the richest man in the world,1
Thought Putin was the DNC master what did I miss,2
Maybe Seems like a strange interpretation to me but Joe Biden is President so what do I know,1
Joe Biden you have immunity lock him up,2
While dead Americans are stacking up next to a river Kamala Harris was campaigning and talking in circles on a minutes episode Holy shit,2
BidenSullivan obv believe that any escalation right now is likely to aid Trump and that USadversaries are looking for exactly that rn Which they obviously are Thats all what this is IMO Ukraine HAS to win in the end for the sake of all of us and they know this,1
Nate knows enough about US elections to know stealing elections is borderline impossible due to how the system is set up,1
Moreso they should have their baby taken from them and raised by MAGA parents,2
I respect this level of integrity Hold all of your guests to this same standard Both sides of the political spectrum have lied to us a lot but I think in particular a lot of conservatives need to be honest with themselves about how central lies like this have been to MAGA,1
Former NFL Quarterback Brett Favre Criticizes Political Hatred While Standing by Donald Trump at Green Bay Rally,1
Why didnt Biden pick her,1
When I watched Trump a couple years ago on CSPAN and then hours later on a main stream news network THAT was the beginning of me coming over First time Trump voter this election,1
Correct Obama was looking for a stupid malleable VP and ended up with Biden When Biden got the nomination following Obamas lead he looked for a stupid malleable VP dumber than him and ended up with Harris When Harris got the nomination following the lead of Obama and,2
Yes but she did condemn Bidens comment,1
Joe Rogan Gets HUGE Reality Check About Donald Trump via,1
Longtime GOP pollster warns Bidens garbage comment may have cost Harris the election Source The Independent,1
Putin already endorsed Kamala Harris,1
Anything worth doing in our country requires hard work amp collaboration and well do that hard work every day until Nov to elect Kamala Harris to the White House I was proud to be in Arvada speaking at the Latinos for Harris rally this weekend to talk about a,1
Kamala Harris is not going to defend trans rights reinstate federally protected abortions or stop the genocide in Gaza She is also supporting mass deportations I dont think Trump is better and Kamala is not going to fix the things that are wrong rn under a democratic pres,0
Iran my ass ITS THE U S GOVERNMENT THAT IS TRYING TO KILL DONALD TRUMP FUCK ALL DEMOCRATS AND RINOs FUCK SATAN,0
His own words are his demise How can we say we are moral and back a man who hasnt any Donald Trump tells you that honest men wrongfully convicted him of a felony Donald wanted to use the military within the borders of the United States even though the constitution of,2
Wise up moron Biden called Trumps supporters garbage Trump didnt call his own supporters garbage Get your facts straight and get your head out of your ass,2
He is telling people at his rally all these issues affect Kamala Harris not him How foolish Does Trump think the Internet is down in America That we dont watch Kamala and Walz He lies so much its sickening We all know the truth Trumps falling apart Amen,2
Biden admin will probably say once a deal is struck that Ukraine doesnt need more AA missiles or something because Russia promised not to strike energy infrastructure then theyll fire huge volleys of North Korean missiles at Ukrainian energy infrastructure,1
He aint maga He pays his fair share Voting for Kamala,1
Big Tech Brainwashing Wikipedia Works Overtime to Label Donald Trump a Fascist,2
Is Joe Biden psychic,1
The true scale of migrant crossings under Kamala Harris revealed,1
Harris engages in hypocritical disingenuous rhetoric Take for instance Tariff Mans regressive sales tax that costs the average household over yr Biden rolled back a number of other Trump policies but hes extended the range of targeted goods,1
. Because refuses factual science that climate change is real & promotes coal over cheaper natural gas & green energy. Too bad you are a bootlicker for DJT. You could do good in the world if you stopped being a power hungry racist fascist,0
WellMAGA Fox News was worse Lying to its viewers intentionally Paid Million to settle a lawsuit MAGA keeps talking about what ifs but we have a Conservative news organization thats done worse,2
Three Supreme Court justices cast their vote today to KEEP NONCITIZENS on the voter registration rolls in this country Let that sink in PS GOP Senators who voted to confirm these radicalsWe know who you are,2
common denominators with Biden Harris sign wavers shouting and obesity,2
No this comes from a Democrat who has turned Independent after watching how my party has run it into the ground and expect everyone to just fall in line with everything they do and be okay with their coup with Kamala Harris I didnt vote for that Netflix candidate,2
If Biden and the Democrats wouldnt have weaponized the DOJ he would t be in jail in the first place Especially since Garland himself defied a summons to testify before Congress and had NO consequences There fixed it for you,2
This occurred during the BidenHarris administration and the same individuals who claimed Trump wouldnt support women are now in power However it appears that BidenHarris are not supporting womens rights either Looks like women are out of luck,2
Heres a possible response You know I think LeBron James endorsement says a lot about the kind of leader Kamala Harris aims to be As someone whos worked with individuals from diverse backgrounds I believe its essential to remain openminded and nonjudgmental Whats,1
Donald Trump sent a one single message to Taliban saying dont kill my soldiers I will create havoc on your head and there was no American killed in months of his tenure Its time for COAS Asim Munir to send this message to the khawarej,1
Lmaooo yeah you are right CNN lies everyday This is when they were actively conspiring to get Biden into office and CNN is pro left This was just so undeniably bad,2
Boots on the ground Biden,1
From the Inside the foolishness of Donald Trump and ignorance of his minions like Elon Musk has reached a level of contempt and disgust Their behavior is enough Republicans Democrats independents women minorities and religious organizations will vote enough of Trump,2
Luckily for Chairman Tom Cole hes already beat back a mysterious selffunded MAGA primary challenger,1
The make up of the crossbench if the status quo mostly remains would ensure a minority Govt would be run by Labor This is why a half pregnant vote by conservative voters would be yet another disaster for Australia,2
California will be conservative in a few more elections,1
Make those supporting Genocide unelectable Kick out Biden and Kamala And if Trump has not stopped insane Netanyahu within a few months of taking office kick out all the Republicans supporting Genocide Never allow Bibi to address Congress again Never,2
Maga voted against fema funding,1
Nobody called people garbage or suckers and losers Except for Biden A comedian called land a garbage dump bc it factually has a landfill problem And the suckers and losers hoax has been debunked a million times If you didnt have lies youd have nothing at all,2
Thats exactly true Kamala Harris lied,2
Julia Roberts urges wives of Trump supporters to hide their vote for Kamala Harris The Demonicrats are nothing but liars cheats and thieves and THIS proves it,2
There should be a new world record attempt for the largest gathering of people pointing at and laughing at Donald Trump when he loses,2
Biden and Harris are creating an environment of Hate Division and for Civil war They should never be in public office Calling Trump supporters Garbage is disgusting,2
With everything that is happening in our country right now What is the first thing you think of when you see Kamala Harris doing this,1
imagine biden trying to get up in that truck,1
You would intentionally make Kamala Harris President None of you are who you claimed to be,1
Mehdi we need your voice to help bring down the BidenHarris administration in November A new Democratic Party needs to be born,2
This has nothing to do with you you arent president DESANTIS spoke with BIDEN Only making it political is YOU Stop it sit down mam Ppl are tired of ur shenanigans,2
Great Sign a piece of paper celebrating BIDENs achievement in getting inflation back to a normal Trump caused inflation His big ego caused worldwide inflation and his orange makeup caused the pandemic Because Jared was the Jew SMiller had to become the nazi Facts,0
So Biden calls trump supporters garbage And mark cuban calls conservative women weak Solid strategy thanks guys,2
Thatd be great I hate to admit it but the new I dont give of a fuck Biden is way more likeable Id bet money hed trash Kamala in a debate,2
What goe on the voting booth stays in the voting booth right Joe We all know you voted for,1
You confirm that Trump has regularly spoken to Putin supporting Trumps claims Russia doesnt pose a realistic threat to American Democracy It has no PACs amp under surveillance Misinformation is a real amp present danger Biden amp Harris are compromised,2
So what Thats who Donald Trump is We wont go back,1
Love Trump,1
what are the odds there will be enough spine to keep it from being a Maga takeover or that they as a party even care,1
Even Trump needs two jobs in the BidenHarris economy,2
So many dumb people in the comments As expected Maybe people are tired of over paying for shitty food and costs are high due to CORPORATE GREED NOT BIDEN ya knobs,2
I have concepts of a plan Donald Trump,1
These people are psychos And theyre too dense to understand this guy is beautifully trolling them They say Dems are too mean spirited Next they say Biden and Harris and all of them should be hung for treason But thats definitely not mean spirited is it Psychos,2
Thats not MAGA ppl,1
Its amazing how many totally real models are posting how theyre single and voting for Donald Trump Its almost like a paid for marketing campaign targeting dopey horny guys,2
Inflation started just a few months into Bidens Administration There is always a delay But if youd like more of it Trumps definitely the way to get it,1
Compared to what By your anti war position he got us out botched or not So are you suggesting staying in Afghan is good Mr Anti War What specifically did Biden do wrong and what should he have done Tell me armchair general,1
So if you save up K for a car but then your house is severely damaged by hurricane l youre not gonna touch the car money because it was allocated for your car and not the house This isnt rocket science Youre as retarded as Joe Biden,0
The Mainstream Media Kamala Harris the and their hidden owners werent concerned about incompetence for the sake of the nation theyve known amp lied about it for years They are only concerned about Joe Bidens incompetence for the sake of retaining power,2
WHY WOULD RON DESANTIS TAKE CALLS FROM DUMB AND DUMBER AND INCOMPETENT FEMA?? I'D SAY DESANTIS HAS BETTER THINGS TO DO... LIKE PREPPING FOR THIS HURRICANE!,0
Im sorry but if you wont vote for VP Harris you wont crawl over glass to defeat MAGA Youre doing literally the least you can do to defeat him Trump and Lake thank you for your half vote for them,2
November is the Sentencing date for Donald Trump regarding being convicted on breaking the law times Trump is a Convicted felon days Sentencing may be Jail Time minutes hours days or months Trump led the insurrection of J Trial pending Sold docs Pu,2
What a terrible thing to say to someone whos country is currently being thrown into a river of blood by the Biden administration have you no shame,2
The Democrats LIE Every Day FBI Agents Talking about Leaving the Country if Trump is Elected Obama Clinton Biden Got Caught Spying and Rigging the Election,2
At this point for whoever has been paying attention the Kamala Harris campaign has pretty much insulted everyone except their core base of criminals and the brainwashed NPCs That the polls are close is fake news Cheating is rampant But the people must win nevertheless,2
well its true a Dem goal is eliminating gas powered vehicles and Biden and Kamala let bunches of migrants come in lots of bad people mixed in with them,2
And um punctuationwhich is the basis of the whole false Biden garbage BS,2
If you are considering voting for Kamala Harris in the allinclusive oneword Joe Biden response to danger Dont A Veteran,2
PRESIDENT BIDEN and former president Trump,1
If I could give this dislikes I would Man youre talking about somebodys yearold daughter and saying she confused Trump with Biden and so the dad has TDS was seriously the best you could respond with Tom was right Trump is dying And your souls are with him,2
POLYMARKET WHALE ALERT Will Donald Trump win the popular vote in the Presidential Election Somebody just put on YES,1
Great point Im from the high level view of if they vote for BidenKamala they are voting for war whether they believe it did it intentionally or not,2
DNC and Harris is one of the biggest PR for Republicans,1
America First right Make America Great Again your guy shows us every day hes barely AMERICAN,2
Two years ago Elon Musk told Donald Trump to sail into the sunset Now hes the former presidents wealthiest supporter I WOULDNT TRUST THESE AS FAR AS I COULD KICK THEM THEY ARE POWER MONGERS,2
They are taxes that affect imported goods it doesnt affect goods manufactured in the US And its true that as trump left imports has increased under Biden Tariffs enforce companies move and manufacture in the US and even the playing fieldMarket,1
VP Kamala Harris is clearly the superior candidate in terms of experience to be POTUS Its so sickening that Black Americans have historically been way over qualified to run for all high level positions and public offices,1
Voters arent into Obama anymore They like Kamala instead of Biden,1
Uniparty slugs in the GOP doesnt either,2
I already said if Hilary Clinton could not beat Donald Trump its not likely Kamala Haris will beat him,1
Wow Donald Trump is truly a humanitarian of the ages to open all his resorts to those fleeing Milton,1
Fuck Trump MAGA GOP amp the MAGA Cult,2
Good for Biden hes just a dirty liar to be an act of justice laws to close the nursing home,2
"The Lefts stupidity is exhausting. Most of yall don't see yourself as human, ie furies etc. He absolutely sees u as human but why the heck should he? Yall have been calling him Hitler, a nazi, a white supremacist racist for nearly a decade now. U don't see him as human. F*CK OFF.",0
Axelrod has been antiBiden from the getgo Its beyond old by now Axelrod has been anything but a strong Harris advocate yet he sits at the same table to counter Trump sycophants like David Urban and Scott Jennings,2
Ashli Babbitt Sweatshirt Trump Milton,1
Marc Cuban is very jealous of Donald Trump Cuban can Never achieve the success of President Trump,2
This is an interesting report on the potential bias in the Wikipedia articles related to Donald Trump amp fascism Its important to critically examine the editorial process behind such politically charged topics based on the deep state BidenHarris regime to malign TRUMP,2
Im sure theyd say the same thing about the missing unaccompanied children under BidenHarris policies They are probably being trafficked and liberals just dont care,2
The bill youre referring to didnt exist when Biden fought in court to end title,1
Donald Trump Tax Plan in Seconds CPA Explains via,1
If elected she will be much worse than Biden,2
From day one of BidenHarris its been a planned demolition of the US and the Western world in case no one noticed,2
Kamala Harris Joe Biden Vance Nancy Pelosi the list goes on and on,1
Former Trump aide Steve Bannon released from prison Former Donald Trump advisor Steve Bannon has been released from prison after spending four months behind bars Bannon,1
Musk laughing at idea of puppet Kamala Harris being killed sparks fury Oh look Elon is being a dumb ass Stop his clearance Hes unhinged,2
The real dead Joe Biden Cant compare the one to the any Bidens,2
MAGA complains yet Donald can say it,1
Biden ran as a moderate and governed as a far left open borders DEI radical If you are falling for that scam again good luck falling for anything,2
The same people who have told us there was absolutely no cheating in have also said The border is secure Joe Biden is not cognitively impaired and is at the very tip top of his mental game The economy is wonderful and Americans are doing just swell Illegal,2
Holy fascism Batman Explain knock down because that sounds awfully close to a call for action Must be nice to have the Feds on your side your tweet would earn a noknock warrant at for a conservative,2
Bidenomics Is Starting to Transform America Why Has No One Noticed The full effects of the Presidents economic policies wont be felt for years That might be too late for Kamala Harris and other Democrats,1
Harris billionaire surrogates suggestion Trump women are dumb comes on heels of Bidens garbage comment NOW WOMEN FOR TRUMP ARE DUMB I HOPE EVERY WOMAN FOR TRUMP GETS OUT TO VOTE,2
Kamala Harris speech at the Ellipse was irresponsible All lies,2
This shows how much of a DNC propaganda machine you truly are,2
They are garbage look at Trump supporters they have a very distinct look and weird look about them They are delusional af and most of them are sex traffickers who love child no lies were told hes a creep just like Biden and all old white men,0
"What J6 did broke the fucking law, you are the fucking joke, J6 wasnt a hoax,it was a rebellion and when they stormed the capitol and killed people they broke the law. I Pray joe Biden uses his immunity, to fuck DJT, all in service to the USA, PUT THE TRAITOR IN PRISON.",0
Your candidate who holds no Christian values is in more court documents involving rape and pedo Epstein You know who isnt Biden,0
Hes not going to be President The successor to MAGA is MAGA runs the movement,1
biden german politicians etc are so profoundly racist that they dont recognise it cant see it and imagine themselves to be progressive liberals,2
It was a Biden sex bot So all is good,0
Speaking on the Exonerated suing Donald Trump via,1
Kamala if throwing the word fascist around makes you feel better go ahead but lets get something straight real fascists silence opposition suppress free speech and use government power to crush dissent sound familiar Thats exactly what you and Biden have done,2
LIVE President Donald Trump Rally in Coachella California NEWSMAX via,1
There isnt The Hunter Biden laptop wasnt hacked materials and Trump never doxxed anyone,1
Because the economy was good when he was president but they dont realize its because he took over from Obama Just like they think Biden tanked the economy because he was president when it was bad but it was bad because of Trumps incompetence during covid,2
MUSK SPENT BILLIONS SAVE FREE SPEACH TRUMP MAY HAVE SAVED THE WORLD BIDEN INVADED USA POEPLES MONEY DESTORY HIS STATES WITH ROITS ABONDONED MILITARY TERROSTS PAID THE INVADOR SPREAD ACROSS USS RUSSAIA PLANED WWW III TRUMP SELLING OIL USA RICH NOT PAYING FOR WARSUSA SOLDS OUT,2
Seniors cant afford groceries under the BidenHarris policies I am so sick of your lies STFU,2
This is dishonest and deceptive No matter how you try to spin it it is wrong Comrade Kamala showed the world how truly inept she truly is I guess we should blindly follow what the Biden regime tells us and not what we see and hear ourselves There is nothing here to see here,2
Martha Raddatz Kamala Harris campaign motto is A New Way Forward Our poll however found that while of Americans want Harris to diverge from Biden think shell continue Bidens policies Kamala herself said there isnt one thing shed do different than Biden,1
Kamala Harris is trying to girl boss Joe Rogan Lets just see whos the boss here,2
What if it was Biden biting all those people and blamed it on the dogs,2
If Covid was a hoax why were high ranking democrats including Joe Biden and Kamala telling everyone they wouldnt take the trump vaccine Yet as soon as they got into office they mandated it to everyone Democrats played politics with American peoples lives Disgusting,2
I suspect many a Maga woman will be secretly voting the other way Given the way Magas attack their own for any deviation from cultthink these women know better than to tell anyone what they did on the voting booth including their husbands and pollsters,2
Joe Biden Groans In Exasperation At Reporters Suggestion He Call Trump To Tell Him To Stop With FEMA Misinformation Source Mediaite just lock trump up for interference,2
Look at the party platforms from the RNC and the DNC from years ago compared to today One party has shot to their side and it is the democrats,1
God Bless Donald Trump and the whole MAGA and MAHA movement,1
Trump got the last laugh Putin invaded Ukraine because Harris and Biden are viewed as weak Americans are ready for change away from the failed Harris policies,2
HOA members are posed man used a generator and watched the game. Tell them to kiss your Ass,0
Trump sues CBS over Kamala Harris Minutes interview Source Reuters,1
"Put down those flags, you bastards!! You are all traitors! Take your masks off, you cowards!",0
Here a question for all you assholes who support Biden and the rest of that clown show What have you got against Making America Great Again Precisely Ive never seen one of you dickheads put forth any policy issues that would be better than what DJT proposes,0
You ignored my point that ALL the major conservative issues deal with groups that are not straight white men,1
MAGA We dont have proof just take our word for it,1
Biden was never the selfsacrifice type,2
I am voting for Donald Trump to protect America from illegal immigrants Say their names Kamala Vote for Donald Trump or America is finished,0
Kamala Harris and Tim Walz would hoth bomb on Joe Rogan They could never do it,2
But you so if they majority of the GOP wants something else then the GOP like the Democrats is not not the party for me Im not going to support tariffs because thats what the GOP voters want,1
Tim and Mike do you enjoy mostly going low and slow around serial tax cheat and adjudicated rapist Donald Trumps puckered orange sphincter or do you typically opt for a more frenzied approach during anilingus sessions Seeking GOP caucus consensus on this important topic,0
I mean like barely Hes just mad bc literally no one cared about what Biden said,1
Steve Bannon Prison taught me that Hunter Biden wont last hours via,1
Trump is set to rally at Madison Square Garden on Oct Expect a huge turnout read more,1
You guys sill running against Biden How are Biden and his son Hunter doing in the Wisconsin Michigan and Pennsylvania polls,1
Levis regressed under him as the HC his offense sucks every judgement can be made because Rudolph came in and he didnt even let him throw and he looked horrible too Callahan sucks point blank period hes the biggest part of why we lost today from his conservative calls,2
And no matter who is president a week from now Let me clear up any uncertainty for you Joe Biden will be president a week from now,1
Trump cause Biden thinks Im garbage,2
Yes if people knew anything about politics or policies this would literally be a landslide like biden vs trump but because ppl dont really know anything trump has an acc chance,1
Donald Trump has told us who he is LISTEN,1
Why Puerto Rico LITERALLY had a trash problem and the BidenHarris administrations EPA knew about it they even reached a settlement about it in Feb The better question is Why did a Comedian have to bring it up Where is the mainstream news,1
Thats a great planlet pedophile Biden near kids,2
Tuesday evening bromide on Kamala Harris Final Argument to America Gets Buried Under Her Crumbling Campaign,2
Shes a lesbian a bitter person against white fellas Thats why shes there and never gets replaced thats the Biden message Hes got his now pi on the rest of you white boys thats the real Joe Biden,0
Bidens double pretends to be US President giving out fake executive orders from a fake oval office in Georgia while Trump remains the true CommanderInChief orchestrating the downfall of the Deep State,2
Biden on Nordstream we will put an end to it,1
Im saving your tweets and Im going to laugh so hard in your face when you find out that the fluke was Donald Trump is a fucking LOSER and people who continually vote for this conman are morons and LOSERS Actually fucking braindead,0
My grandfather passed earlier this year he utterly despised Donald Trump only felt Right to have him with me in some way Hope you and grandma were watching pap,2
Trump didnt walk around the DNC lol,1
Yes Suck shit Donald Trump,0
By the way if you dont think the speakers at Trumps convention represent Trump then why would you think Biden represents Kamala Harris Biden is not running for anything now,1
And by the way Ultra Ultra MAGA people want all people to THRIVE Stop listening to the mainstream news that cuts videos and only shows you a portion of what is said Stop listening to the corrupt politicians We want all people to be successful no mater who they are in this,1
Who the fuck let that idiot out of the basement Dems had the election LOCKED and then biden fucked it all up and his VP is vowing to not do ANYTHING different,2
What about Kamala Harris stating she worked for McDonalds when she really didnt,1
We heard what you said just like we heard Bidens comment You people have dehumanized us so badly that its easy for you to publicly make horrible cruel comments about us Then you backtrack explain and excuse them Why bother MAGA voters know what you people really think of,2
Donald Trump is a ruzZian asset voting him in would make putins year,2
WEF UN Black Rock in my opinion Biden is just a puppet,2
I am voting Trump to SAVE Democracy Kamala Harris is the one who undermined Democracy She did not win a single Primary She is the greatest threat to Democracy,2
Great You Can Start By Endorsing A Campeign To Grant The Middle Class A Whopping Check For All The Damages That Happened Under The Supposed Biden Trump Harassment COVID Pandemic Problem That American People Never Wanted Anything To Do With Where Is It,2
Not anymore I think well find it was Biden that was the biggest fraud,2
This must get out Ask Siri when is the next general election and watch what shows up Its literally Kamala Harriss face,1
Biden won by about votes in The GOPs firewall so far this year is about It will all be decided by Independents See for much gold standard analysis,1
Biden Threatens Critics Of His Hurricane Response via,1
You are a conservative for now I hope we dont see you in the near future going on MSNBC saying Im sorry but now Ive seen the light,1
Biden is one despicable human being,2
Laughing stock is an intangible term it doesnt actually mean anything or translate to any changes to real life How could it be a failure if every important measurable was better than Biden Even if u argue Trump wasnt the reason for the sucess obvi it wasnt failure,1
Why would it be MAGA The right is the party that can control themselves Your people are the ones that screech every time they hear something they dont like,2
We are still holding key support Not a bearish bone in my body with MAGA,1
If you watch the clip that is not at all what Bill Biden did,1
Oh please nobody believes you But how would you be an expert in cognitive decline since you think Biden is sharp as a tack Dishonesty is your only policy Kamala Harris,2
Biden as well Thats why he wont resign,1
When Ukraine started drone striking Oil refineries inside russia Washington told Zelenskyy to stop these attacks cos they feared increased fuel costs around the globeguess what Zelenskyy didnt give a damn and the attacks continuedBiden is weak and his own allies mock him,2
If one would read the fine print one would see that the data for Bidens administration are projections not actual Comments concerns action,1
Theres nothing like a governor who leaves no room for misunderstandings By Joe Ron may get a MAGA hat yet Great job Governor DeSantis,1
I agree with you I cant afford to eat more than meal a day I have snacks instead of more meals Kamala is talking right now about her mother sitting at the kirchen table worrying about what bills to psy ITS THE SAME CRAP BIDEN SAID ABOUT HIS FATHER SITTING AT THE,2
Yea they should write MAGAin the end zones and on the backs of the helmets,1
So many costume ideas for Halloween now McDonalds fry guy last week Garbage man this week President next week,1
You mean like the Dan rather episode Or the minutes Kamala Harris cut and paste C BS,2
Says the party crying about Biden calling you garbage,1
A cochair of Donald Trumps transition team said Robert F Kennedy Jr wants access to federal health data so he can show vaccines are unsafe and lead to them being pulled from the market in a second Trump administration,1
LeBron James endorses Kamala Harris The choice is clear to me Los Angeles Lakers superstar LeBron James voiced his support for Vice President Kamala Harris Thursday saying the choice is clear to him,1
Donald Trump hates Democrats He hates Republicans He hates Independents He hates his followers too In fact they disgust him He hates the Rule of Law more than anything He has no love or counterbalance Hes pure cravings and impulse Pure id He is a narcissist,2
Have you heard of Kamala Harris,1
billion here billion there million the Biden administration is spending every last penny we have before Trump takes office Were broke America The Biden administration bankrupted America Were BROKE,2
So Kamala preaches unity but then Biden comes out and says what the DemoRATs ACTUALLY think of us How is there unity when you think half or more than half of the US citizenry is garbage How about us UNITE against YOU,2
I already sent in my absentee ballot for Donald Trump,1
So now that the kremlin has confirmed that Where the hell is the condemnation from republican leaders Mitch Graham Johnson Spineless little scared puppy dogs Disgusting Wake up MAGA youre going down the drain,2
Rubbish It wasnt worth the paper it was written on but it was worth it to your son in laws pocket As for peace You were in charge when wars raged in Syria amp Afghanistan Then you released dangerous Taliban amp made the withdrawal time impossible for Biden to effect properly,2
Conservative liberalism and liberal conservatism,1
America under Kamala Harris is is no longer affordable Car insurance is up Hotels are up Gas is up Fuel oil is up Transportation is up Electricity is up Baby food is up Rent is up Groceries are up,2
You need an ID to drive a car to drink alcohol to buy a gun but not to vote in any form of election And you really think the Biden admin are just sending illegals to swing states for no reason,0
Seriously unbelievable to see this recurring nonsense statement by Kamala Harris This is NOT how we want or need the President of the USA to talk Our President needs to be articulate by being clear concise amp using understandable statements This is nonsense talk,2
If Harris loses she and Biden along with Yellen and Powell will crash the economy to make it impossible for Trump to govern Red Flag this post,2
Vice President Kamala Harris and former President Donald Trump are both set to speak at rallies Halloween night in the Las Vegas Valley For the latest rally updates and other election news visit,1
The clown whistle during Kamalas speech rn is giving me life So very fitting so very intentional so very fuck HER,0
Serious question If Kamala wants a secure border forget the past years My question is why not do it right now What is Kamala waiting for Its the BidenHARRIS admin and shes the border czar,1
Ron DeSantis Fires Back at Kamala Harris Over Hurricane Controversy Political Tensions Heat Up,1
who wrote that article sounds like hot goss from the inquirer we know this race is hyper focused on keeping trump out and theres not going to be a b sanders this time around she unfort Is taking cues from biden as she is still vp we will have to press her postel,2
Well said Harriet After years of the Conservative Party lying to us on a daily basis it appears want to keep it business as usual rather than doing anything revolutionary like um telling the truth,2
Meanwhile GHB Clinton GWB Obama and Biden raped the country and reduced our freedomsand continue to attempt to reduce our freedoms today,2
Biden and Cuban are the gifts that keep on giving,1
Even if Kamala Harris offered me Id vote for Trump shes a threat to this country her and Biden see us as garbage,2
UPDATE Here we go again Arkansas Voting Machine wont Allow the Selection of Donald Trump but instead Switches it to Kamala Harris Faulkner County Arkansas,1
Poll on fox just came out There are still undecided and of registered republicans are leaning voting Kamala A point swing that could potentially go to Trump Maybe Maga people shouldnt insultpiss people offMaybe MAGA shouldnt give critics ammo R u triggered now,2
Bro took his teammates interview and spotlight to support maga Fun,1
In people waiting to enter the USA legally paid into social security and medicare while BidenHarris let millions of people walk into the country illegally,2
Donald Trump is describing himself,1
Yet theyll be the first ones to yell Bidens not helping us once Milton is gone,2
THEY ALREADY DISENFRANCHISED EVERY ELIGIBLE VOTER EVERYWHERE BY PULLING THE BAIT AND SWITCH TACTIC USED TO INSTALL KamalaNOT A SINGLE SOUL VOTED FOR KAMALA HARRIS NOT YOU NOT ME NO ONE NO ONE VOTED FOR Camel Hair TO HOLD THE OFFICE OF THE PRESIDENCY NO ONE REMEMBER THAT,2
the hunter biden laptop storyyyyyyyyylolyou are funny,1
President Biden Postpones Foreign Trip Due to Hurricane Milton President Joe Biden has postponed his planned trip to Germany and Angola as Hurricane Milton is expected to hit Florida,1
You CANADIANS ARE AMAZING Sending you MILLIONS of AMERICANS love amp appreciation to our caring Canadian neighbors There seems to be a DYNAMIC SHIFT today A HUGE BACKLASH against that lying Fascist Felon amp FOR VP KAMALA HARRIS We will celebrate her WIN together,2
local GOP sent me a voter recruiting text They started off by saying Kamala amp Biden think you are garbage Insta block Dont start with this kinda bullshit Give me something good useful information regarding what either party is for Hell start off with how Elon backs,2
Imagine buying into all the corporate media CIAFBI talking points and thinking trump is some dictator when youve had nothing but deranged war mongering from Cheney Clinton Bush Obama Biden amp Harris Where was all the dictator antics during Trumps st term Oh thats right,2
Clinton reminds the World of the contemptible and enduring failure of US Foreign interference Policy and US contempt for middleeast countries Is he like Biden so demented that he doesnt know what US has done in Gaza,2
Its called constitutional republic With separate powers and separate functions The legislative dictates laws The executive enforces them Where did the executive fail to enforce a law in your story BTW democrats tried to pass a bipartisan law rejected mostly by GOP,1
Why do all maga bitches look the same,0
Neither Kamala nor Trump will do anything to stop Israel just like Biden hasnt It makes little difference,2
Well support Israel and were going to protect them Donald Trump,1
Meanwhile Joe Biden Biting Babies,2
Kids need adult supervision until adulthood for their own safety and well being Billions for bombs and deaths describes the BidenHarris administration,2
Shes running against herself Lol but she cant get away from herself fast enough Remember her polling was so bad going into this year that they were trying to figure out a way to get her off Bidens ticket,2
That message might come off as a bit blunt but how are people still voting for Harris and Biden There must be a better way to change their minds rather than just calling them stupid That will only make people dig in their heels even more This is a human problem were,1
I can feel it smell it and keep calling it out Conservative voices speak loudly for the next days Make sure America understands whats at stake,1
She did before her and Biden pledged allegiance to israel,1
These beautiful souls will not get the chance to vote in our elections but you can vote for them President Donald J Trump,1
Kamala Harris promises to be the candidate of change while giving a speech from the DC swamp,2
But Mark Cuban suggests that strong intelligent women support a weak and dullish Average IQ candidate in Kamala Harris Really Mark That is the natural transition of your argument Really,2
Kamala Harris campaign surrogate the president of the United States called Trump supporters garbage,2
We will know in hrs if Biden really supports Harris for POTUS,1
The censoring of speech has happened under BidenHarris along with political dissidents being arrested You need to wake up,2
We did get rid of Trump in Then Kamala Harris and Joe Biden decided it was okay to participate in a genocide,2
Dear God please protect Florida from the path of Hurricane Milton Kamala Harris does NOT care Kamala cares more about drinking a Champagne Beer then helping people who dont have water How can ANYONE vote for her,2
Hey Mark I know you support Palestine but just so you know if you guys vote for her she would literally do more worst then Biden and trump did free,2
For Kamala Harris For a better America,1
Complete liarAll her campaign ads are a complete lieBoth her ampBiden increased the price of goods Gas Groceries Heating oil electricity Car insurance all bec of the worst inflation of since She will raise Medicare by to month She borrowed fromSS,2
Are you a part of the Biden Harris election fraud machine You sound like it,2
Sure aint a lot of GOP voters in Philadelphia,1
Donald Trump is running on revenge anger and hate Im worried that his message is resonating with the same types of Americans I pray we outnumber them,2
Former San Diego GOP chairs son arrested on weapons charges accused of threats against LGBTQ community,1
cry harder She is still part of the BidenHarris Administration,2
"Donald Trump is a piece of shit and Humanity is totally overrated. I can even agree with that Norse killer, Breivik there. That's a true statement that humanity is shit.",0
If offered a mildly conservative opposition instead of falling into lockstep with all this rubbish of esafety totalitarianism erasure of sexbased rights etc thegn he were would win by a landslide,2
DNC We needed Kamala to come up with a Caribbean accent on Colberts show tonight CNN Jamaica DNC No she did it of her own accord,1
Id imagine if Trump and Biden were at the golf course today that this is exactly how it would go down,1
RNC will carry her over the line,1
Attorney Harmeet Dhillon a conservative activist and popular figure in the MAGA movement takes the reins of the election integrity operation on the eve of the start of early voting in Arizona,1
The problem here is that most Americans and Israelis operate under the delusion that under the BidenHarris administration the US remains Israels ally when all along the opposite has been the case,1
If hunter biden paid his taxes That punk named Trump should not be getting delays Everyone else pays theirs,2
Lying Kamala just got told Millions of Americans got called garbage by her boss and she doesnt care at all,2
There was an interview with Donald Trump when he was years old and he describes everything thats happening in this election He didnt even want to be president back then Things have gotten so much worse without him People like you are blinded by hate and lies,2
Shes Just A Copy Of Him via is JUST LIKE and they STEAL from other speakers Kamala is so bad she REPEATS CONTINUALLY Bidens old speeches Time for a leader who can THINK and SPEAK all on his own,2
Havent hearddidnt know she was MAGA but I cant say Im surprised Never met her personally but shes from my city and when her son got killed she said some stuff that made me look at her kinda sideways But again she from ALABAMA that says it all,2
It was a script he read So yeah his people wanted him to say it Bidens staff hates Kamalas staff Obvious duh,2
Mr Elon Musk Please note that me and my wife early vote for Mr Donald Trump and all congressional GOP contestedBut where and when is our million payment will be receiving Thank and requesting to continue your support for Mr Trump Highly appreciated,1
Aww Harry are you hurting in your feels Upset because Biden took time out from eating ice cream and sleeping on the beach to insult half of the country,2
Biden set a new record for police killing people of color Worse than trump Gave cops more money than trump too Sorry you cant bully me into voting for genocidal far right fascists pretending to be democrats Go ask all those Liz Cheney republican voters for help like Hillary,0
Who cares Shes probably on the Diddy list and knows Trump will release it,2
Video speaks for itself Cringe Will Ferrell and Billy Eichner shout their support for Kamala Harris on the streets of NYC via,2
Hunter Biden laptop fact check says hello,1
They really gotta rename it to The October if youre right of center youre Hitler and every four years we try this bullshit on whoever the GOP candidate isnon surprise,2
What about the innocent girls that were killed because of illegals let in by Biden and Harris Cmon klfy tell all the stories,0
Yes one thing the government is known for is not prosecuting Donald Trump,1
BS What nationality are the people in this country illegally let in by BidenHarris and Mayorkas committing murder rape and extortion You should be able to figure it out Simon Sounds like the facts to me,2
So now Joe Biden matters again Meh,1
I know how did Dems vote for racist Biden,2
With Harris and Biden its been America last No more,1
You know its MAGA when they use the most feminine picture of a black man,0
LeBron James always makes the right move this time endorsing Kamala Harris for president,1
He can be goaded into just about anything I cant believe he isnt wearing an actual garbage can but theres still time Doe he know he isnt running against Biden lol,2
What administration at the time was pushing social distancing again MAGA memory gap,2
I will always tell the truth Unless you are asking about Joe Bidens mental decline and when I knew,2
Not one of those people on earth would ever think of voting for Biden Im not worried,1
I dont know anyone who will vote for Conservative again They can promise the earth No one believes their lies anymore,2
Do you need a list of Biden repeating lies Kamala as well or is this just about the mean orange man,2
Team Trump Demands Minutes Release Kamala Harriss Unedited Full Interview Transcript The Trump campaign called on CBS Newss Minutes to release its full unedited transcript with Vice President Kamala Harris The post Team,1
Ya know you originally said that Biden sued PR NOT a town in PR,1
So what BidenHarris received gtM votes the highest for any President in US history which was gtM votes over what Hillary gained in The reason for each is because the election had the highest turnout in years,1
Thats my bad I misread the one bio when researching the current members Either way is far from having them in his pocket Its equal to the amount appointed by Obama and Biden,1
These numbers vs Trump numbers are enough to prove something isnt quite right with our elections It was similar with Biden and consistent across all videos Youtube had to hide the Like button to cover The Democrats amp Riggers tracks So lopsided on all videos,1
Kamala WORD SALAD gone WILD will you be voting for Donald Trump or Kama via,2
But Donald Trump will say Climate change is a fake narrative used by people to stop the development of United States of America and West,1
Biden and Harris economy would be the only reason this would be true,1
Donald Trump is the marketing goat of all time with that garbage truck move,1
Aaron Rodgers is the Donald Trump of QBs,1
I like how you said Trump told Congress BidenHarris did not tell Congress they just did it Today a whistleblower says that FEMA has plenty of money If thats true then it should be used for the hurricane disaster,1
Donald Trump got more article judges confirmed than Biden What a fucking disgrace and have been,2
Donald Trump Putin y el COVID,1
Kamala Harris stands for nothing more than creating racism and bigotry within the community at level never seen if she sits in the White House all people of color race or Creed should think it through as to what shes creating And will cause,2
Last night Kamala delivered an historic speech people were here This is Donald trumps biggest wish To have REAL people,1
Dont hang on Bidens words just like youthe maga crowd reinterprets everything says Garbage refered to supporters like Hinchcliffe and jan clowns obviously,2
Trump had the border at about encounters a day Biden killed all the Trump border control on day one and then we watched those encounters run up to He blew it up with a pen he could have fixed it with one as well,2
Considering her recent support of Joe Biden Im not sure I would trust her assessment of anyone elses mental acuity,2
Its not bidens to give,1
So were people who had the same types of signs that said Trump instead of Biden garbage,1
Can I get my twitter back it got deleted for retweeting about hunter biden,1
All I gotta say is good luck Keeping your money if Kamala Harris wins shes gonna take all of it and both of you are gonna cry like little b when she does She loses youre still gonna lose all of it because youre gonna be going to prison,2
Hitler is definetly more joyful then Kamala harris,2
Haha you one of those pedocrats who supported Biden after you knew he molested his daughter Ashley Biden,0
You made your closing argument to millions of us when you refused to condemn Israels genocide terrorism amp Holocaust of Muslims amp vowed not to make any changes to the BidenHarris enthusiastic support of it I am voting for Jill Stein the patriotic peace candidate Pound sand,2
The election is days away and Kamala Harris is ranting about Adolf Hitler and January th,2
You are desperate Have you noticed that Kamala always cackles and rubs her nose,2
Theyll probably blame it on Biden for not dropping out sooner I could totally see them saying Biden shouldnt have run for a second term Kamala didnt have enough time to put together and run a good campaign on such short notice Or theyll somehow find a way to blame,1
Biden Say Put President Trump On Prison Trump Not RICIVE KG COCAIN ON White House Not MOLESTER IS ON DAUGHTER amp Other Media You Har The House Off The Top Prostitute Homosexual Like Hollywood You DEMOCRAT Luck BACK You ISTORY IS Only One Thing To Clean You Despicable On,0
Yall are really idiots Biden already signed a bill this year January is when it takes effect This is percent real,2
Maybe so but Obama and Biden have only had disastrous outcomes Ill take no harm no foul,2
Im well aware of Trumps timeline Im also quite aware that Biden delayed it once Why didnt he delay it again as opposed to letting the disaster move forward You need to keep track of all events not just the politically convenient ones,2
She will be fired as soon as ayatollah Biden leaves the White House and Donald Trump returns to power,2
Trump retaliates against people who insult him Why did Biden up and call of the country white supremacists that is YOUR SIDE domestic terrorists also your side see Summer of Love with deaths and over billion in damages Then garbage Show me where Trump EVER,2
Who cares TRUMP,1
There is nothing conservative about purveying in disinformation that may put lives in danger Being on Putins payroll doesnt make anyone a traitorit just makes them a paid agent of a foreign powerregistered or otherwise,2
Yeah I thought his view here was lowfunctioning It doesnt matter what Harris and Biden run on If elected shes in office for years and will do whatever she wants Her fake moderate posturing will be discarded in one week,2
Excuse me because I am a little stressed you know with all the God awful fascist Republican BS you are not reporting on but STOP with the Biden said they are garbage headlines Just stop it for Gods sake You have failed America by supporting fascist trump,2
American bombs with Biden approval They despise Arabic nations know nothing about their diversity morality or deep love of family It is the Administration of Hate,2
My children from Wisconsin Pennsylvania and Michigan you voted for Donald Trump in this means that Joe Biden called you garbage,2
Okay so this doesnt mean nothing yall didnt el accept that Biden had a mental issue problem so him confusing one number its not as bad as making bad decisions like Biden,2
Breaking News Elon Musk ADMITS that he amp Trump plan to TANK the US ECONOMY before TRYING to Gradually build it back up OVER YEARS,2
When fascist GOP liars are cornered about their toxic agenda they lie about not knowing whats being talked about Thats true about the criminal indictments against In fact I doubt that any of have bothered to read them but they still cry witch hunt without hesitation,2
The BidenHarris administration is trying to allow noncitizens to vote for our next President Were asking SCOTUS to put an end to this nonsense amp well continue to stand up amp protect the integrity of our elections,2
That the press holds these two candidates to completely different levels Harris and Biden before is held to a high high level and Trump to a very low level of scrutiny It is maddening,1
JD real talk does Donald Trump quiver with delight at all or just lay there like a sack of potatoes when you ram your tongue up his rusty cornhole,0
If theres one thing that can be said for Donald Trump its that he definitely has a sense of humor,1
In days President Trump and the American people are taking out the trash,2
Remember when the Republicans spent the last year suing Joe Biden in Murthy v Missouri and lost and said it was really bad that Biden threatened tech companies because they werent doing what he wants,1
Fulcrum Commentary by Joanne Lin President Joe Biden is once again not attending the ASEANUS Summit Though this is understandable given the upcoming election the US seems to be losing ground in Southeast Asia amid growing Chinese influence,1
Biden didnt walk it back He lied about what he said,2
All the Nick Bosa maga stuff is such easy Clickbait for people who want engagement that theyll act so disgusted and angry over it just to get engagement and clicks and likes for whatever platform theyre trying to push Dont ever get it twisted,1
What do you think of Harris and what did you think of Biden,1
The rig is in Abc already posted that Kamala Harris won Pennsylvania They will cheat at all costs Amazing how they have the actual number of votes isnt it Not just the percentages The rig is in,2
If Donald Trump inherits our great economy he will squandered it just like the last time he was president Not to mention the million immigrants he wants to deport will even further destroy our economy,2
Kamala Harris is incompetent A vote for Kamala is the end of freedom,2
Its not Joe Bidens fault that you are a reckless spender,2
Top non masculine males for Kamala Arnold Schwarzenegger Mark Cuban Joe Burrow Joe Biden Mike Pence lets pretend he is Bonus Caleb WilliamsLeChina James Kyler MurrayMagic JohnsonGabe Kapler Bruce Springsteen,1
Why is my Twitter feed suddenly filled with MAGA lunacy,2
He doesnt need one because hes Donald Trump baby,1
Bidens colorful nicknames for Trump and Netanyahu revealed in Bob Woodwards book,1
WTF is she on Kamala Harris frequent saying What can be unburdened by what has been was borrowed from Karl Marx The Communist Manifesto Look into MarxisM her fatherObama the other word she uses JOY all point too NWO Vote as if your life depends on it IT DOES,2
Kamala pretends she is a good judge of health after hiding Biden That dog dont hunt,2
Johnson Sis you not see the FUCKING MAGA WANTING TO TAKE OVER THE WHITE HOUSE BECAUSE YOUR FUCK BUDDY TRUMP TOLD THEM TO BE TGERE IN A REVOLT,2
Why is Lorcan listed as a US elections commentator when he is clearly head of training for The Communications Clinic a company that specialises in generating positive media coverage for individuals according to their own website Is this media manipulation,1
We are voting for Trump,1
Thanks Elon love that you are standing behind the only one who can save our country at this time of unrest Whisper in DTs ear that the American people need our boundaries as the BidenH TW campaign did not and do not agree with I feel bad for those kids and their toes,2
Biden didnt call his supporters garbage He said THAT ONE supporters garbage Biden even apologized for the misunderstanding Biden ALSO was using it as a counter and was defending Puerto Ricans,1
No Biden go back to bashing Kams,2
ANOTHER MEDIA HOAX General John Kelly Is LYING About Donald Trump Supposedly Praising Adolf Hitler Video via,2
Foot spurs does not know how to end a war Dems are a joke Trump is selling MAGA bibles shoes and watches Grifter MAGA thinks Haitians are eating pets and the Gov is creating Hurricanes Jan and being a convicted Felon and liable for sexual assault makes him unfit,0
Mark tells the good people by how many points did Trump voters outperform Biden voters on ED in in PA I believe and you can correct me it was points,1
and just welcomed Joe Biden with open arms a mere few days ago and were happy to have his endorsement Not a peep from them denouncing this insult to half the population from their mentorleader Im sure THEY think half the population are garbage too,2
Virginia GOP illegally trying to purge those minority legal voters too close to the election that would vote Democrat,1
This is part of the decline of MSNBC Here are Rachel Joy and Chris with his rapid speech impediment on air reporting on Kamala Harris and Rachel who has been MIA for this consequential election is promoting amp plugging a book for Chris Hayes as one of the best,2
Ron DeSantis refuses to take Harris call on Hurricane Helene via,1
Didnt he BidenHarris WH break their contract with Starlink But yet you are still willing to provide services to those in need You are incredibly kind,1
Great move comparing this genius employer with the criminal aliens pouring into your country courtesy of the Biden Harris puppet show of course,0
The dishonesty of these ObamaBidenHarris dems appears to be unlimited,2
Harris has no time for MAGAs pettiness Biden said what he said Deal with it and move on,2
Why does Kamala Harris support the abortion pill that is killing women,2
Thank you to everyone that has followed me I am following back ASAP amp I love the fact that we are supporting each other MAGA MAHA amp lets Make America Safe Again appreciate the boost of followers today You rock,1
Perfect For PedoPhil And he doesnt need to make CGIs of Donald Trump this time,0
I will never EVER understand why Trump was allowed to act unchallenged as if he were still President undermining Biden and NOT behind the scenes but openly brazenly,2
Joe Biden is perfectly fine by the wayfunctioning well doing his job no word salad no talking to flies no tantrums no problems at all Aint that a kick in the head,2
Question Why is the media holding Kamala Harris accountable for Bidens words when they decline to hold Trump accountable for his own words That seems like a bit of a double standard,1
As soon as the GOP finds a woman of the same caliber as DeSantis and Vance shell be the nominee Same applies to a black man Bachmann Cain Carson Fiorina Haley Scott all dramatically overperformed compared to where they would have been if they were white men,1
This is pretty rich coming from someone whos voting for the person so far up Zelenskas butt she could perform his colonoscopy And does the term reciprocal tariff ring a bell with you Theres a reason the BidenHarris administration KEPT the tariffs Trump implemented,2
George W Bushs Daughter Is Campaigning For Kamala Harris,1
Biden Added jobs last month growth since Biden took office Unbelievable growth Inflation back to normal gas prices LOW,1
The Russia Hoax Overtaking the government Ousting Biden and coronating Kamala I would say Covid but that would be too deep for you,2
Donald Trump Scores Epic Endorsement and Harris Should Be Worried,1
Biden was specifically calling out the comedian not all MAGA Yet trump has called dems communists marxists fascists radical libs etc etc etc etc etc etc MAGAs are SUCH hypocritical cry babies,2
only the BidenHarris administration assumed BidenHarris are Putins best friends,1
Is President Biden going to add more justices to the bench before he leaves office,1
Michigan Muslim Leaders Endorse Donald Trump He Promises Peace Not War,1
With all due respect you have no credibility on the world stage You and the rest of the Biden Harris Administration DEI hires should quietly fade into the sunset Let the adults in the room take over,0
Consider Bidens advice then do the opposite,1
This guy is the elephant in the room He is the POTUS and one of the most irrelevant persons in DC Lets talk about Joe Biden shall we,2
Netanyahu ordered the Israeli army last Thursday to stop bombing Beirut after the phone call with Biden,1
Amen May GOD Bless Donald Trump amp Elon Musk The Warrior Chiefs of the Free World,1
Surprised Me either Read Beauty queen says Donald Trump groped her at New York City pageant on SmartNews,1
Shes as bad as Donald Trump but without the charm,2
Luckily nobodys paying attention to Biden and Trumps garbage truck stunt is a selfown,2
As the United States approaches the presidential election with Vice President Kamala Harris and former President Donald Trump in a closely contested race Israel is experiencing significant military and political developments In the Middle East Israel has conducted,1
You dont think I can believe in patriotism and be an independent Ive voted for a democrat twice and third party several times prime is in reference to my kids birthday But guess you just want to defend Kamala as a registered republican even though shes done nothing but,1
Biden called all of us Trump supporters garbage Well at least we are all properly educated garbage and we arent aggressive like the donkeys and rhinos are,2
How dare you David Muir not say a word about Biden calling Trump supporters garbage Your news is incredibly BIASED GTH,2
Donald Trump has the best humor,1
He is the leader of what Biden calls human in addition to the names deplorable domestic terrorists Nazis and Fascists Seems like the Dems are showing their love Where is their joy They are angry while we have fun with they throw at us,2
Took a school bus filled to vote red Trump Have a nice day,1
Because they scare the daylights out of themGOP,1
Look into economic lag Biden was the one who really felt the brunt of the pandemic They both had it hard While I agree everything is so expensive nowadays it could be much worse All of Europe has crazy inflation from the pandemic thats worse than ours,1
The behavior of Democrats amp their foot soldiers is why Americans are going to reject a win for Kamala Harris Voters being denied the right to vote is a felony I believe as is throwing ballots on the roadside refusing to deliver them amp setting drop boxes on fire,2
I Really Trust Lara Loganamp President Trump I will Vote for President Trump However Lara I see this differentlyThe Democrats are Unafraid of MAGA and Are Cheating OvertlyBlatantly Out In The Open So I feel a Shift the other way like the Democrats Will Cheat Enough to Win,2
why would you believe anything she says that she will fix anything its her and Biden fault for all this she knew Helene was going to hit took her days to do anything,2
Prominent Feminist Author Former Advisor to Al Gores Campaign and Noted Intellectual Naomi Wolf Endorses Donald Trump for President via,1
If he was actually attacked by Donald Trump and by Donald Trump thugs as he says those people wouldve already been in jail Now if hes talking about namecalling he better grow a set,2
The Apprentice Contestants and Staffers Endorse Kamala Harris in Fiery AntiTrump Takedown An Erratic Leader with a Fragile Ego Latin Times,2
Ruff Musk said that after Biden Harris has people directing them to follow The government is just a puppet for the forces behind the scenes to control Ms Harris is also just following orders from a group of underground forces directing her,2
Kamala Harris left this terrorist in thankfully he was caught how many are out there that we dont know about that or a little smarter Theyre doing this to the cover their ass so if something does happen they can say we tried,0
Not the fact that senator JOE BIDEN was in full support of the wars in Iraq and Afghanistan and was completely aligned with the bush administration,2
the electoral college disenfranchises all of the MAGA patriots in California Abolish the electoral college now,2
And worked and paid your Taxes so people like Biden can get on TV and call you Garbage Sickening thats what they think of us,2
I dont live in of the states Brandon is speaking of but maybe you do Watch the front of the video if u cant stand The Spew part I understand amp btw rhetoric like theirs got Trump shot almost twice,2
Their names their heights their color of hair their spouses their children their choices of fooddrinks their age their laugh their pets his hatred of her Otherwise their policies are the same for shes been running this country under Bidens name,2
Trump is winning AZ NC amp PA,1
OBAMA BLACK MEN TURNING TO TRUMP AND NOT VOTING FOR KAMALA HARRIS IS UNACCEPTABLE DOES OBAMA THINK HES A KING OR DICTATOR THANKS TO DOPEY JOE HES ALREADY HAD A RD TERM,2
These are Donald Trumps key allies for a possible postelection fight via,1
Unless you survived Helene do not speak to this issue I DID survive and I KNOW everything Biden and Kamala have already done to help us rebuild Do NOT use WNC as a pawn for your lies,2
Biden had M Trump had M How is that possible Its because the US census beaureau themselves reported that there was M registered voters in the US M of those actually casted a ballot according to the Federal Election Committee,1
I almost did People dont realize how the Democratic Party made abortion clinics like convenience stores They set up in lower income areas amp make people think they are helping them In reality they are hurting the human race,2
BOSS MOVES PRESIDENT TRUMP HIRES MATT LOHMEIER RIGHT THE SPOT,1
Come on California MAGA If the rappers didnt cuss at the BidenHarriswaltz rallies YOU shouldnt either,2
On June as Benjamin Netanyahu continued his yearlong defiance of Joe Biden over the war in Gaza eight US House members and two staffers arrived at Tel Avivs luxurious Kempinski Hotel for a fourday immersion in Israeli politics,1
Either way Donald Trump or Kamala Harris Theyre both frauds Fuck Politics,2
The enemy within! Donald Trump is demonizing American patriots like he trashed our military calling them Suckers and Losers.,0
President Donald JTrump Read Full State of the United Union Transcript The Democrats have said since the beginning of all this Covid stuff that theyre going to do whatever it takes to get Trump out and I think that they have succeeded TRUMP,1
What a contemptible pathological narcissistic sociopath liar Everything that she says about Donald Trump it is whats true about her She is dividing the nation She is spreading hate She is making the false accusations Trump says shes stupid She is,2
Account and CPA here everyones marginal tax rate went down and standard deduction went up The only way your taxes went up is if your income went up which under Trump we had great wage growth He also lowered the cost of insulin and Joe Biden on day one ended all of trumps,1
I dont get it Theyre just giving the garbage rhetoric more steam Sure Biden said it but anyone looking up the headlines on it will see the MSG headlines and Trumps lines in his stump speeches Weird thing to double down on,2
Matt Gaetz voted against FEMA funding right before Hurricane Helene struck Biden saved Gaetz ass,2
MORE MURDERSRAPISTSBURGLERSTERRORISTS COMING TO YOUR TOWN COMPLIMENTS OF KAMALA HARRIS BORDER CZAR,0
In honor of Joe Biden and Kamala,1
Kamala is the WORD SALAD Queen Obama is an expresident Trump is the peoples chance to take our country back,2
Donald Trump is senile,2
Donald Trump expresident and current presidential candidate complimenting the size of a famous golf players manhood during his campaigning Any standard has left the building,1
You should have seen the Biden video on it last year,1
Trump is driving a garbage truck around to double down on his America is a garbage can comments because of immigration and media is calling it Bidens mistake I need go cry and consider what are best means to kill myself are Not sticking around for Trump terror Thank you,2
This should speak volumes to all MAGA being shown as the sham that it is,2
If you cant understand that simple tweet then I think it says more about your comprehension skills than it does about my tweet or Kamala Harris,2
Its because Biden called hisTrumps supporters garbage so his framing is false,2
How can Biden come back from this,1
A vote for Trump is a vote to hand the GOP reins over to a proabortion populist movement thats nothing more than a slightly watereddown version of the godless political party that you claim to oppose ProIVF Proabortion Progay marriage Prochild mutilation,2
Damn Kamala Harris had to lock the rally attendees inside was this so they didnt leave early,2
For those of you living in California or Tennessee Craig Huey puts out a great conservative voter guide specific to your county,1
DNC convention Hope they invited the RINOs,2
Dumbass that is not Kamala,2
Imagine being in the middle of a set on CNN of all networks and getting a breaking news cut to DONALD TRUMP IN A GARBAGE TRUCK Im rolling on the floor,1
Maga women will vote for Harris because of abortion but wont admit it to their Redneck Maga spouses In people were embarrassed to say theyll vote for Trump its the complete opposite now people are afraid to admit theyre not voting for Trump out of fear of retaliation,2
While the media call Trump racist fascist and white supremacist I cant help but leave this here Joe Biden who almost ALL British and American media supported calls Robert Byrn A member of his local KKK A friend a mentor and a guide,2
NEW The Trump campaign calls on Minutes to release the full unedited transcript of their interview with Kamala Harris after discrepancies were caught between the teaser clips and the full episode posted online This is the way,1
It comes down to who would you want to have the nuclear codes Biden or Putin via Trump,1
GREAT INTERVIEW TRUMP,1
Going to say it now for the record Got a feeling that the day after she loses Harris moves to get Biden removed That way she sneaks onto the historical presidential list and gets her revenge for Biden kneecapping her over and over The books from this administration though,2
It is me Kamala Harris,1
Think if Kamala Harris stop here for hrs it would boost the number Dont answer that She clearly care abt LA That way she would have to help you or feel guilty The game is to let LA remain red dont you know I aint saw those Deltas in weeks yelling are you registered,1
Biden are you fucking watching,2
Throughout her career Harris a woman of SouthAsian and Jamaican ethnicity has been several black firsts on the basis of her race and gender and now again as Bidens VP pick This has gained a spotlight on the global stage even though her mothers Tamil Brahmin upbringing,1
Where is Biden and his jacket,1
Perfect Probably the cheapest Halloween costume ever Thanks Biden Vote TrumpVance,1
As per usual accusing the Republicans of what they do We all know Biden wears em,2
Im tired of the lies Its common practice in churches andor Christians to pray over leaders This is from like a week ago with Kamala Harris,1
Thats understandable Especially in the BidenHarrisNewscum economies,2
Sorry what They hold conservative views on this issue and many other issues So of course he didnt vote with them I said he is happy to align as a group with anyone who shares his view on the Middle East regardless of their views on other key issues,1
You are aware amp have publicly confirmed contingency plans to challenge legitimacy November election if Donald Trump looses Reports suggest illegal procedures in CongressSenate,1
I guess you forgot all the things hes done about Hunter Biden The deal he made so the AG would withdraw investigation By the way thats a felony and he said it right on video,1
If you want to know what it was like living in Nazi Germany vote for Kamala Harris Im not kidding,2
Does Hollywood require actors to supportendorse Kamala Is this mandatory Will they lose their job if they dont wtf is going on,2
Cheers Enjoy your wine Hopefully Kamala Harris wins so Ukraine can at least receive some military aid And hopefully under her Presidency she allows long range weapons for UA And hopefully Ukraine wins asap then so you can sleep again like before the war,1
They are desperate to cheat for Trump and they will try any means to do it again The MAGA republicans doing these things should all be in prison for Federal crimes including identity theft of voters info,2
I just knew LeBron would endorse Kamala Harris I woke up ate my vitamins and went on with my day Something was in the air that made sense this would happen,1
And both Iraq and Afghanistan were actually started under a democratcarter fucked up by democratsclinton obama biden and made total failures by democratsevery one of them,2
I would consider kamala Harris putting thousands of people of color in prison for minor offenses to be stronger evidence of racism,2
Yes Most of all I would like to sue the DNC for not allowing RFJ Jr to run against Joe Then turn around with the bait and switch to a candidate that none of us voted fortalk about VOTER SUPPRESSION that is the DNC,1
The enemy within is Donald Trump,2
Dude nobody and I mean literally nobody even knows Joe Biden is still alive lol,2
Well that base will be at least million on Nov amp probably much higher than that so by all means keep calling us all dumbasswhich also makes no sense in any case since we are the party of woke education v the poorly educated MAGA,2
Jennifer Lopez sisters husbands best friends dog walker has endorsed Kamala Harris Well that changes everything,1
He did Everything Harris and Biden have done were to undo all the things Trump had in place Dont believe me Look at the executive orders Go read the inflation reduction act,1
Hunter Biden be betting on them boys,1
Trumps second blue collar job The Working Class President,1
SHAME ON YOU AntiDefamation League for not calling out Kamala Harris for her NaziHitler election rhetoric Comparing Israels and friend of Jews Trump to Hitler disrespects the terrible holocaust and Jewish hate Hitler and Nazis gruesomely displayed years ago SHAME,0
The Real Avengers President Donald J Trump JD Vance Elon Musk Robert F Kennedy Jr Vivek Ramaswamy Tulsi Gabbard Tucker Carlson Donald Trump Jr Eric Trump Lara Trump Melania Trump Barron Trump Plus many many others,1
No comment from Scott Mary Alice or anyone on wgrz on Biden calling Trump supporters Garbage Disgusting,2
The Harris campaigns playbook is exhaustingly simple Anyone supporting Donald Trump is Hitler Fascist Racist Nazi Threat to democracy All of the above Thats it Thats all theyve got And nobodys buying it,2
Biden said that not trump And youre going to prison soon,2
NOW Reuters reports Joe Biden bites a baby This man is a wreck You cant make this stuff up Meanwhile Trump is destroying it,2
Hes a part of the same global war mongering NWO swamp as Oboma H Bush Clintons Biden and Harris So no I wouldnt expect him to,2
Still fascinated by the leap the GOP made RomneygtTrump on trade Its a pretty dramatic existential leap Still curious about RomneygtTrump voters who wereare along for the ride enough to say we were wrong about free trade for years,1
do you not realize most antiabortionists are conservative Christians who believe sex should only occur between husband and wife We already do amp,1
Nobody embraces ambiguity like Kamala Harris Thats not a compliment,2
Bought my first MAGA hat today In the cloth mask I wore said TRUMP TRUMPVANCE sign will be available this week amp in my front yard,1
If Kamala was so bad why wasnt she was impeached I mean these are the same people who wanted to see hunters dic while trying to impeach Biden,2
No one tell him that Donald Trump wants to bring the draft back and Kamala doesnt facts and logic will only confuse and frighten him,1
"Mike Davis is the incarnation of Roy Cohn, with all of the hate, cunning and bigotry that made him the perfect attorney for not only Donald Trump, but for the drunken and notorious Senator from Wisconsin, Joseph McCarthy, who will share his putrid record with Donald Trump!",0
Didnt realize Joe Biden was on ballot,1
